series_id,area_code,item_code,seasonal,periodicity_code,base_code,base_period,series_title,footnote_codes,begin_year,begin_period,end_year,end_period,item_name,area_name,category,requested_area_code,fallback_to_national
CUUR0000SAF,0000,SAF,U,R,S,1982-84=100,"Food and beverages in U.S. city average, all urban consumers, not seasonally adjusted",nan,1967,M01,2026,M02,Food and beverages,U.S. city average,food_beverages,0000,False
CUUR0100SAF,0100,SAF,U,R,S,1982-84=100,"Food and beverages in Northeast urban, all urban consumers, not seasonally adjusted",nan,1977,M12,2026,M02,Food and beverages,Northeast,food_beverages,0100,False
CUUR0200SAF,0200,SAF,U,R,S,1982-84=100,"Food and beverages in Midwest urban, all urban consumers, not seasonally adjusted",nan,1977,M12,2026,M02,Food and beverages,Midwest,food_beverages,0200,False
CUUR0300SAF,0300,SAF,U,R,S,1982-84=100,"Food and beverages in South urban, all urban consumers, not seasonally adjusted",nan,1977,M12,2026,M02,Food and beverages,South,food_beverages,0300,False
CUUR0400SAF,0400,SAF,U,R,S,1982-84=100,"Food and beverages in West urban, all urban consumers, not seasonally adjusted",nan,1977,M12,2026,M02,Food and beverages,West,food_beverages,0400,False
CUUR0000SAH,0000,SAH,U,R,S,1982-84=100,"Housing in U.S. city average, all urban consumers, not seasonally adjusted",nan,1967,M01,2026,M02,Housing,U.S. city average,housing,0000,False
CUUR0100SAH,0100,SAH,U,R,S,1982-84=100,"Housing in Northeast urban, all urban consumers, not seasonally adjusted",nan,1977,M12,2026,M02,Housing,Northeast,housing,0100,False
CUUR0200SAH,0200,SAH,U,R,S,1982-84=100,"Housing in Midwest urban, all urban consumers, not seasonally adjusted",nan,1977,M12,2026,M02,Housing,Midwest,housing,0200,False
CUUR0300SAH,0300,SAH,U,R,S,1982-84=100,"Housing in South urban, all urban consumers, not seasonally adjusted",nan,1977,M12,2026,M02,Housing,South,housing,0300,False
CUUR0400SAH,0400,SAH,U,R,S,1982-84=100,"Housing in West urban, all urban consumers, not seasonally adjusted",nan,1977,M12,2026,M02,Housing,West,housing,0400,False
CUUR0000SA311,0000,SA311,U,R,S,1982-84=100,"Apparel less footwear in U.S. city average, all urban consumers, not seasonally adjusted",nan,1947,M01,2026,M02,Apparel less footwear,U.S. city average,apparel,0000,False
CUUR0000SA311,0000,SA311,U,R,S,1982-84=100,"Apparel less footwear in U.S. city average, all urban consumers, not seasonally adjusted",nan,1947,M01,2026,M02,Apparel less footwear,U.S. city average,apparel,0100,True
CUUR0000SA311,0000,SA311,U,R,S,1982-84=100,"Apparel less footwear in U.S. city average, all urban consumers, not seasonally adjusted",nan,1947,M01,2026,M02,Apparel less footwear,U.S. city average,apparel,0200,True
CUUR0000SA311,0000,SA311,U,R,S,1982-84=100,"Apparel less footwear in U.S. city average, all urban consumers, not seasonally adjusted",nan,1947,M01,2026,M02,Apparel less footwear,U.S. city average,apparel,0300,True
CUUR0000SA311,0000,SA311,U,R,S,1982-84=100,"Apparel less footwear in U.S. city average, all urban consumers, not seasonally adjusted",nan,1947,M01,2026,M02,Apparel less footwear,U.S. city average,apparel,0400,True
CUUR0000SAT,0000,SAT,U,R,S,1982-84=100,"Transportation in U.S. city average, all urban consumers, not seasonally adjusted",nan,1935,M03,2026,M02,Transportation,U.S. city average,transportation,0000,False
CUUR0100SAT,0100,SAT,U,R,S,1982-84=100,"Transportation in Northeast urban, all urban consumers, not seasonally adjusted",nan,1966,M12,2026,M02,Transportation,Northeast,transportation,0100,False
CUUR0200SAT,0200,SAT,U,R,S,1982-84=100,"Transportation in Midwest urban, all urban consumers, not seasonally adjusted",nan,1966,M12,2026,M02,Transportation,Midwest,transportation,0200,False
CUUR0300SAT,0300,SAT,U,R,S,1982-84=100,"Transportation in South urban, all urban consumers, not seasonally adjusted",nan,1966,M12,2026,M02,Transportation,South,transportation,0300,False
CUUR0400SAT,0400,SAT,U,R,S,1982-84=100,"Transportation in West urban, all urban consumers, not seasonally adjusted",nan,1966,M12,2026,M02,Transportation,West,transportation,0400,False
CUUR0000SAM,0000,SAM,U,R,S,1982-84=100,"Medical care in U.S. city average, all urban consumers, not seasonally adjusted",nan,1935,M03,2026,M02,Medical care,U.S. city average,medical_care,0000,False
CUUR0100SAM,0100,SAM,U,R,S,1982-84=100,"Medical care in Northeast urban, all urban consumers, not seasonally adjusted",nan,1977,M12,2026,M02,Medical care,Northeast,medical_care,0100,False
CUUR0200SAM,0200,SAM,U,R,S,1982-84=100,"Medical care in Midwest urban, all urban consumers, not seasonally adjusted",nan,1977,M12,2026,M02,Medical care,Midwest,medical_care,0200,False
CUUR0300SAM,0300,SAM,U,R,S,1982-84=100,"Medical care in South urban, all urban consumers, not seasonally adjusted",nan,1977,M12,2026,M02,Medical care,South,medical_care,0300,False
CUUR0400SAM,0400,SAM,U,R,S,1982-84=100,"Medical care in West urban, all urban consumers, not seasonally adjusted",nan,1977,M12,2026,M02,Medical care,West,medical_care,0400,False
CUUR0000SAR,0000,SAR,U,R,S,DECEMBER 1997=100,"Recreation in U.S. city average, all urban consumers, not seasonally adjusted",nan,1993,M01,2026,M02,Recreation,U.S. city average,recreation,0000,False
CUUR0100SAR,0100,SAR,U,R,S,DECEMBER 1997=100,"Recreation in Northeast urban, all urban consumers, not seasonally adjusted",nan,1997,M12,2026,M02,Recreation,Northeast,recreation,0100,False
CUUR0200SAR,0200,SAR,U,R,S,DECEMBER 1997=100,"Recreation in Midwest urban, all urban consumers, not seasonally adjusted",nan,1997,M12,2026,M02,Recreation,Midwest,recreation,0200,False
CUUR0300SAR,0300,SAR,U,R,S,DECEMBER 1997=100,"Recreation in South urban, all urban consumers, not seasonally adjusted",nan,1997,M12,2026,M02,Recreation,South,recreation,0300,False
CUUR0400SAR,0400,SAR,U,R,S,DECEMBER 1997=100,"Recreation in West urban, all urban consumers, not seasonally adjusted",nan,1997,M12,2026,M02,Recreation,West,recreation,0400,False
CUUR0000SAE,0000,SAE,U,R,S,DECEMBER 1997=100,"Education and communication in U.S. city average, all urban consumers, not seasonally adjusted",nan,1993,M01,2026,M02,Education and communication,U.S. city average,education_communication,0000,False
CUUR0100SAE,0100,SAE,U,R,S,DECEMBER 1997=100,"Education and communication in Northeast urban, all urban consumers, not seasonally adjusted",nan,1997,M12,2026,M02,Education and communication,Northeast,education_communication,0100,False
CUUR0200SAE,0200,SAE,U,R,S,DECEMBER 1997=100,"Education and communication in Midwest urban, all urban consumers, not seasonally adjusted",nan,1997,M12,2026,M02,Education and communication,Midwest,education_communication,0200,False
CUUR0300SAE,0300,SAE,U,R,S,DECEMBER 1997=100,"Education and communication in South urban, all urban consumers, not seasonally adjusted",nan,1997,M12,2026,M02,Education and communication,South,education_communication,0300,False
CUUR0400SAE,0400,SAE,U,R,S,DECEMBER 1997=100,"Education and communication in West urban, all urban consumers, not seasonally adjusted",nan,1997,M12,2026,M02,Education and communication,West,education_communication,0400,False
CUUR0000SAG,0000,SAG,U,R,S,1982-84=100,"Other goods and services in U.S. city average, all urban consumers, not seasonally adjusted",nan,1967,M01,2026,M02,Other goods and services,U.S. city average,other_goods_services,0000,False
CUUR0100SAG,0100,SAG,U,R,S,1982-84=100,"Other goods and services in Northeast urban, all urban consumers, not seasonally adjusted",nan,1977,M12,2026,M02,Other goods and services,Northeast,other_goods_services,0100,False
CUUR0200SAG,0200,SAG,U,R,S,1982-84=100,"Other goods and services in Midwest urban, all urban consumers, not seasonally adjusted",nan,1977,M12,2026,M02,Other goods and services,Midwest,other_goods_services,0200,False
CUUR0300SAG,0300,SAG,U,R,S,1982-84=100,"Other goods and services in South urban, all urban consumers, not seasonally adjusted",nan,1977,M12,2026,M02,Other goods and services,South,other_goods_services,0300,False
CUUR0400SAG,0400,SAG,U,R,S,1982-84=100,"Other goods and services in West urban, all urban consumers, not seasonally adjusted",nan,1977,M12,2026,M02,Other goods and services,West,other_goods_services,0400,False
