state,state_name,year,rpp_all_items,rpp_goods,rpp_housing_services,rpp_other_services,rpp_utilities
0,United States,2013,100.0,99.573,100.37,100.245,98.672
0,United States,2014,100.0,99.586,100.386,100.238,98.557
0,United States,2015,100.0,99.583,100.419,100.221,98.486
0,United States,2016,100.0,99.583,100.389,100.219,98.518
0,United States,2017,100.0,99.563,100.43,100.218,98.535
1,Alabama,2013,90.324,96.222,61.409,99.949,93.467
1,Alabama,2014,90.175,96.253,59.913,99.939,94.27
1,Alabama,2015,89.741,95.222,59.246,100.041,94.682
1,Alabama,2016,90.609,96.055,60.511,100.582,94.749
1,Alabama,2017,90.065,95.483,61.118,98.995,93.702
2,Alaska,2013,102.052,100.142,114.823,99.551,118.265
2,Alaska,2014,102.386,99.883,116.652,100.17,112.924
2,Alaska,2015,103.287,104.376,114.548,99.812,116.966
2,Alaska,2016,104.073,107.412,108.72,100.713,123.388
2,Alaska,2017,104.833,107.706,109.38,101.755,123.106
4,Arizona,2013,98.441,97.602,93.617,100.928,99.019
4,Arizona,2014,97.944,97.741,92.74,99.873,100.348
4,Arizona,2015,97.865,98.517,93.772,98.67,101.048
4,Arizona,2016,98.622,97.834,92.448,101.545,97.467
4,Arizona,2017,97.915,97.225,93.527,99.881,98.97
5,Arkansas,2013,89.493,95.382,59.938,99.773,81.468
5,Arkansas,2014,89.395,94.764,60.244,99.863,81.277
5,Arkansas,2015,89.013,93.983,59.372,99.54,84.454
5,Arkansas,2016,89.298,94.932,59.309,99.539,83.698
5,Arkansas,2017,88.561,94.536,57.639,98.14,83.143
6,California,2013,109.667,104.288,155.709,101.796,121.446
6,California,2014,109.926,104.339,157.935,101.899,128.277
6,California,2015,110.685,105.536,158.044,102.75,129.312
6,California,2016,109.956,104.385,160.083,101.909,129.462
6,California,2017,110.998,104.466,162.521,103.26,130.666
8,Colorado,2013,103.099,101.018,118.014,101.03,83.488
8,Colorado,2014,103.068,100.171,120.756,100.041,96.816
8,Colorado,2015,103.048,99.748,123.873,99.814,89.158
8,Colorado,2016,102.716,99.775,126.18,98.534,89.326
8,Colorado,2017,102.946,99.531,128.889,98.76,86.066
9,Connecticut,2013,107.731,104.271,129.56,103.589,134.234
9,Connecticut,2014,107.015,103.392,127.716,103.196,135.62
9,Connecticut,2015,107.536,103.167,132.47,103.319,139.094
9,Connecticut,2016,107.477,103.557,127.433,104.028,142.796
9,Connecticut,2017,107.228,104.422,121.44,104.394,144.606
10,Delaware,2013,98.624,97.113,98.895,98.938,111.723
10,Delaware,2014,99.708,95.653,103.868,100.98,105.0
10,Delaware,2015,97.913,97.123,95.175,98.975,103.984
10,Delaware,2016,98.478,98.6,94.403,99.472,102.975
10,Delaware,2017,98.499,96.472,94.651,100.859,101.969
11,District of Columbia,2013,113.521,110.758,174.258,105.099,113.939
11,District of Columbia,2014,114.242,105.512,191.339,106.878,109.776
11,District of Columbia,2015,113.321,105.684,178.359,106.848,113.368
11,District of Columbia,2016,112.415,106.386,184.558,104.743,113.09
11,District of Columbia,2017,110.146,104.525,176.946,102.861,111.63
12,Florida,2013,100.742,98.609,107.43,100.268,93.632
12,Florida,2014,100.894,98.324,108.212,100.5,95.317
12,Florida,2015,101.29,97.424,109.263,101.798,92.394
12,Florida,2016,101.087,97.541,109.395,101.337,89.913
12,Florida,2017,100.871,98.383,110.485,100.108,87.462
13,Georgia,2013,94.868,97.869,79.38,98.544,97.684
13,Georgia,2014,94.962,97.245,79.43,99.069,96.783
13,Georgia,2015,94.717,97.006,80.455,98.04,98.421
13,Georgia,2016,94.991,97.199,81.228,98.261,98.093
13,Georgia,2017,95.275,97.164,81.731,98.57,99.431
15,Hawaii,2013,112.319,108.988,153.495,100.886,209.999
15,Hawaii,2014,110.596,109.052,146.484,99.723,195.343
15,Hawaii,2015,111.504,110.683,153.726,99.773,176.909
15,Hawaii,2016,109.901,112.285,139.348,99.146,168.692
15,Hawaii,2017,110.466,112.606,149.674,98.274,169.979
16,Idaho,2013,93.681,96.344,78.704,99.754,80.955
16,Idaho,2014,93.691,97.152,76.943,99.691,82.292
16,Idaho,2015,94.281,100.282,74.196,99.426,83.517
16,Idaho,2016,92.998,99.595,73.849,97.022,84.472
16,Idaho,2017,94.518,101.143,74.138,99.527,79.73
17,Illinois,2013,100.175,99.895,103.047,100.675,81.253
17,Illinois,2014,99.697,100.479,102.823,99.025,88.405
17,Illinois,2015,98.903,98.589,103.287,98.408,89.374
17,Illinois,2016,99.498,98.196,101.386,100.219,89.688
17,Illinois,2017,100.254,100.055,99.945,100.888,91.414
18,Indiana,2013,92.881,97.183,75.785,96.741,86.136
18,Indiana,2014,92.638,98.24,75.103,95.799,84.447
18,Indiana,2015,91.415,97.62,73.773,94.003,85.214
18,Indiana,2016,91.346,96.926,72.608,94.845,83.718
18,Indiana,2017,90.875,95.883,72.819,94.012,88.226
19,Iowa,2013,90.853,95.854,71.739,94.665,85.946
19,Iowa,2014,90.97,96.853,72.076,94.32,83.066
19,Iowa,2015,89.528,96.843,70.031,91.942,82.24
19,Iowa,2016,89.439,95.838,70.951,92.216,82.903
19,Iowa,2017,89.213,94.906,72.78,91.218,87.435
20,Kansas,2013,92.606,96.248,74.998,96.517,89.501
20,Kansas,2014,93.138,96.962,74.101,97.525,87.648
20,Kansas,2015,92.814,97.364,75.063,95.946,90.461
20,Kansas,2016,92.059,96.419,73.441,95.616,92.719
20,Kansas,2017,91.555,95.819,73.166,94.796,96.879
21,Kentucky,2013,90.892,95.005,66.136,99.145,82.736
21,Kentucky,2014,91.063,95.094,65.519,99.055,85.353
21,Kentucky,2015,90.733,94.15,66.279,98.518,85.808
21,Kentucky,2016,90.676,95.35,64.29,98.401,85.654
21,Kentucky,2017,89.985,94.645,63.68,97.334,85.563
22,Louisiana,2013,92.927,96.202,72.151,100.141,79.978
22,Louisiana,2014,93.401,96.422,73.138,100.127,80.7
22,Louisiana,2015,92.834,95.422,71.514,100.446,79.066
22,Louisiana,2016,93.6,96.084,72.914,101.099,78.565
22,Louisiana,2017,92.364,95.813,70.992,99.195,77.806
23,Maine,2013,98.329,98.386,89.816,100.848,117.851
23,Maine,2014,92.521,98.156,70.452,96.661,120.769
23,Maine,2015,95.879,99.321,77.047,99.991,121.375
23,Maine,2016,97.216,98.938,83.781,100.433,122.125
23,Maine,2017,97.559,100.18,79.199,102.193,124.069
24,Maryland,2013,108.527,104.634,137.389,103.031,107.899
24,Maryland,2014,107.879,102.746,136.301,103.67,102.889
24,Maryland,2015,107.913,101.972,131.505,105.14,107.204
24,Maryland,2016,107.222,102.398,128.755,103.859,114.099
24,Maryland,2017,106.75,101.884,127.738,103.84,108.734
25,Massachusetts,2013,103.298,100.805,129.121,98.755,115.454
25,Massachusetts,2014,104.533,103.958,129.893,99.355,109.978
25,Massachusetts,2015,105.086,102.157,130.005,101.021,117.737
25,Massachusetts,2016,108.161,103.74,130.539,104.943,133.16
25,Massachusetts,2017,107.406,103.829,130.6,103.285,148.837
26,Michigan,2013,95.192,98.372,82.703,96.989,105.923
26,Michigan,2014,95.473,98.564,83.341,97.448,99.348
26,Michigan,2015,93.713,97.752,80.739,95.251,99.434
26,Michigan,2016,93.637,97.712,82.391,94.577,100.023
26,Michigan,2017,92.727,97.334,80.997,93.358,101.165
27,Minnesota,2013,97.458,98.471,94.854,98.257,85.879
27,Minnesota,2014,98.307,100.985,93.047,98.919,87.169
27,Minnesota,2015,97.678,100.125,97.248,96.97,86.076
27,Minnesota,2016,97.192,98.404,95.285,97.364,90.175
27,Minnesota,2017,96.739,100.046,95.364,95.565,90.611
28,Mississippi,2013,88.902,94.648,59.591,99.389,85.353
28,Mississippi,2014,88.96,94.155,59.13,99.557,88.63
28,Mississippi,2015,88.264,93.449,58.588,98.754,90.073
28,Mississippi,2016,88.489,94.386,59.115,98.426,85.786
28,Mississippi,2017,87.737,93.817,59.06,96.698,87.168
29,Missouri,2013,92.807,96.793,75.047,96.626,87.886
29,Missouri,2014,93.351,97.63,73.341,98.273,83.074
29,Missouri,2015,92.262,97.376,73.226,95.748,87.95
29,Missouri,2016,91.676,96.286,72.324,95.648,85.241
29,Missouri,2017,91.735,96.021,70.61,96.305,89.967
30,Montana,2013,92.88,95.917,71.848,99.697,84.682
30,Montana,2014,95.152,97.224,81.226,99.663,84.208
30,Montana,2015,94.974,101.35,73.85,99.416,85.852
30,Montana,2016,93.862,101.872,73.095,96.729,86.962
30,Montana,2017,94.202,101.905,70.523,99.245,83.182
31,Nebraska,2013,91.812,95.911,73.539,95.631,82.213
31,Nebraska,2014,91.757,96.98,73.4,95.271,78.656
31,Nebraska,2015,91.166,97.115,75.41,93.089,80.092
31,Nebraska,2016,90.767,96.175,74.314,93.286,79.393
31,Nebraska,2017,89.807,95.104,72.486,92.431,82.221
32,Nevada,2013,99.84,97.536,101.797,101.041,97.213
32,Nevada,2014,99.184,96.409,97.81,101.479,105.481
32,Nevada,2015,98.592,96.031,98.742,100.165,104.174
32,Nevada,2016,97.191,95.204,97.795,98.651,93.145
32,Nevada,2017,99.854,99.586,100.174,100.6,88.699
33,New Hampshire,2013,102.79,99.348,123.591,98.954,123.945
33,New Hampshire,2014,102.091,101.514,115.328,98.297,126.594
33,New Hampshire,2015,103.98,101.145,119.65,100.794,131.023
33,New Hampshire,2016,105.096,101.622,112.567,104.341,137.12
33,New Hampshire,2017,105.78,101.773,119.647,103.462,143.76
34,New Jersey,2013,108.83,104.746,147.491,101.668,122.733
34,New Jersey,2014,109.032,101.977,147.535,104.421,111.181
34,New Jersey,2015,108.973,103.792,145.268,103.862,107.421
34,New Jersey,2016,109.059,103.487,145.621,103.888,112.006
34,New Jersey,2017,109.298,101.766,140.544,106.467,110.571
35,New Mexico,2013,95.574,97.562,81.303,100.075,93.33
35,New Mexico,2014,95.471,97.105,80.342,100.326,98.051
35,New Mexico,2015,95.396,98.406,78.836,99.798,95.292
35,New Mexico,2016,94.46,97.973,79.345,97.98,92.143
35,New Mexico,2017,95.721,100.796,77.872,99.528,92.414
36,New York,2013,109.724,107.37,135.954,104.143,133.835
36,New York,2014,108.853,107.739,135.794,102.705,130.395
36,New York,2015,109.583,108.129,134.327,104.363,123.178
36,New York,2016,110.086,107.952,133.736,105.415,124.48
36,New York,2017,109.988,108.293,130.961,105.571,128.567
37,North Carolina,2013,93.732,96.004,75.954,100.023,89.837
37,North Carolina,2014,93.826,95.71,76.334,100.165,90.377
37,North Carolina,2015,93.588,94.962,75.763,100.302,90.959
37,North Carolina,2016,93.801,95.864,74.661,100.702,88.401
37,North Carolina,2017,93.025,95.682,75.488,98.842,85.352
38,North Dakota,2013,92.225,95.604,80.067,94.658,74.914
38,North Dakota,2014,92.45,97.361,78.426,94.651,73.304
38,North Dakota,2015,91.063,97.317,78.073,92.072,74.147
38,North Dakota,2016,91.588,96.031,86.058,91.46,74.92
38,North Dakota,2017,88.664,94.65,71.547,91.134,77.183
39,Ohio,2013,93.26,96.956,77.571,95.958,95.003
39,Ohio,2014,93.019,97.217,75.489,96.144,91.862
39,Ohio,2015,92.218,96.66,75.578,94.766,91.318
39,Ohio,2016,92.333,96.145,75.118,95.78,88.45
39,Ohio,2017,91.931,95.314,74.957,95.421,89.0
40,Oklahoma,2013,91.527,96.01,67.247,99.631,81.647
40,Oklahoma,2014,91.825,95.981,67.83,99.713,83.861
40,Oklahoma,2015,91.369,94.964,66.381,99.873,85.208
40,Oklahoma,2016,91.514,95.757,66.082,100.108,84.912
40,Oklahoma,2017,90.881,95.509,66.049,98.546,83.622
41,Oregon,2013,100.175,98.463,101.673,101.649,89.528
41,Oregon,2014,99.745,99.041,103.019,99.428,95.346
41,Oregon,2015,101.119,99.119,105.383,101.235,99.399
41,Oregon,2016,99.593,100.373,106.485,97.148,95.983
41,Oregon,2017,101.474,100.226,110.214,99.988,94.516
42,Pennsylvania,2013,97.836,98.229,88.954,99.639,110.385
42,Pennsylvania,2014,97.207,98.36,88.693,98.694,102.342
42,Pennsylvania,2015,98.147,100.482,88.932,99.187,103.627
42,Pennsylvania,2016,97.767,100.31,87.869,98.811,105.309
42,Pennsylvania,2017,99.102,99.933,87.853,101.522,108.429
44,Rhode Island,2013,101.446,97.323,108.805,100.91,121.608
44,Rhode Island,2014,100.26,97.201,113.808,97.544,125.449
44,Rhode Island,2015,102.014,98.646,113.131,100.065,129.569
44,Rhode Island,2016,101.59,98.393,108.077,100.698,131.393
44,Rhode Island,2017,102.403,99.268,106.712,102.047,130.893
45,South Carolina,2013,93.299,95.97,74.309,99.876,94.668
45,South Carolina,2014,93.231,96.143,73.41,99.748,97.359
45,South Carolina,2015,93.32,95.117,74.555,100.155,97.76
45,South Carolina,2016,93.636,95.903,73.918,100.682,96.897
45,South Carolina,2017,92.84,95.608,74.01,98.974,94.525
46,South Dakota,2013,90.181,95.8,68.292,95.074,80.191
46,South Dakota,2014,89.357,97.203,62.65,94.916,78.946
46,South Dakota,2015,87.799,96.979,62.178,91.949,79.767
46,South Dakota,2016,87.282,95.813,62.101,91.57,80.929
46,South Dakota,2017,87.223,94.622,64.719,90.94,83.078
47,Tennessee,2013,92.994,96.071,73.461,99.871,82.024
47,Tennessee,2014,92.785,96.091,71.926,99.801,84.161
47,Tennessee,2015,92.812,95.058,72.763,100.107,83.838
47,Tennessee,2016,93.81,95.944,74.561,100.787,83.393
47,Tennessee,2017,93.04,95.595,75.14,98.909,82.109
48,Texas,2013,98.134,97.571,91.435,101.03,95.703
48,Texas,2014,98.437,97.36,93.567,101.137,94.863
48,Texas,2015,98.291,97.124,93.957,101.073,91.057
48,Texas,2016,98.078,98.439,95.552,98.992,91.923
48,Texas,2017,97.435,97.129,95.243,98.907,88.022
49,Utah,2013,98.587,97.675,98.038,100.321,87.777
49,Utah,2014,97.937,96.747,94.981,100.51,90.979
49,Utah,2015,97.636,97.206,93.617,99.736,92.68
49,Utah,2016,97.091,95.478,98.99,98.139,90.661
49,Utah,2017,98.721,99.187,95.621,100.25,85.114
50,Vermont,2013,100.424,98.244,98.652,101.359,133.008
50,Vermont,2014,97.937,98.011,96.902,97.21,127.886
50,Vermont,2015,100.029,98.977,98.901,100.214,126.637
50,Vermont,2016,98.224,98.68,87.117,100.732,130.198
50,Vermont,2017,100.337,99.515,93.296,102.197,130.022
51,Virginia,2013,103.523,101.285,115.836,101.848,92.476
51,Virginia,2014,103.454,98.971,115.23,103.591,92.911
51,Virginia,2015,103.57,98.594,114.868,104.095,94.534
51,Virginia,2016,102.777,99.194,111.762,102.895,94.102
51,Virginia,2017,101.222,98.619,110.862,100.563,91.54
53,Washington,2013,102.482,100.95,115.006,100.482,92.131
53,Washington,2014,103.92,102.235,117.885,101.84,90.407
53,Washington,2015,104.4,103.556,119.584,101.25,95.312
53,Washington,2016,105.56,102.713,123.093,103.069,93.6
53,Washington,2017,107.035,105.885,125.5,103.495,92.699
54,West Virginia,2013,90.246,95.511,60.47,100.129,81.2
54,West Virginia,2014,89.864,95.089,59.326,100.413,80.776
54,West Virginia,2015,90.557,94.391,61.693,100.22,86.277
54,West Virginia,2016,89.805,95.363,59.156,99.449,90.779
54,West Virginia,2017,88.966,94.443,58.609,97.566,88.271
55,Wisconsin,2013,93.89,96.073,82.525,96.063,98.318
55,Wisconsin,2014,93.799,96.838,80.63,96.146,95.922
55,Wisconsin,2015,93.287,98.396,81.187,93.85,96.714
55,Wisconsin,2016,93.173,97.334,79.261,95.058,96.674
55,Wisconsin,2017,93.531,97.379,81.943,94.745,96.992
56,Wyoming,2013,97.347,97.752,89.988,100.437,84.639
56,Wyoming,2014,97.404,97.779,91.417,99.94,86.798
56,Wyoming,2015,96.941,100.982,83.272,99.646,89.284
56,Wyoming,2016,97.747,101.786,90.64,98.159,90.307
56,Wyoming,2017,97.146,102.111,82.623,99.877,87.715
