"QYEAR","NEWID","SEQNO","ALCNO","REC_ORIG","QFRT3MCX","QFRT_MCX","QREP3MCX","QREP_MCX"
"20131",2512735,35,0,"1",35,"D",.,"A"
"20131",2516805,19,0,"1",.,"A",.,"A"
"20131",2516865,34,0,"1",.,"A",300,"D"
"20131",2529335,34,0,"1",.,"A",249,"D"
"20131",2529535,16,0,"1",1560,"D",.,"A"
"20131",2530415,16,0,"1",.,"A",17,"D"
"20131",2532245,41,0,"1",.,"A",1350,"D"
"20131",2534805,29,0,"1",.,"A",30,"D"
"20131",2535995,15,0,"1",.,"A",.,"A"
"20131",2536425,27,0,"1",.,"A",0,"D"
"20131",2537035,31,0,"1",.,"A",0,"D"
"20131",2539395,31,0,"1",.,"A",0,"D"
"20131",2539875,16,0,"1",.,"A",.,"A"
"20131",2540345,36,0,"1",.,"A",1475,"D"
"20131",2546294,37,0,"1",.,"A",150,"D"
"20131",2546734,31,0,"1",.,"A",740,"D"
"20131",2547654,17,0,"1",0,"D",.,"A"
"20131",2551154,18,0,"1",.,"A",30,"D"
"20131",2554634,19,0,"1",306,"D",.,"A"
"20131",2556344,24,0,"1",0,"D",.,"A"
"20131",2557184,31,0,"1",.,"A",16,"D"
"20131",2558114,23,0,"1",.,"A",2,"D"
"20131",2558164,18,0,"1",180,"D",.,"A"
"20131",2558454,18,0,"1",.,"A",20,"D"
"20131",2564724,14,0,"1",.,"A",.,"A"
"20131",2565144,32,0,"1",240,"D",.,"A"
"20131",2567424,27,0,"1",1057,"D",.,"A"
"20131",2574674,31,0,"1",.,"A",0,"D"
"20131",2575354,28,0,"1",.,"A",50,"D"
"20131",2577654,29,0,"1",.,"A",15,"D"
"20131",2578893,16,0,"1",.,"A",75,"D"
"20131",2579143,31,0,"1",.,"A",35,"D"
"20131",2580083,22,0,"1",279,"D",.,"A"
"20131",2588933,26,0,"1",.,"A",50,"D"
"20131",2591483,28,0,"1",.,"A",480,"D"
"20131",2601283,14,0,"1",.,"A",.,"A"
"20131",2603513,19,0,"1",480,"D",.,"A"
"20131",2610953,43,0,"1",.,"A",0,"D"
"20131",2611213,34,0,"1",.,"A",60,"D"
"20131",2612673,36,0,"1",.,"A",0,"D"
"20131",2613202,22,0,"1",910,"D",.,"A"
"20131",2616212,25,0,"1",345,"D",.,"A"
"20131",2616832,28,0,"1",.,"A",350,"D"
"20131",2619022,16,0,"1",0,"D",.,"A"
"20131",2621702,15,0,"1",.,"A",44,"D"
"20131",2624492,38,0,"1",.,"A",0,"D"
"20131",2624792,18,0,"1",.,"A",100,"D"
"20131",2625742,19,0,"1",535,"D",.,"A"
"20131",2626792,19,0,"1",528,"D",.,"A"
"20131",2628012,19,0,"1",.,"A",.,"A"
"20131",2630282,21,0,"1",.,"A",0,"D"
"20131",2630702,29,0,"1",.,"A",192,"D"
"20131",2633822,31,0,"1",.,"A",900,"D"
"20131",2635452,40,0,"1",300,"D",.,"A"
"20131",2636892,14,0,"1",.,"A",.,"A"
"20131",2637812,16,0,"1",.,"A",6,"D"
"20131",2640185,16,0,"1",56,"D",.,"A"
"20131",2646572,18,0,"1",.,"A",150,"D"
"20131",2668055,33,0,"1",1620,"D",.,"A"
"20131",2677263,27,0,"1",.,"A",200,"D"
"20132",2545815,18,0,"1",.,"A",17,"D"
"20132",2548155,6,0,"1",.,"A",0,"D"
"20132",2554035,13,0,"1",.,"A",174,"D"
"20132",2554635,8,0,"1",306,"D",.,"A"
"20132",2556345,4,0,"1",0,"D",.,"A"
"20132",2556805,6,0,"1",.,"A",30,"D"
"20132",2557425,3,0,"1",448,"D",.,"A"
"20132",2557455,3,0,"1",.,"A",120,"D"
"20132",2560405,1,0,"1",.,"A",.,"A"
"20132",2562325,15,0,"1",.,"A",350,"D"
"20132",2562375,6,0,"1",.,"A",300,"D"
"20132",2567095,27,0,"1",.,"A",40,"D"
"20132",2579724,1,0,"1",0,"D",.,"A"
"20132",2580764,8,0,"1",260,"D",.,"A"
"20132",2581254,4,0,"1",.,"A",600,"D"
"20132",2584454,7,0,"1",.,"A",1000,"D"
"20132",2585974,2,0,"1",.,"A",50,"D"
"20132",2588304,8,0,"1",.,"A",100,"D"
"20132",2588904,6,0,"1",.,"A",179,"D"
"20132",2591484,6,0,"1",.,"A",150,"D"
"20132",2591734,12,0,"1",.,"A",10,"D"
"20132",2592284,8,0,"1",441,"D",.,"A"
"20132",2592734,7,0,"1",.,"A",150,"D"
"20132",2595424,14,0,"1",.,"A",20,"D"
"20132",2596294,13,0,"1",.,"A",60,"D"
"20132",2598914,5,0,"1",.,"A",0,"D"
"20132",2603604,12,0,"1",.,"A",0,"D"
"20132",2604554,10,0,"1",.,"A",150,"D"
"20132",2606574,24,0,"1",.,"A",15,"D"
"20132",2607894,7,0,"1",.,"A",2500,"D"
"20132",2611594,8,0,"1",.,"A",596,"D"
"20132",2614543,5,0,"1",.,"A",15,"D"
"20132",2615903,2,0,"1",.,"A",101,"D"
"20132",2617783,4,0,"1",.,"A",0,"D"
"20132",2620283,9,0,"1",400,"D",.,"A"
"20132",2621323,14,0,"1",.,"A",200,"D"
"20132",2621623,11,0,"1",135,"D",.,"A"
"20132",2622063,1,0,"1",750,"D",.,"A"
"20132",2626763,9,0,"1",.,"A",.,"A"
"20132",2626793,1,0,"1",789,"D",.,"A"
"20132",2627793,5,0,"1",.,"A",60,"D"
"20132",2628013,6,0,"1",.,"A",.,"A"
"20132",2629433,25,0,"1",.,"A",0,"D"
"20132",2633823,9,0,"1",.,"A",50,"D"
"20132",2636893,1,0,"1",.,"A",.,"A"
"20132",2637463,16,0,"1",.,"A",200,"D"
"20132",2638883,12,0,"1",.,"A",900,"D"
"20132",2642203,2,0,"1",.,"A",.,"A"
"20132",2648452,14,0,"1",.,"A",650,"D"
"20132",2650752,5,0,"1",.,"A",125,"D"
"20132",2651822,4,0,"1",.,"A",210,"D"
"20132",2655023,2,0,"1",360,"D",.,"A"
"20132",2655232,19,0,"1",200,"D",.,"A"
"20132",2656452,6,0,"1",.,"A",45,"D"
"20132",2661182,11,0,"1",124,"D",.,"A"
"20132",2662272,3,0,"1",0,"D",.,"A"
"20132",2662482,6,0,"1",.,"A",200,"D"
"20132",2663202,11,0,"1",.,"A",100,"D"
"20132",2664612,19,0,"1",.,"A",12,"D"
"20132",2668642,1,0,"1",220,"D",.,"A"
"20132",2671232,18,0,"1",0,"D",.,"A"
"20132",2675122,10,0,"1",.,"A",0,"D"
"20132",2675342,10,0,"1",669,"D",.,"A"
"20132",2676582,5,0,"1",200,"D",.,"A"
"20132",2677002,10,0,"1",.,"A",90,"D"
"20132",2678572,5,0,"1",.,"A",50,"D"
"20132",2679564,42,0,"1",.,"A",60,"D"
"20133",2580765,3,0,"1",0,"D",.,"A"
"20133",2582375,8,0,"1",.,"A",240,"D"
"20133",2584705,9,0,"1",.,"A",0,"D"
"20133",2584925,3,0,"1",100,"D",.,"A"
"20133",2590105,10,0,"1",.,"A",0,"D"
"20133",2591485,14,0,"1",.,"A",800,"D"
"20133",2596295,18,0,"1",.,"A",55,"D"
"20133",2597135,6,0,"1",.,"A",75,"D"
"20133",2600575,17,0,"1",178,"D",.,"A"
"20133",2604555,8,0,"1",.,"A",0,"D"
"20133",2606155,1,0,"1",.,"A",.,"A"
"20133",2607655,15,0,"1",.,"A",85,"D"
"20133",2610415,19,0,"1",268,"D",.,"A"
"20133",2610865,10,0,"1",.,"A",120,"D"
"20133",2613064,13,0,"1",.,"A",45,"D"
"20133",2618224,13,0,"1",20,"D",.,"A"
"20133",2622414,1,0,"1",.,"A",.,"A"
"20133",2623414,1,0,"1",1980,"D",.,"A"
"20133",2625114,3,0,"1",0,"D",.,"A"
"20133",2629504,17,0,"1",.,"A",1900,"D"
"20133",2634554,11,0,"1",.,"A",200,"D"
"20133",2634954,9,0,"1",0,"D",.,"A"
"20133",2635864,1,0,"1",.,"A",.,"A"
"20133",2637534,16,0,"1",.,"A",3500,"D"
"20133",2639234,9,0,"1",.,"A",3000,"D"
"20133",2643324,3,0,"1",.,"A",0,"D"
"20133",2644994,14,0,"1",.,"A",15,"D"
"20133",2645964,20,0,"1",.,"A",20,"D"
"20133",2646224,1,0,"1",.,"A",.,"A"
"20133",2646314,16,0,"1",.,"A",472,"D"
"20133",2646334,6,0,"1",.,"A",175,"D"
"20133",2646564,8,0,"1",.,"A",70,"D"
"20133",2646734,15,0,"1",.,"A",870,"D"
"20133",2647743,24,0,"1",159,"D",.,"A"
"20133",2651443,9,0,"1",.,"A",800,"D"
"20133",2655024,2,0,"1",600,"D",.,"A"
"20133",2662273,3,0,"1",155,"D",.,"A"
"20133",2667153,8,0,"1",.,"A",30,"D"
"20133",2667293,8,0,"1",.,"A",.,"A"
"20133",2668643,2,0,"1",282,"D",.,"A"
"20133",2675003,6,0,"1",.,"A",1000,"D"
"20133",2677813,7,0,"1",.,"A",.,"A"
"20133",2679423,2,0,"1",.,"A",.,"A"
"20133",2684272,29,0,"1",100,"D",.,"A"
"20133",2684332,13,0,"1",176,"D",.,"A"
"20133",2685902,12,0,"1",.,"A",450,"D"
"20133",2688252,2,0,"1",.,"A",.,"A"
"20133",2688632,5,0,"1",.,"A",400,"D"
"20133",2690702,24,0,"1",.,"A",10,"D"
"20133",2691332,5,0,"1",140,"D",.,"A"
"20133",2693312,16,0,"1",.,"A",25,"D"
"20133",2694982,12,0,"1",.,"A",300,"D"
"20133",2697052,5,0,"1",.,"A",60,"D"
"20133",2698944,13,0,"1",.,"A",1,"D"
"20133",2699032,20,0,"1",.,"A",600,"D"
"20133",2699622,28,0,"1",.,"A",50,"D"
"20133",2703932,9,0,"1",978,"D",.,"A"
"20133",2704572,11,0,"1",.,"A",1,"D"
"20133",2705912,13,0,"1",.,"A",131,"D"
"20133",2707232,8,0,"1",.,"A",50,"D"
"20133",2708342,9,0,"1",.,"A",0,"D"
"20133",2711712,21,0,"1",.,"A",180,"D"
"20133",2711772,6,0,"1",.,"A",70,"D"
"20133",2712382,3,0,"1",.,"A",.,"A"
"20133",2713252,13,0,"1",.,"A",60,"D"
"20133",2727814,11,0,"1",0,"D",.,"A"
"20133",2729154,14,0,"1",.,"A",60,"D"
"20134",2613495,9,0,"1",.,"A",40,"D"
"20134",2614515,16,0,"1",.,"A",100,"D"
"20134",2617105,10,0,"1",.,"A",55,"D"
"20134",2618145,13,0,"1",190,"D",.,"A"
"20134",2622575,26,0,"1",.,"A",95,"D"
"20134",2625185,1,0,"1",.,"A",.,"A"
"20134",2632095,5,0,"1",.,"A",50,"D"
"20134",2637535,38,0,"1",.,"A",6000,"D"
"20134",2639785,15,0,"1",0,"D",.,"A"
"20134",2643325,4,0,"1",.,"A",400,"D"
"20134",2646565,9,0,"1",.,"A",50,"D"
"20134",2652374,8,0,"1",.,"A",.,"A"
"20134",2654814,14,0,"1",.,"A",35,"D"
"20134",2658434,1,0,"1",0,"D",.,"A"
"20134",2661574,6,0,"1",.,"A",600,"D"
"20134",2664044,6,0,"1",330,"D",.,"A"
"20134",2664474,17,0,"1",.,"A",200,"D"
"20134",2665094,23,0,"1",.,"A",120,"D"
"20134",2668644,1,0,"1",396,"D",.,"A"
"20134",2679424,1,0,"1",.,"A",.,"A"
"20134",2684823,12,0,"1",.,"A",600,"D"
"20134",2685903,8,0,"1",.,"A",500,"D"
"20134",2687063,18,0,"1",.,"A",0,"D"
"20134",2691343,1,0,"1",.,"A",.,"A"
"20134",2693013,16,0,"1",.,"A",100,"D"
"20134",2696013,11,0,"1",.,"A",25,"D"
"20134",2696323,5,0,"1",25,"D",.,"A"
"20134",2699303,45,0,"1",418,"D",.,"A"
"20134",2702823,7,0,"1",.,"A",869,"D"
"20134",2703033,24,0,"1",.,"A",160,"D"
"20134",2705913,13,0,"1",.,"A",150,"D"
"20134",2707763,13,0,"1",.,"A",100,"D"
"20134",2712403,2,0,"1",.,"A",.,"A"
"20134",2716822,1,0,"1",.,"A",.,"A"
"20134",2725092,12,0,"1",450,"D",.,"A"
"20134",2728912,8,0,"1",.,"A",50,"D"
"20134",2729902,18,0,"1",.,"A",20,"D"
"20134",2731852,8,0,"1",.,"A",100,"D"
"20134",2732322,15,0,"1",.,"A",175,"D"
"20134",2734982,3,0,"1",.,"A",0,"D"
"20134",2735052,5,0,"1",.,"A",.,"A"
"20134",2739422,18,0,"1",.,"A",20,"D"
"20134",2739992,16,0,"1",.,"A",242,"D"
"20134",2742652,17,0,"1",.,"A",100,"D"
"20134",2743422,14,0,"1",.,"A",500,"D"
"20134",2744362,2,0,"1",0,"D",.,"A"
"20134",2745362,2,0,"1",.,"A",.,"A"
"20134",2760402,3,0,"1",0,"D",.,"A"
"20134",2766632,11,0,"1",.,"A",0,"D"
"20134",2779414,1,0,"1",.,"A",.,"A"
"20141",2649915,7,0,"1",286,"D",.,"A"
"20141",2656445,4,0,"1",.,"A",300,"D"
"20141",2661575,3,0,"1",.,"A",600,"D"
"20141",2665415,1,0,"1",1548,"D",.,"A"
"20141",2667695,1,0,"1",.,"A",.,"A"
"20141",2668075,1,0,"1",.,"A",.,"A"
"20141",2677675,1,0,"1",464,"D",.,"A"
"20141",2679425,1,0,"1",.,"A",.,"A"
"20141",2684064,9,0,"1",.,"A",600,"D"
"20141",2687364,1,0,"1",.,"A",.,"A"
"20141",2688824,3,0,"1",.,"A",1000,"D"
"20141",2689734,8,0,"1",.,"A",30,"D"
"20141",2693014,13,0,"1",.,"A",30,"D"
"20141",2699634,1,0,"1",.,"A",.,"A"
"20141",2700534,13,0,"1",10,"D",.,"A"
"20141",2702024,8,0,"1",.,"A",200,"D"
"20141",2703034,24,0,"1",.,"A",35,"D"
"20141",2703104,4,0,"1",25,"D",.,"A"
"20141",2705914,9,0,"1",.,"A",130,"D"
"20141",2716583,4,0,"1",.,"B",.,"A"
"20141",2719483,13,0,"1",.,"A",50,"D"
"20141",2720923,13,0,"1",.,"A",.,"A"
"20141",2721263,4,0,"1",.,"A",0,"D"
"20141",2721383,18,0,"1",.,"A",15,"D"
"20141",2724793,9,0,"1",.,"A",60,"D"
"20141",2732153,16,0,"1",.,"A",7,"D"
"20141",2732323,2,0,"1",.,"A",175,"D"
"20141",2739783,21,0,"1",.,"A",35,"D"
"20141",2741005,1,0,"1",.,"A",.,"A"
"20141",2741803,8,0,"1",80,"D",.,"A"
"20141",2742653,23,0,"1",.,"A",100,"D"
"20141",2745343,11,0,"1",.,"A",120,"D"
"20141",2746393,13,0,"1",.,"A",250,"D"
"20141",2746443,3,0,"1",217,"D",.,"A"
"20141",2747852,10,0,"1",.,"A",0,"D"
"20141",2748682,23,0,"1",.,"A",0,"D"
"20141",2750072,15,0,"1",.,"A",1800,"D"
"20141",2753142,8,0,"1",0,"D",.,"A"
"20141",2753382,25,0,"1",.,"A",1800,"D"
"20141",2754365,8,0,"1",142,"D",.,"A"
"20141",2757332,10,0,"1",.,"A",50,"D"
"20141",2759623,23,0,"1",.,"A",100,"D"
"20141",2760872,4,0,"1",.,"A",.,"A"
"20141",2761342,1,0,"1",.,"A",.,"A"
"20141",2764212,9,0,"1",.,"A",0,"D"
"20141",2764452,15,0,"1",.,"A",17,"D"
"20141",2765632,3,0,"1",.,"A",500,"D"
"20141",2766633,19,0,"1",.,"A",500,"D"
"20141",2769452,12,0,"1",.,"A",0,"D"
"20141",2771102,6,0,"1",.,"A",.,"A"
"20141",2772762,5,0,"1",630,"D",.,"A"
"20141",2776252,6,0,"1",.,"A",0,"D"
"20141",2782685,22,0,"1",.,"A",45,"D"
"20141",2799152,2,0,"1",.,"A",30,"D"
"20141",2803585,5,0,"1",461,"F",.,"A"
