"QYEAR","NEWID","SEQNO","ALCNO","REC_ORIG","NUMLOC","NUMLOC_","LOCLODGX","LOCL_DGX","ALCMEALX","ALCM_ALX","ALCGROCX","ALCG_OCX","LOCADMSX","LOCA_MSX","FOODLCDL","FOOD_CDL","LODGLCDL","LODG_CDL","ENTRLCDL","ENTR_CDL","ELSELCDL","ELSE_CDL","QLCMLAX","QLCMLAX_","QLCGLAX","QLCGLAX_"
"20131",2513595,68,0,"1",1,"D",110,"D",.,"A",.,"A",.,"A",,"A",,"A",,"A",,"A",.,"A",.,"A"
"20131",2513605,43,0,"1",2,"D",225,"G",54,"G",.,"A",65,"G","1","D","1","D","1","D","1","D",116,"G",25,"D"
"20131",2517395,78,0,"1",1,"D",250,"D",.,"A",.,"A",500,"D",,"A",,"A",,"A",,"A",50,"D",.,"A"
"20131",2517675,37,0,"1",1,"D",.,"A",.,"A",.,"A",100,"D",,"A",,"A",,"A",,"A",100,"D",.,"A"
"20131",2522045,103,0,"1",1,"D",209,"D",.,"A",.,"A",.,"A",,"A",,"A",,"A",,"A",.,"A",.,"A"
"20131",2527775,40,0,"1",3,"D",132,"D",.,"A",.,"A",.,"A",,"A",,"A",,"A",,"A",40,"D",.,"A"
"20131",2528085,71,0,"1",1,"D",211,"F",.,"A",.,"A",.,"A",,"A",,"A",,"A",,"A",30,"F",25,"F"
"20131",2530225,54,0,"1",2,"D",254,"D",20,"D",.,"A",.,"A",,"A",,"A",,"A",,"A",220,"D",.,"A"
"20131",2534755,94,0,"1",1,"D",100,"D",.,"A",.,"A",.,"A",,"A",,"A",,"A",,"A",25,"D",.,"A"
"20131",2539195,43,0,"1",1,"D",150,"D",.,"A",.,"A",.,"A",,"A",,"A",,"A",,"A",100,"D",.,"A"
"20131",2540785,62,0,"1",2,"D",180,"D",.,"A",.,"A",.,"A",,"A",,"A",,"A",,"A",100,"D",.,"A"
"20131",2547774,40,0,"1",2,"D",600,"D",.,"A",.,"A",.,"A",,"A",,"A",,"A",,"A",200,"D",.,"A"
"20131",2550774,44,0,"1",2,"D",500,"D",.,"A",.,"A",.,"A",,"A",,"A",,"A",,"A",.,"A",.,"A"
"20131",2552814,41,0,"1",4,"D",500,"D",40,"D",.,"A",.,"A",,"A",,"A",,"A",,"A",160,"D",.,"A"
"20131",2552894,54,0,"1",1,"D",35,"D",.,"A",30,"D",.,"A",,"A",,"A",,"A",,"A",20,"D",0,"D"
"20131",2553134,105,0,"1",1,"D",440,"D",20,"D",20,"D",.,"A",,"A",,"A",,"A",,"A",180,"D",10,"D"
"20131",2553544,54,0,"1",1,"D",350,"D",12,"D",.,"A",80,"D",,"A",,"A",,"A",,"A",38,"D",.,"A"
"20131",2555724,68,0,"1",1,"D",72,"D",.,"A",.,"A",.,"A",,"A",,"A",,"A",,"A",40,"D",.,"A"
"20131",2562494,37,0,"1",10,"D",350,"D",.,"A",.,"A",.,"A",,"A",,"A",,"A",,"A",120,"D",.,"A"
"20131",2565504,49,0,"1",2,"D",100,"D",.,"A",.,"A",.,"A",,"A",,"A",,"A",,"A",75,"D",.,"A"
"20131",2567974,58,0,"1",5,"D",340,"D",120,"D",.,"A",.,"A",,"A",,"A",,"A",,"A",480,"D",.,"A"
"20131",2570884,78,0,"1",1,"D",292,"D",200,"F",.,"A",130,"D",,"A",,"A",,"A",,"A",300,"F",.,"A"
"20131",2571414,72,0,"1",3,"D",90,"D",.,"A",.,"A",.,"A",,"A",,"A",,"A",,"A",.,"A",.,"A"
"20131",2572064,26,0,"1",4,"D",200,"D",.,"A",.,"A",.,"A",,"A",,"A",,"A",,"A",60,"D",1,"D"
"20131",2572544,36,0,"1",1,"D",703,"G",77,"G",.,"A",.,"A","1","D","1","D","2","D","2","D",270,"G",.,"A"
"20131",2574414,67,0,"1",2,"D",60,"D",40,"F",.,"A",70,"G",,"A",,"A",,"A",,"A",60,"F",.,"A"
"20131",2574825,46,0,"1",2,"D",283,"G",30,"D",.,"A",116,"G","2","D","1","D","1","D","1","D",70,"D",20,"D"
"20131",2578304,61,0,"1",1,"D",500,"D",200,"D",.,"A",.,"A",,"A",,"A",,"A",,"A",300,"D",.,"A"
"20131",2579153,32,0,"1",2,"D",.,"A",.,"A",.,"A",.,"A",,"A",,"A",,"A",,"A",10,"D",.,"A"
"20131",2579383,39,0,"1",2,"D",165,"D",.,"A",.,"A",.,"A",,"A",,"A",,"A",,"A",300,"D",.,"A"
"20131",2582365,62,0,"1",1,"D",240,"D",.,"A",.,"A",.,"A",,"A",,"A",,"A",,"A",85,"D",.,"A"
"20131",2585243,30,0,"1",2,"D",200,"D",.,"A",.,"A",.,"A",,"A",,"A",,"A",,"A",30,"D",.,"A"
"20131",2587743,87,0,"1",2,"D",300,"D",.,"A",.,"A",.,"A",,"A",,"A",,"A",,"A",150,"D",20,"D"
"20131",2597103,46,0,"1",2,"D",.,"A",12,"D",12,"D",45,"D",,"A",,"A",,"A",,"A",13,"D",0,"D"
"20131",2599663,55,0,"1",1,"D",207,"D",.,"A",.,"A",.,"A",,"A",,"A",,"A",,"A",150,"D",.,"A"
"20131",2602123,65,0,"1",1,"D",59,"D",.,"A",.,"A",.,"A",,"A",,"A",,"A",,"A",32,"D",.,"A"
"20131",2602253,35,0,"1",1,"D",100,"D",.,"A",.,"A",.,"A",,"A",,"A",,"A",,"A",.,"A",.,"A"
"20131",2603463,68,0,"1",2,"D",300,"D",10,"D",.,"A",70,"D",,"A",,"A",,"A",,"A",110,"D",.,"A"
"20131",2607483,19,0,"1",1,"D",90,"D",.,"A",.,"A",.,"A",,"A",,"A",,"A",,"A",.,"A",10,"D"
"20131",2608703,50,0,"1",1,"D",70,"D",.,"A",.,"A",.,"A",,"A",,"A",,"A",,"A",.,"A",.,"A"
"20131",2610843,57,0,"1",2,"D",178,"D",.,"A",.,"A",.,"A",,"A",,"A",,"A",,"A",80,"D",.,"A"
"20131",2611623,64,0,"1",2,"D",.,"A",.,"A",.,"A",.,"A",,"A",,"A",,"A",,"A",100,"D",.,"A"
"20131",2612373,85,0,"1",1,"D",100,"D",.,"A",.,"A",.,"A",,"A",,"A",,"A",,"A",.,"A",.,"A"
"20131",2615232,38,0,"1",1,"D",1000,"D",30,"D",.,"A",.,"A",,"A",,"A",,"A",,"A",70,"D",.,"A"
"20131",2615942,56,0,"1",2,"D",211,"F",.,"A",.,"A",.,"A",,"A",,"A",,"A",,"A",50,"F",.,"A"
"20131",2616622,41,0,"1",1,"D",145,"D",30,"D",.,"A",.,"A",,"A",,"A",,"A",,"A",105,"D",.,"A"
"20131",2618812,127,0,"1",3,"D",119,"G",19,"G",.,"A",.,"A","1","D","1","D","2","D","2","D",57,"G",.,"A"
"20131",2619662,49,0,"1",1,"D",171,"G",5,"G",3,"G",14,"G",,"A",,"A",,"A",,"A",122,"G",10,"G"
"20131",2622015,36,0,"1",2,"D",350,"D",15,"D",.,"A",.,"A",,"A",,"A",,"A",,"A",100,"D",.,"A"
"20131",2622282,39,0,"1",7,"D",1000,"D",.,"A",.,"A",1240,"D",,"A",,"A",,"A",,"A",400,"D",.,"A"
"20131",2627652,39,0,"1",1,"D",199,"D",20,"D",.,"A",.,"A",,"A",,"A",,"A",,"A",100,"D",.,"A"
"20131",2628192,34,0,"1",2,"D",125,"D",.,"A",.,"A",.,"A",,"A",,"A",,"A",,"A",40,"D",.,"A"
"20131",2628302,46,0,"1",2,"D",.,"A",4,"G",1,"G",.,"A",,"A",,"A",,"A",,"A",109,"G",6,"G"
"20131",2628422,60,0,"1",1,"D",200,"D",.,"A",.,"A",.,"A",,"A",,"A",,"A",,"A",40,"D",.,"A"
"20131",2628462,50,0,"1",1,"D",.,"A",.,"A",.,"A",300,"D","1","D","1","D","2","D","2","D",.,"A",.,"A"
"20131",2628922,56,0,"1",4,"D",150,"D",25,"D",.,"A",.,"A",,"A",,"A",,"A",,"A",45,"D",100,"D"
"20131",2629682,42,0,"1",2,"D",230,"D",.,"A",.,"A",80,"D",,"A",,"A",,"A",,"A",200,"D",80,"D"
"20131",2630182,46,0,"1",1,"D",44,"G",.,"A",.,"A",16,"G","2","D","1","D","1","D","2","D",15,"D",.,"A"
"20131",2632492,75,0,"1",1,"D",120,"G",45,"D",.,"A",.,"A","2","D","1","D","2","D","1","D",55,"D",.,"A"
"20131",2637282,24,0,"1",3,"D",.,"A",.,"A",.,"A",.,"A",,"A",,"A",,"A",,"A",125,"D",.,"A"
"20131",2638252,49,0,"1",4,"D",50,"D",100,"D",.,"A",.,"A",,"A",,"A",,"A",,"A",350,"D",.,"A"
"20131",2638582,40,0,"1",3,"D",500,"D",.,"A",150,"D",.,"A",,"A",,"A",,"A",,"A",.,"A",0,"D"
"20131",2638742,50,0,"1",2,"D",.,"A",.,"A",.,"A",.,"A",,"A",,"A",,"A",,"A",30,"D",.,"A"
"20131",2638872,32,0,"1",1,"D",120,"D",.,"A",.,"A",.,"A",,"A",,"A",,"A",,"A",50,"D",.,"A"
"20131",2639392,42,0,"1",1,"D",87,"D",.,"A",.,"A",.,"A",,"A",,"A",,"A",,"A",20,"D",.,"A"
"20131",2641222,44,0,"1",3,"D",540,"D",75,"D",.,"A",480,"D",,"A",,"A",,"A",,"A",375,"D",.,"A"
"20131",2644262,43,0,"1",3,"D",250,"D",40,"D",.,"A",.,"A",,"A",,"A",,"A",,"A",60,"D",.,"A"
"20131",2646342,37,0,"1",1,"D",110,"D",.,"A",.,"A",.,"A",,"A",,"A",,"A",,"A",.,"A",.,"A"
"20131",2648913,35,0,"1",2,"D",200,"D",.,"A",.,"A",.,"A",,"A",,"A",,"A",,"A",50,"D",.,"A"
"20131",2653414,24,0,"1",4,"D",400,"D",.,"A",.,"A",.,"A",,"A",,"A",,"A",,"A",.,"A",.,"A"
"20131",2655704,69,0,"1",1,"D",100,"D",5,"D",.,"A",.,"A",,"A",,"A",,"A",,"A",25,"D",.,"A"
"20131",2671224,49,0,"1",3,"D",150,"D",.,"A",.,"A",170,"D",,"A",,"A",,"A",,"A",300,"D",.,"A"
"20131",2679563,60,0,"1",2,"D",300,"D",16,"D",.,"A",.,"A",,"A",,"A",,"A",,"A",144,"D",.,"A"
"20132",2548055,33,0,"1",7,"D",200,"D",.,"A",.,"A",.,"A",,"A",,"A",,"A",,"A",.,"A",.,"A"
"20132",2548365,31,0,"1",2,"D",125,"G",31,"G",.,"A",49,"G","1","D","1","D","1","D","2","D",95,"G",.,"A"
"20132",2550045,27,0,"1",3,"D",120,"D",200,"D",.,"A",60,"D",,"A",,"A",,"A",,"A",100,"D",.,"A"
"20132",2552345,47,0,"1",1,"D",250,"D",.,"A",.,"A",.,"A",,"A",,"A",,"A",,"A",35,"D",.,"A"
"20132",2553055,35,0,"1",1,"D",150,"D",10,"D",.,"A",.,"A",,"A",,"A",,"A",,"A",40,"D",.,"A"
"20132",2556195,51,0,"1",2,"D",270,"D",.,"A",.,"A",.,"A",,"A",,"A",,"A",,"A",300,"D",150,"D"
"20132",2557185,60,0,"1",1,"D",100,"D",.,"A",.,"A",.,"A",,"A",,"A",,"A",,"A",.,"A",.,"A"
"20132",2559515,40,0,"1",3,"D",400,"D",.,"A",.,"A",.,"A",,"A",,"A",,"A",,"A",150,"D",.,"A"
"20132",2560635,69,0,"1",2,"D",163,"D",.,"A",.,"A",.,"A",,"A",,"A",,"A",,"A",.,"A",.,"A"
"20132",2563635,40,0,"1",1,"D",.,"A",.,"A",.,"A",.,"A",,"A",,"A",,"A",,"A",300,"D",.,"A"
"20132",2569385,31,0,"1",2,"D",215,"D",.,"A",.,"A",.,"A",,"A",,"A",,"A",,"A",40,"D",.,"A"
"20132",2570885,63,0,"1",1,"D",151,"G",24,"G",.,"A",.,"A","1","D","1","D","2","D","2","D",63,"G",.,"A"
"20132",2571695,43,0,"1",1,"D",260,"D",.,"A",.,"A",.,"A",,"A",,"A",,"A",,"A",75,"D",.,"A"
"20132",2574415,64,0,"1",3,"D",400,"D",.,"A",.,"A",.,"A",,"A",,"A",,"A",,"A",120,"D",.,"A"
"20132",2578775,33,0,"1",4,"D",110,"D",.,"A",.,"A",.,"A",,"A",,"A",,"A",,"A",50,"D",.,"A"
"20132",2580154,28,0,"1",2,"D",211,"D",.,"A",.,"A",.,"A",,"A",,"A",,"A",,"A",190,"D",.,"A"
"20132",2592064,36,0,"1",1,"D",120,"D",.,"A",.,"A",.,"A",,"A",,"A",,"A",,"A",.,"A",.,"A"
"20132",2592474,14,0,"1",4,"D",.,"A",.,"A",.,"A",.,"A","1","D","1","D","2","D","2","D",.,"A",.,"A"
"20132",2594804,41,0,"1",3,"D",600,"D",50,"D",.,"A",200,"D",,"A",,"A",,"A",,"A",550,"D",.,"A"
"20132",2599204,19,0,"1",1,"D",60,"D",.,"A",.,"A",.,"A",,"A",,"A",,"A",,"A",25,"D",.,"A"
"20132",2600624,32,0,"1",7,"D",265,"G",38,"G",.,"A",.,"A","1","D","1","D","2","D","2","D",92,"G",.,"A"
"20132",2600854,30,0,"1",1,"D",55,"D",.,"A",.,"A",.,"A",,"A",,"A",,"A",,"A",24,"D",.,"A"
"20132",2600984,48,0,"1",2,"D",350,"D",40,"D",.,"A",.,"A",,"A",,"A",,"A",,"A",160,"D",.,"A"
"20132",2602304,78,0,"1",1,"D",78,"D",.,"A",.,"A",.,"A",,"A",,"A",,"A",,"A",.,"A",.,"A"
"20132",2604834,50,0,"1",2,"D",150,"D",50,"D",.,"A",.,"A",,"A",,"A",,"A",,"A",75,"D",50,"D"
"20132",2607054,64,0,"1",2,"D",.,"A",.,"A",.,"A",.,"A",,"A",,"A",,"A",,"A",20,"D",.,"A"
"20132",2612474,44,0,"1",1,"D",22,"D",.,"A",.,"A",.,"A",,"A",,"A",,"A",,"A",30,"D",20,"D"
"20132",2612923,30,0,"1",5,"D",308,"D",.,"A",.,"A",.,"A",,"A",,"A",,"A",,"A",109,"D",.,"A"
"20132",2613143,25,0,"1",1,"D",101,"D",20,"D",.,"A",.,"A",,"A",,"A",,"A",,"A",50,"D",.,"A"
"20132",2614723,25,0,"1",1,"D",79,"D",.,"A",.,"A",.,"A",,"A",,"A",,"A",,"A",30,"D",.,"A"
"20132",2618893,24,0,"1",1,"D",50,"D",50,"D",.,"A",20,"D",,"A",,"A",,"A",,"A",250,"D",.,"A"
"20132",2619663,35,0,"1",1,"D",125,"D",.,"A",.,"A",.,"A",,"A",,"A",,"A",,"A",80,"D",.,"A"
"20132",2621163,7,0,"1",1,"D",130,"D",.,"A",15,"D",.,"A",,"A",,"A",,"A",,"A",25,"D",5,"D"
"20132",2621523,19,0,"1",2,"D",139,"D",.,"A",19,"D",.,"A",,"A",,"A",,"A",,"A",70,"D",0,"D"
"20132",2621783,43,0,"1",1,"D",70,"D",.,"A",.,"A",.,"A",,"A",,"A",,"A",,"A",.,"A",.,"A"
"20132",2623203,43,0,"1",1,"D",100,"D",.,"A",.,"A",.,"A",,"A",,"A",,"A",,"A",20,"D",.,"A"
"20132",2623233,10,0,"1",2,"D",1100,"G",80,"D",.,"A",.,"A","2","D","1","D","2","D","2","D",220,"D",.,"A"
"20132",2623693,25,0,"1",2,"D",264,"G",39,"G",.,"A",110,"G","1","D","1","D","1","D","1","D",177,"G",.,"A"
"20132",2625143,27,0,"1",2,"D",120,"D",.,"A",.,"A",.,"A",,"A",,"A",,"A",,"A",50,"D",.,"A"
"20132",2626463,46,0,"1",9,"D",250,"D",40,"D",15,"D",.,"A",,"A",,"A",,"A",,"A",160,"D",60,"D"
"20132",2628323,34,0,"1",4,"D",400,"D",30,"D",.,"A",.,"A",,"A",,"A",,"A",,"A",70,"D",.,"A"
"20132",2631013,31,0,"1",2,"D",.,"A",.,"A",.,"A",.,"A",,"A",,"A",,"A",,"A",60,"D",.,"A"
"20132",2635983,57,0,"1",1,"D",100,"D",.,"A",.,"A",.,"A","1","D","1","D","2","D","2","D",.,"A",.,"A"
"20132",2638253,37,0,"1",2,"D",190,"D",.,"A",50,"D",13,"D",,"A",,"A",,"A",,"A",95,"D",0,"D"
"20132",2638673,17,0,"1",5,"D",467,"G",35,"G",.,"A",84,"G","1","D","1","D","1","D","2","D",134,"G",.,"A"
"20132",2639673,37,0,"1",3,"D",330,"D",40,"D",.,"A",.,"A",,"A",,"A",,"A",,"A",260,"D",.,"A"
"20132",2642553,30,0,"1",10,"D",1500,"D",.,"A",.,"A",.,"A",,"A",,"A",,"A",,"A",.,"A",.,"A"
"20132",2642683,49,0,"1",2,"D",498,"D",.,"A",40,"D",30,"D",,"A",,"A",,"A",,"A",45,"D",150,"D"
"20132",2648382,25,0,"1",1,"D",70,"D",.,"A",.,"A",200,"D",,"A",,"A",,"A",,"A",.,"A",.,"A"
"20132",2649962,31,0,"1",1,"D",50,"D",.,"A",.,"A",.,"A",,"A",,"A",,"A",,"A",.,"A",.,"A"
"20132",2654872,83,0,"1",1,"D",249,"G",50,"G",.,"A",20,"D","1","D","1","D","2","D","1","D",136,"G",.,"A"
"20132",2655652,46,0,"1",1,"D",132,"D",.,"A",.,"A",.,"A",,"A",,"A",,"A",,"A",31,"D",.,"A"
"20132",2658782,38,0,"1",1,"D",71,"D",.,"A",.,"A",.,"A",,"A",,"A",,"A",,"A",20,"D",.,"A"
"20132",2659732,66,0,"1",2,"D",86,"G",27,"G",.,"A",.,"A","1","D","1","D","2","D","1","D",77,"G",.,"A"
"20132",2660872,29,0,"1",9,"D",2000,"G",.,"A",.,"A",.,"A","2","D","1","D","2","D","1","D",600,"D",.,"A"
"20132",2661252,31,0,"1",1,"D",90,"D",30,"D",.,"A",.,"A",,"A",,"A",,"A",,"A",120,"D",.,"A"
"20132",2661832,19,0,"1",2,"D",196,"D",15,"D",.,"A",.,"A",,"A",,"A",,"A",,"A",85,"D",.,"A"
"20132",2663062,30,0,"1",2,"D",234,"D",.,"A",.,"A",300,"D",,"A",,"A",,"A",,"A",.,"A",.,"A"
"20132",2663642,37,0,"1",2,"D",.,"A",.,"A",.,"A",.,"A",,"A",,"A",,"A",,"A",200,"D",.,"A"
"20132",2665582,26,0,"1",10,"D",900,"D",50,"D",.,"A",.,"A",,"A",,"A",,"A",,"A",950,"D",.,"A"
"20132",2667322,46,0,"1",3,"D",340,"D",.,"A",.,"A",.,"A",,"A",,"A",,"A",,"A",.,"A",.,"A"
"20132",2668552,63,0,"1",1,"D",175,"D",.,"A",.,"A",.,"A",,"A",,"A",,"A",,"A",.,"A",.,"A"
"20132",2670932,21,0,"1",1,"D",80,"D",.,"A",.,"A",.,"A",,"A",,"A",,"A",,"A",30,"D",.,"A"
"20132",2671442,51,0,"1",1,"D",.,"A",.,"A",.,"A",.,"A",,"A",,"A",,"A",,"A",60,"D",.,"A"
"20132",2671882,20,0,"1",1,"D",218,"F",.,"A",.,"A",.,"A",,"A",,"A",,"A",,"A",.,"A",.,"A"
"20132",2672422,58,0,"1",1,"D",185,"D",.,"A",.,"A",.,"A",,"A",,"A",,"A",,"A",75,"D",.,"A"
"20132",2672782,57,0,"1",1,"D",135,"D",.,"A",.,"A",.,"A",,"A",,"A",,"A",,"A",.,"A",.,"A"
"20132",2673272,25,0,"1",1,"D",100,"D",.,"A",.,"A",.,"A",,"A",,"A",,"A",,"A",60,"D",.,"A"
"20132",2674092,67,0,"1",1,"D",.,"A",50,"D",.,"A",.,"A",,"A",,"A",,"A",,"A",100,"D",.,"A"
"20132",2689195,38,0,"1",2,"D",290,"D",.,"A",.,"A",.,"A",,"A",,"A",,"A",,"A",50,"D",.,"A"
"20132",2692885,15,0,"1",2,"D",115,"D",25,"D",.,"A",.,"A",,"A",,"A",,"A",,"A",50,"D",.,"A"
"20132",2704412,12,0,"1",1,"D",20,"D",.,"A",.,"A",.,"A",,"A",,"A",,"A",,"A",50,"D",25,"D"
"20132",2707685,18,0,"1",1,"D",50,"D",.,"A",.,"A",.,"A",,"A",,"A",,"A",,"A",5,"D",20,"D"
"20132",2709415,24,0,"1",2,"D",200,"D",75,"D",.,"A",.,"A",,"A",,"A",,"A",,"A",175,"D",.,"A"
"20133",2584705,25,0,"1",4,"D",200,"D",.,"A",.,"A",.,"A",,"A",,"A",,"A",,"A",.,"A",.,"A"
"20133",2585665,69,0,"1",1,"D",75,"D",.,"A",.,"A",.,"A",,"A",,"A",,"A",,"A",35,"D",.,"A"
"20133",2587455,28,0,"1",2,"D",170,"D",.,"A",.,"A",.,"A",,"A",,"A",,"A",,"A",.,"A",.,"A"
"20133",2588715,45,0,"1",1,"D",55,"D",.,"A",.,"A",.,"A",,"A",,"A",,"A",,"A",60,"D",.,"A"
"20133",2588735,46,0,"1",1,"D",141,"D",.,"A",.,"A",.,"A",,"A",,"A",,"A",,"A",.,"A",.,"A"
"20133",2592905,53,0,"1",1,"D",113,"D",40,"D",.,"A",.,"A",,"A",,"A",,"A",,"A",30,"D",.,"A"
"20133",2595435,38,0,"1",1,"D",130,"D",.,"A",.,"A",.,"A",,"A",,"A",,"A",,"A",.,"A",.,"A"
"20133",2595835,38,0,"1",50,"D",1750,"D",.,"A",.,"A",80,"D",,"A",,"A",,"A",,"A",2500,"D",700,"D"
"20133",2595995,47,0,"1",1,"D",69,"D",.,"A",.,"A",.,"A",,"A",,"A",,"A",,"A",.,"A",.,"A"
"20133",2600935,19,0,"1",4,"D",37,"G",108,"G",3,"G",82,"G",,"A",,"A",,"A",,"A",323,"G",7,"G"
"20133",2600985,43,0,"1",2,"D",600,"D",120,"D",.,"A",.,"A",,"A",,"A",,"A",,"A",180,"D",.,"A"
"20133",2601355,51,0,"1",2,"D",169,"G",19,"G",.,"A",.,"A","1","D","1","D","2","D","2","D",62,"G",.,"A"
"20133",2606975,28,0,"1",2,"D",147,"G",21,"G",11,"G",37,"G",,"A",,"A",,"A",,"A",61,"G",25,"G"
"20133",2617964,15,0,"1",1,"D",250,"D",.,"A",.,"A",.,"A",,"A",,"A",,"A",,"A",300,"D",.,"A"
"20133",2620324,49,0,"1",3,"D",350,"D",.,"A",.,"A",.,"A",,"A",,"A",,"A",,"A",100,"D",.,"A"
"20133",2620924,65,0,"1",1,"D",140,"D",10,"D",.,"A",.,"A",,"A",,"A",,"A",,"A",60,"D",.,"A"
"20133",2621524,24,0,"1",1,"D",109,"D",28,"D",.,"A",.,"A",,"A",,"A",,"A",,"A",32,"D",.,"A"
"20133",2623064,30,0,"1",4,"D",500,"D",50,"D",.,"A",.,"A",,"A",,"A",,"A",,"A",150,"D",.,"A"
"20133",2623634,22,0,"1",1,"D",50,"D",.,"A",.,"A",.,"A",,"A",,"A",,"A",,"A",35,"D",.,"A"
"20133",2623994,51,0,"1",1,"D",130,"D",.,"A",.,"A",50,"D",,"A",,"A",,"A",,"A",75,"D",.,"A"
"20133",2624424,28,0,"1",1,"D",90,"D",.,"A",.,"A",.,"A",,"A",,"A",,"A",,"A",150,"D",.,"A"
"20133",2624764,57,0,"1",4,"D",200,"D",.,"A",.,"A",.,"A",,"A",,"A",,"A",,"A",.,"A",.,"A"
"20133",2625384,37,0,"1",1,"D",200,"D",.,"A",.,"A",22,"F",,"A",,"A",,"A",,"A",300,"F",.,"A"
"20133",2627584,30,0,"1",2,"D",158,"F",.,"A",.,"A",.,"A",,"A",,"A",,"A",,"A",25,"F",.,"A"
"20133",2629044,45,0,"1",2,"D",275,"D",.,"A",.,"A",.,"A",,"A",,"A",,"A",,"A",.,"A",.,"A"
"20133",2638254,42,0,"1",1,"D",124,"D",.,"A",.,"A",.,"A",,"A",,"A",,"A",,"A",100,"D",.,"A"
"20133",2647183,66,0,"1",4,"D",633,"D",.,"A",.,"A",.,"A",,"A",,"A",,"A",,"A",200,"D",.,"A"
"20133",2648383,29,0,"1",1,"D",69,"D",.,"A",.,"A",20,"D",,"A",,"A",,"A",,"A",.,"A",.,"A"
"20133",2651933,38,0,"1",6,"D",200,"D",.,"A",.,"A",.,"A",,"A",,"A",,"A",,"A",300,"D",.,"A"
"20133",2653553,71,0,"1",1,"D",90,"D",.,"A",.,"A",40,"D",,"A",,"A",,"A",,"A",20,"D",.,"A"
"20133",2655653,49,0,"1",1,"D",34,"G",2,"G",.,"A",3,"G","1","D","1","D","1","D","2","D",6,"G",.,"A"
"20133",2656383,62,0,"1",2,"D",1611,"D",.,"A",111,"D",.,"A",,"A",,"A",,"A",,"A",300,"D",0,"D"
"20133",2658173,46,0,"1",3,"D",700,"D",.,"A",.,"A",.,"A",,"A",,"A",,"A",,"A",100,"D",.,"A"
"20133",2661253,38,0,"1",1,"D",85,"D",15,"D",.,"A",100,"D",,"A",,"A",,"A",,"A",85,"D",.,"A"
"20133",2661793,39,0,"1",1,"D",120,"D",.,"A",.,"A",.,"A",,"A",,"A",,"A",,"A",.,"A",.,"A"
"20133",2665773,23,0,"1",1,"D",34,"D",.,"A",.,"A",.,"A",,"A",,"A",,"A",,"A",.,"A",.,"A"
"20133",2667203,28,0,"1",8,"D",1100,"D",1000,"D",.,"A",.,"A",,"A",,"A",,"A",,"A",1000,"D",.,"A"
"20133",2667323,71,0,"1",1,"D",130,"D",.,"A",.,"A",.,"A",,"A",,"A",,"A",,"A",.,"A",.,"A"
"20133",2668403,39,0,"1",1,"D",70,"G",9,"G",.,"A",.,"A","1","D","1","D","2","D","2","D",31,"G",.,"A"
"20133",2670933,29,0,"1",1,"D",100,"D",.,"A",.,"A",.,"A",,"A",,"A",,"A",,"A",.,"A",25,"D"
"20133",2672423,51,0,"1",1,"D",250,"D",.,"A",.,"A",.,"A",,"A",,"A",,"A",,"A",60,"D",200,"D"
"20133",2673063,44,0,"1",2,"D",58,"D",.,"A",.,"A",.,"A",,"A",,"A",,"A",,"A",25,"D",50,"D"
"20133",2674093,50,0,"1",1,"D",250,"D",10,"D",.,"A",.,"A",,"A",,"A",,"A",,"A",50,"D",.,"A"
"20133",2677163,21,0,"1",2,"D",105,"G",15,"G",.,"A",33,"G","1","D","1","D","1","D","2","D",47,"G",.,"A"
"20133",2679753,36,0,"1",3,"D",600,"G",100,"D",.,"A",250,"D","2","D","1","D","2","D","2","D",500,"D",.,"A"
"20133",2681612,29,0,"1",3,"D",300,"D",.,"A",.,"A",.,"A",,"A",,"A",,"A",,"A",120,"D",25,"D"
"20133",2681792,36,0,"1",2,"D",220,"D",.,"A",.,"A",.,"A",,"A",,"A",,"A",,"A",60,"D",.,"A"
"20133",2682322,37,0,"1",1,"D",78,"D",.,"A",.,"A",.,"A",,"A",,"A",,"A",,"A",.,"A",.,"A"
"20133",2685142,43,0,"1",2,"D",.,"A",.,"A",.,"A",175,"D",,"A",,"A",,"A",,"A",300,"D",.,"A"
"20133",2686142,33,0,"1",1,"D",80,"G",14,"G",.,"A",.,"A","1","D","1","D","2","D","2","D",31,"G",.,"A"
"20133",2687222,43,0,"1",1,"D",100,"D",.,"A",.,"A",.,"A",,"A",,"A",,"A",,"A",.,"A",.,"A"
"20133",2691462,10,0,"1",2,"D",.,"A",.,"A",.,"A",.,"A",,"A",,"A",,"A",,"A",100,"D",.,"A"
"20133",2691572,18,0,"1",1,"D",100,"D",.,"A",.,"A",15,"D",,"A",,"A",,"A",,"A",50,"D",.,"A"
"20133",2692012,15,0,"1",1,"D",100,"D",.,"A",.,"A",.,"A",,"A",,"A",,"A",,"A",50,"D",.,"A"
"20133",2695092,51,0,"1",1,"D",200,"D",20,"D",.,"A",.,"A",,"A",,"A",,"A",,"A",80,"D",.,"A"
"20133",2698412,23,0,"1",6,"D",900,"D",.,"A",.,"A",.,"A",,"A",,"A",,"A",,"A",300,"D",.,"A"
"20133",2699852,36,0,"1",1,"D",96,"D",.,"A",.,"A",.,"A",,"A",,"A",,"A",,"A",40,"D",.,"A"
"20133",2700062,53,0,"1",2,"D",500,"D",100,"D",.,"A",.,"A",,"A",,"A",,"A",,"A",100,"D",.,"A"
"20133",2701082,30,0,"1",1,"D",202,"D",.,"A",.,"A",.,"A",,"A",,"A",,"A",,"A",.,"A",.,"A"
"20133",2701572,35,0,"1",2,"D",80,"D",.,"A",.,"A",.,"A",,"A",,"A",,"A",,"A",100,"D",15,"D"
"20133",2707812,25,0,"1",5,"D",.,"A",60,"D",.,"A",.,"A",,"A",,"A",,"A",,"A",40,"D",.,"A"
"20133",2708012,24,0,"1",1,"D",80,"D",.,"A",.,"A",.,"A",,"A",,"A",,"A",,"A",.,"A",.,"A"
"20133",2708592,36,0,"1",1,"D",250,"D",.,"A",.,"A",.,"A",,"A",,"A",,"A",,"A",100,"D",20,"D"
"20133",2708662,48,0,"1",1,"D",88,"D",30,"D",.,"A",.,"A",,"A",,"A",,"A",,"A",80,"D",.,"A"
"20133",2710242,53,0,"1",2,"D",600,"D",.,"A",.,"A",.,"A",,"A",,"A",,"A",,"A",250,"D",.,"A"
"20133",2712122,75,0,"1",1,"D",.,"A",.,"A",.,"A",.,"A",,"A",,"A",,"A",,"A",100,"D",.,"A"
"20133",2712802,31,0,"1",1,"D",100,"D",.,"A",.,"A",.,"A",,"A",,"A",,"A",,"A",50,"D",.,"A"
"20133",2712832,31,0,"1",1,"D",.,"A",.,"A",.,"A",.,"A",,"A",,"A",,"A",,"A",15,"D",.,"A"
"20133",2717534,19,0,"1",2,"D",140,"D",.,"A",.,"A",.,"A",,"A",,"A",,"A",,"A",50,"D",.,"A"
"20133",2727953,5,0,"1",2,"D",200,"D",.,"A",.,"A",.,"A",,"A",,"A",,"A",,"A",50,"D",15,"D"
"20133",2733062,20,0,"1",2,"D",200,"D",30,"D",.,"A",.,"A",,"A",,"A",,"A",,"A",30,"D",.,"A"
"20133",2734724,21,0,"1",60,"D",4600,"D",.,"A",.,"A",.,"A",,"A",,"A",,"A",,"A",.,"A",.,"A"
"20134",2613085,30,0,"1",3,"D",.,"A",25,"D",.,"A",.,"A",,"A",,"A",,"A",,"A",20,"D",.,"A"
"20134",2616175,17,0,"1",2,"D",300,"D",.,"A",13,"D",.,"A",,"A",,"A",,"A",,"A",16,"D",12,"D"
"20134",2616885,38,0,"1",1,"D",80,"D",.,"A",.,"A",.,"A",,"A",,"A",,"A",,"A",40,"D",34,"D"
"20134",2617255,50,0,"1",1,"D",100,"D",.,"A",.,"A",.,"A",,"A",,"A",,"A",,"A",.,"A",25,"D"
"20134",2618145,43,0,"1",1,"D",82,"D",.,"A",.,"A",.,"A",,"A",,"A",,"A",,"A",24,"D",.,"A"
"20134",2618785,40,0,"1",1,"D",102,"D",.,"A",.,"A",.,"A",,"A",,"A",,"A",,"A",.,"A",.,"A"
"20134",2624765,53,0,"1",4,"D",196,"D",.,"A",.,"A",.,"A",,"A",,"A",,"A",,"A",16,"D",.,"A"
"20134",2626525,89,0,"1",1,"D",.,"A",.,"A",.,"A",100,"D",,"A",,"A",,"A",,"A",180,"D",30,"D"
"20134",2628985,34,0,"1",1,"D",70,"D",.,"A",.,"A",.,"A",,"A",,"A",,"A",,"A",30,"D",.,"A"
"20134",2630895,61,0,"1",2,"D",240,"D",.,"A",.,"A",325,"D",,"A",,"A",,"A",,"A",40,"D",.,"A"
"20134",2632145,22,0,"1",2,"D",210,"F",.,"A",.,"A",.,"A",,"A",,"A",,"A",,"A",150,"F",.,"A"
"20134",2633665,41,0,"1",2,"D",56,"G",7,"G",.,"A",22,"G","1","D","1","D","1","D","2","D",55,"G",.,"A"
"20134",2638255,51,0,"1",2,"D",240,"D",30,"D",20,"F",.,"A",,"A",,"A",,"A",,"A",170,"D",30,"F"
"20134",2638785,27,0,"1",5,"D",210,"D",20,"D",.,"A",75,"D",,"A",,"A",,"A",,"A",60,"D",.,"A"
"20134",2639865,32,0,"1",2,"D",163,"G",29,"G",.,"A",42,"G","1","D","1","D","1","D","2","D",70,"G",.,"A"
"20134",2640735,36,0,"1",2,"D",515,"D",.,"A",.,"A",400,"D",,"A",,"A",,"A",,"A",300,"D",.,"A"
"20134",2642685,46,0,"1",2,"D",70,"D",.,"A",.,"A",.,"A",,"A",,"A",,"A",,"A",150,"D",.,"A"
"20134",2646885,23,0,"1",1,"D",23,"D",6,"D",.,"A",.,"A",,"A",,"A",,"A",,"A",22,"D",.,"A"
"20134",2650824,46,0,"1",1,"D",200,"D",15,"D",.,"A",.,"A",,"A",,"A",,"A",,"A",85,"D",.,"A"
"20134",2653204,53,0,"1",2,"D",200,"D",50,"D",.,"A",.,"A",,"A",,"A",,"A",,"A",50,"D",10,"D"
"20134",2654254,13,0,"1",2,"D",260,"G",.,"A",.,"A",.,"A","2","D","1","D","2","D","2","D",10,"D",.,"A"
"20134",2659464,61,0,"1",1,"D",115,"D",.,"A",.,"A",.,"A",,"A",,"A",,"A",,"A",.,"A",.,"A"
"20134",2662374,33,0,"1",1,"D",155,"D",.,"A",.,"A",.,"A",,"A",,"A",,"A",,"A",.,"A",.,"A"
"20134",2663494,29,0,"1",1,"D",79,"D",.,"A",.,"A",.,"A",,"A",,"A",,"A",,"A",.,"A",.,"A"
"20134",2666894,33,0,"1",2,"D",300,"D",50,"D",.,"A",.,"A",,"A",,"A",,"A",,"A",100,"D",60,"D"
"20134",2668764,59,0,"1",2,"D",650,"D",.,"A",.,"A",.,"A",,"A",,"A",,"A",,"A",320,"D",.,"A"
"20134",2669794,40,0,"1",1,"D",80,"D",.,"A",20,"D",.,"A",,"A",,"A",,"A",,"A",.,"A",30,"D"
"20134",2670554,22,0,"1",3,"D",.,"A",.,"A",.,"A",.,"A",,"A",,"A",,"A",,"A",50,"D",.,"A"
"20134",2675994,15,0,"1",1,"D",45,"D",.,"A",.,"A",.,"A",,"A",,"A",,"A",,"A",.,"A",20,"D"
"20134",2677234,35,0,"1",2,"D",1150,"D",.,"A",.,"A",.,"A",,"A",,"A",,"A",,"A",.,"A",.,"A"
"20134",2684273,31,0,"1",3,"D",.,"A",.,"A",.,"A",.,"A",,"A",,"A",,"A",,"A",60,"D",.,"A"
"20134",2684353,29,0,"1",1,"D",100,"D",.,"A",.,"A",.,"A",,"A",,"A",,"A",,"A",.,"A",.,"A"
"20134",2687103,33,0,"1",1,"D",40,"D",.,"A",.,"A",.,"A",,"A",,"A",,"A",,"A",50,"D",.,"A"
"20134",2690114,38,0,"1",1,"D",180,"D",.,"A",.,"A",.,"A",,"A",,"A",,"A",,"A",.,"A",.,"A"
"20134",2690183,50,0,"1",5,"D",100,"D",.,"A",.,"A",.,"A",,"A",,"A",,"A",,"A",140,"F",.,"A"
"20134",2692003,24,0,"1",2,"D",300,"D",.,"A",.,"A",.,"A",,"A",,"A",,"A",,"A",100,"D",70,"D"
"20134",2693313,64,0,"1",1,"D",224,"D",.,"A",.,"A",.,"A",,"A",,"A",,"A",,"A",60,"D",.,"A"
"20134",2694493,33,0,"1",1,"D",130,"D",.,"A",.,"A",.,"A",,"A",,"A",,"A",,"A",100,"D",.,"A"
"20134",2697623,26,0,"1",1,"D",40,"D",.,"A",.,"A",.,"A",,"A",,"A",,"A",,"A",.,"A",.,"A"
"20134",2698493,55,0,"1",4,"D",811,"D",.,"A",.,"A",.,"A",,"A",,"A",,"A",,"A",60,"D",.,"A"
"20134",2704403,31,0,"1",1,"D",239,"D",.,"A",.,"A",.,"A",,"A",,"A",,"A",,"A",35,"D",.,"A"
"20134",2704453,41,0,"1",2,"D",.,"A",.,"A",.,"A",.,"A",,"A",,"A",,"A",,"A",50,"D",.,"A"
"20134",2709133,29,0,"1",4,"D",500,"D",40,"D",.,"A",.,"A",,"A",,"A",,"A",,"A",160,"D",.,"A"
"20134",2709573,39,0,"1",1,"D",110,"D",.,"A",.,"A",.,"A",,"A",,"A",,"A",,"A",25,"D",30,"D"
"20134",2710013,48,0,"1",2,"D",400,"D",.,"A",.,"A",.,"A",,"A",,"A",,"A",,"A",100,"D",.,"A"
"20134",2712763,13,0,"1",2,"D",1317,"G",536,"G",.,"A",1057,"G","1","D","1","D","1","D","2","D",590,"G",.,"A"
"20134",2714692,37,0,"1",2,"D",166,"G",24,"G",.,"A",53,"G","1","D","1","D","1","D","2","D",77,"G",.,"A"
"20134",2715322,40,0,"1",12,"D",.,"A",.,"A",.,"A",.,"A","1","D","1","D","1","D","1","D",.,"A",.,"A"
"20134",2718962,18,0,"1",2,"D",120,"D",.,"A",.,"A",.,"A",,"A",,"A",,"A",,"A",80,"D",80,"D"
"20134",2720782,13,0,"1",1,"D",96,"G",.,"A",.,"A",.,"A","2","D","1","D","2","D","2","D",.,"A",.,"A"
"20134",2724655,24,0,"1",2,"D",300,"D",.,"A",.,"A",.,"A",,"A",,"A",,"A",,"A",.,"A",.,"A"
"20134",2724882,16,0,"1",1,"D",150,"D",25,"D",.,"A",8,"D",,"A",,"A",,"A",,"A",50,"D",.,"A"
"20134",2726665,43,0,"1",2,"D",400,"D",.,"A",.,"A",.,"A",,"A",,"A",,"A",,"A",140,"D",.,"A"
"20134",2727102,13,0,"1",1,"D",80,"D",.,"A",.,"A",.,"A",,"A",,"A",,"A",,"A",100,"D",.,"A"
"20134",2728362,29,0,"1",4,"D",254,"D",.,"A",.,"A",.,"A",,"A",,"A",,"A",,"A",150,"D",.,"A"
"20134",2728372,20,0,"1",1,"D",.,"A",40,"D",.,"A",.,"A",,"A",,"A",,"A",,"A",135,"D",.,"A"
"20134",2732502,11,0,"1",1,"D",191,"G",16,"G",14,"G",41,"G",,"A",,"A",,"A",,"A",139,"G",24,"G"
"20134",2732732,27,0,"1",3,"D",180,"D",.,"A",.,"A",.,"A",,"A",,"A",,"A",,"A",25,"D",.,"A"
"20134",2733752,21,0,"1",3,"D",.,"A",.,"A",.,"A",.,"A","1","D","1","D","2","D","2","D",20,"D",.,"A"
"20134",2736992,44,0,"1",5,"D",.,"A",.,"A",.,"A",40,"D",,"A",,"A",,"A",,"A",.,"A",.,"A"
"20134",2737672,36,0,"1",7,"D",500,"G",.,"A",.,"A",.,"A","2","D","1","D","2","D","2","D",1500,"D",.,"A"
"20134",2737802,33,0,"1",1,"D",60,"D",.,"A",.,"A",.,"A",,"A",,"A",,"A",,"A",.,"A",.,"A"
"20134",2743422,46,0,"1",4,"D",400,"D",.,"A",.,"A",.,"A",,"A",,"A",,"A",,"A",50,"D",.,"A"
"20134",2746342,25,0,"1",1,"D",90,"D",20,"D",.,"A",200,"D",,"A",,"A",,"A",,"A",30,"D",.,"A"
"20134",2747225,28,0,"1",1,"D",90,"D",12,"D",.,"A",180,"D",,"A",,"A",,"A",,"A",128,"D",.,"A"
"20134",2747754,34,0,"1",14,"D",1114,"D",.,"A",.,"A",.,"A",,"A",,"A",,"A",,"A",280,"D",50,"D"
"20134",2750085,9,0,"1",2,"D",.,"A",.,"A",.,"A",80,"D",,"A",,"A",,"A",,"A",10,"D",.,"A"
"20134",2750394,14,0,"1",4,"D",200,"D",.,"A",.,"A",.,"A",,"A",,"A",,"A",,"A",200,"D",.,"A"
"20134",2750675,34,0,"1",15,"D",210,"F",.,"A",.,"A",.,"A",,"A",,"A",,"A",,"A",.,"A",.,"A"
"20134",2754714,9,0,"1",2,"D",200,"D",.,"A",.,"A",20,"D",,"A",,"A",,"A",,"A",40,"D",.,"A"
"20134",2755645,35,0,"1",1,"D",500,"D",80,"D",.,"A",50,"D",,"A",,"A",,"A",,"A",170,"D",.,"A"
"20134",2774782,14,0,"1",5,"D",500,"D",150,"D",.,"A",.,"A",,"A",,"A",,"A",,"A",350,"D",.,"A"
"20141",2647935,17,0,"1",2,"D",164,"D",.,"A",.,"A",.,"A",,"A",,"A",,"A",,"A",100,"D",.,"A"
"20141",2655105,35,0,"1",2,"D",.,"A",.,"A",.,"A",.,"A",,"A",,"A",,"A",,"A",50,"D",.,"A"
"20141",2656385,58,0,"1",1,"D",150,"D",.,"A",.,"A",.,"A",,"A",,"A",,"A",,"A",75,"D",.,"A"
"20141",2658415,70,0,"1",1,"D",85,"D",.,"A",.,"A",.,"A",,"A",,"A",,"A",,"A",10,"D",.,"A"
"20141",2659465,59,0,"1",1,"D",165,"D",15,"D",.,"A",.,"A",,"A",,"A",,"A",,"A",30,"D",.,"A"
"20141",2661795,39,0,"1",1,"D",75,"D",.,"A",.,"A",.,"A",,"A",,"A",,"A",,"A",50,"D",.,"A"
"20141",2662445,41,0,"1",8,"D",350,"D",.,"A",.,"A",.,"A",,"A",,"A",,"A",,"A",350,"D",.,"A"
"20141",2667825,63,0,"1",1,"D",112,"D",80,"D",.,"A",.,"A",,"A",,"A",,"A",,"A",145,"D",.,"A"
"20141",2671765,34,0,"1",2,"D",.,"A",20,"D",.,"A",.,"A",,"A",,"A",,"A",,"A",180,"D",.,"A"
"20141",2672925,44,0,"1",1,"D",105,"D",.,"A",.,"A",.,"A",,"A",,"A",,"A",,"A",.,"A",.,"A"
"20141",2677305,30,0,"1",1,"D",70,"D",25,"D",.,"A",.,"A",,"A",,"A",,"A",,"A",75,"D",50,"D"
"20141",2679235,39,0,"1",35,"D",1200,"D",300,"D",.,"A",.,"A",,"A",,"A",,"A",,"A",0,"D",500,"D"
"20141",2682094,21,0,"1",1,"D",150,"D",30,"D",.,"A",.,"A",,"A",,"A",,"A",,"A",70,"D",.,"A"
"20141",2684714,83,0,"1",1,"D",155,"D",.,"A",.,"A",.,"A",,"A",,"A",,"A",,"A",.,"A",.,"A"
"20141",2687104,28,0,"1",1,"D",40,"D",.,"A",.,"A",.,"A",,"A",,"A",,"A",,"A",50,"D",.,"A"
"20141",2688644,23,0,"1",2,"D",256,"D",60,"D",.,"A",40,"D",,"A",,"A",,"A",,"A",90,"D",.,"A"
"20141",2689654,57,0,"1",2,"D",140,"D",50,"D",.,"A",40,"D",,"A",,"A",,"A",,"A",150,"D",.,"A"
"20141",2691574,20,0,"1",1,"D",100,"D",20,"D",.,"A",.,"A",,"A",,"A",,"A",,"A",20,"D",.,"A"
"20141",2701694,38,0,"1",2,"D",190,"D",10,"D",.,"A",50,"D",,"A",,"A",,"A",,"A",60,"D",.,"A"
"20141",2709574,44,0,"1",1,"D",119,"D",.,"A",.,"A",.,"A",,"A",,"A",,"A",,"A",.,"A",.,"A"
"20141",2709924,29,0,"1",1,"D",145,"G",21,"G",.,"A",.,"A","1","D","1","D","2","D","2","D",59,"G",.,"A"
"20141",2712114,26,0,"1",1,"D",101,"G",.,"A",.,"A",49,"G","2","D","1","D","1","D","2","D",.,"A",.,"A"
"20141",2714793,30,0,"1",1,"D",54,"D",.,"A",.,"A",.,"A",,"A",,"A",,"A",,"A",.,"A",30,"D"
"20141",2714983,26,0,"1",3,"D",500,"D",.,"A",.,"A",.,"A",,"A",,"A",,"A",,"A",150,"D",.,"A"
"20141",2718293,80,0,"1",2,"D",160,"D",.,"A",.,"A",.,"A",,"A",,"A",,"A",,"A",90,"D",.,"A"
"20141",2719644,57,0,"1",1,"D",60,"D",.,"A",.,"A",.,"A",,"A",,"A",,"A",,"A",.,"A",.,"A"
"20141",2722703,14,0,"1",3,"D",.,"A",.,"A",.,"A",300,"D",,"A",,"A",,"A",,"A",500,"D",50,"D"
"20141",2728503,52,0,"1",2,"D",1400,"D",.,"A",.,"A",.,"A",,"A",,"A",,"A",,"A",.,"A",.,"A"
"20141",2731443,33,0,"1",2,"D",250,"D",.,"A",.,"A",.,"A",,"A",,"A",,"A",,"A",40,"D",.,"A"
"20141",2734143,34,0,"1",1,"D",270,"D",60,"D",.,"A",.,"A",,"A",,"A",,"A",,"A",540,"D",.,"A"
"20141",2736103,41,0,"1",40,"D",4811,"G",1206,"G",761,"G",1454,"G",,"A",,"A",,"A",,"A",3774,"G",1834,"G"
"20141",2739783,68,0,"1",2,"D",.,"A",.,"A",.,"A",.,"A",,"A",,"A",,"A",,"A",30,"D",.,"A"
"20141",2739983,45,0,"1",1,"D",250,"D",.,"A",.,"A",.,"A",,"A",,"A",,"A",,"A",.,"A",.,"A"
"20141",2742393,30,0,"1",1,"D",70,"D",5,"D",.,"A",.,"A",,"A",,"A",,"A",,"A",20,"D",.,"A"
"20141",2745463,26,0,"1",1,"D",88,"D",.,"A",.,"A",.,"A",,"A",,"A",,"A",,"A",35,"D",10,"D"
"20141",2747272,14,0,"1",1,"D",65,"D",.,"A",20,"D",.,"A",,"A",,"A",,"A",,"A",.,"A",10,"D"
"20141",2748142,60,0,"1",5,"D",578,"G",103,"G",2,"G",305,"G","1","D","1","D","1","D","1","D",287,"G",6,"G"
"20141",2749212,88,0,"1",1,"D",125,"D",.,"A",.,"A",.,"A",,"A",,"A",,"A",,"A",.,"A",.,"A"
"20141",2749922,17,0,"1",2,"D",100,"D",50,"D",.,"A",.,"A",,"A",,"A",,"A",,"A",50,"D",.,"A"
"20141",2751912,31,0,"1",1,"D",140,"D",.,"A",.,"A",.,"A",,"A",,"A",,"A",,"A",50,"D",.,"A"
"20141",2755062,41,0,"1",1,"D",80,"D",.,"A",.,"A",115,"D",,"A",,"A",,"A",,"A",80,"D",.,"A"
"20141",2755302,14,0,"1",1,"D",.,"A",.,"A",.,"A",20,"D",,"A",,"A",,"A",,"A",.,"A",.,"A"
"20141",2759772,41,0,"1",1,"D",95,"D",.,"A",.,"A",30,"D",,"A",,"A",,"A",,"A",100,"D",.,"A"
"20141",2761692,32,0,"1",5,"D",.,"A",50,"D",.,"A",.,"A","2","D","1","D","2","D","2","D",300,"D",15,"D"
"20141",2762062,46,0,"1",2,"D",350,"D",.,"A",.,"A",.,"A",,"A",,"A",,"A",,"A",200,"D",.,"A"
"20141",2762412,46,0,"1",1,"D",292,"F",.,"A",.,"A",.,"A",,"A",,"A",,"A",,"A",.,"A",.,"A"
"20141",2762892,88,0,"1",2,"D",174,"D",.,"A",.,"A",.,"A",,"A",,"A",,"A",,"A",60,"D",.,"A"
"20141",2763142,25,0,"1",6,"D",420,"D",.,"A",.,"A",.,"A",,"A",,"A",,"A",,"A",.,"A",.,"A"
"20141",2763622,38,0,"1",1,"D",151,"D",.,"A",.,"A",.,"A",,"A",,"A",,"A",,"A",21,"D",.,"A"
"20141",2766633,43,0,"1",3,"D",330,"D",.,"A",.,"A",.,"A",,"A",,"A",,"A",,"A",.,"A",.,"A"
"20141",2768422,42,0,"1",2,"D",199,"G",29,"G",.,"A",91,"G","1","D","1","D","1","D","1","D",81,"G",30,"D"
"20141",2769862,22,0,"1",2,"D",177,"G",26,"G",.,"A",.,"A","1","D","1","D","2","D","2","D",72,"G",.,"A"
"20141",2772172,41,0,"1",1,"D",50,"D",.,"A",.,"A",.,"A",,"A",,"A",,"A",,"A",25,"D",.,"A"
"20141",2772192,48,0,"1",1,"D",180,"D",20,"D",.,"A",.,"A",,"A",,"A",,"A",,"A",140,"D",.,"A"
"20141",2772952,28,0,"1",1,"D",89,"D",.,"A",.,"A",.,"A",,"A",,"A",,"A",,"A",20,"D",.,"A"
"20141",2775454,22,0,"1",3,"D",60,"D",15,"D",.,"A",.,"A",,"A",,"A",,"A",,"A",95,"D",.,"A"
"20141",2776562,16,0,"1",10,"D",600,"D",.,"A",.,"A",.,"A",,"A",,"A",,"A",,"A",200,"D",.,"A"
"20141",2776932,42,0,"1",1,"D",150,"D",60,"F",.,"A",.,"A",,"A",,"A",,"A",,"A",90,"F",.,"A"
"20141",2777012,57,0,"1",1,"D",89,"D",12,"D",.,"A",.,"A",,"A",,"A",,"A",,"A",40,"D",.,"A"
"20141",2777802,58,0,"1",1,"D",99,"D",20,"D",.,"A",130,"D",,"A",,"A",,"A",,"A",130,"D",.,"A"
"20141",2778302,24,0,"1",1,"D",70,"D",.,"A",.,"A",.,"A",,"A",,"A",,"A",,"A",30,"D",6,"D"
"20141",2779382,17,0,"1",2,"D",250,"D",.,"A",.,"A",.,"A",,"A",,"A",,"A",,"A",.,"A",.,"A"
"20141",2784462,18,0,"1",1,"D",.,"A",.,"A",.,"A",5,"D",,"A",,"A",,"A",,"A",20,"D",.,"A"
"20141",2788294,30,0,"1",2,"D",130,"D",.,"A",.,"A",.,"A",,"A",,"A",,"A",,"A",100,"D",.,"A"
"20141",2799055,39,0,"1",2,"D",160,"D",.,"A",.,"A",.,"A",,"A",,"A",,"A",,"A",20,"D",.,"A"
"20141",2809235,18,0,"1",16,"D",400,"D",600,"D",.,"A",200,"D",,"A",,"A",,"A",,"A",600,"D",300,"D"
