"QYEAR","NEWID","SEQNO","ALCNO","REC_ORIG","RENTCODE","RENT_ODE","BSNSPCTZ","BSNS_CTZ","QADRENTX","QADR_NTX","ANYVACAT","ANYV_CAT"
"20131",2511675,45,0,"1","100","D",.,"A",60,"D","2","D"
"20131",2513935,64,0,"1","100","D",.,"A",.,"A","1","D"
"20131",2514615,47,0,"1","100","D",.,"A",26,"D","2","D"
"20131",2514925,48,0,"1","100","D",.,"A",.,"A","1","D"
"20131",2515025,65,0,"1","100","D",.,"A",.,"A","1","D"
"20131",2516235,49,0,"1","100","D",.,"A",.,"A","1","D"
"20131",2516765,54,0,"1","100","D",.,"A",.,"A","1","D"
"20131",2517325,62,0,"1","200","D",.,"A",58,"D","2","D"
"20131",2521095,93,0,"1","100","D",.,"A",.,"A","1","D"
"20131",2521245,54,0,"1","100","D",.,"A",178,"D","2","D"
"20131",2521385,49,0,"1","100","D",.,"A",.,"A","1","D"
"20131",2524655,32,0,"1","100","D",.,"A",.,"A","1","D"
"20131",2526175,31,0,"1","100","D",.,"A",.,"A","1","D"
"20131",2529905,61,0,"1","100","D",.,"A",.,"A","1","D"
"20131",2529905,62,0,"1","110","D",.,"A",.,"A","1","D"
"20131",2529945,70,0,"1","100","D",.,"A",.,"A","1","D"
"20131",2530225,50,0,"1","100","D",.,"A",.,"A","1","D"
"20131",2530435,62,0,"1","100","D",.,"A",48,"D","2","D"
"20131",2531175,61,0,"1","110","D",.,"A",60,"D","2","D"
"20131",2531705,41,0,"1","100","D",.,"A",40,"D","2","D"
"20131",2532465,62,0,"1","100","D",.,"A",2000,"D","2","D"
"20131",2534625,62,0,"1","100","D",.,"A",.,"A","1","D"
"20131",2534705,37,0,"1","100","D",.,"A",184,"D","2","D"
"20131",2536175,54,0,"1","100","D",.,"A",.,"A","1","D"
"20131",2536185,38,0,"1","100","D",.,"A",.,"A","1","D"
"20131",2538455,30,0,"1","100","D",.,"A",120,"D","2","D"
"20131",2539965,81,0,"1","100","D",.,"A",.,"A","1","D"
"20131",2540095,28,0,"1","100","D",.,"A",.,"A","1","D"
"20131",2540845,42,0,"1","100","D",.,"A",.,"A","1","D"
"20131",2544265,25,0,"1","100","D",.,"A",.,"A","1","D"
"20131",2544345,95,0,"1","100","D",.,"A",.,"A","1","D"
"20131",2544705,37,0,"1","100","D",0.8,"D",280,"D","2","D"
"20131",2545374,55,0,"1","100","D",.,"A",.,"A","1","D"
"20131",2545664,37,0,"1","110","D",.,"A",96,"D","2","D"
"20131",2547514,55,0,"1","100","D",.,"A",1922,"D","2","D"
"20131",2548774,51,0,"1","100","D",.,"A",390,"D","2","D"
"20131",2550014,44,0,"1","110","D",.,"A",20,"D","2","D"
"20131",2550404,96,0,"1","100","D",.,"A",.,"A","1","D"
"20131",2550734,44,0,"1","100","D",.,"A",.,"A","1","D"
"20131",2553134,102,0,"1","200","D",.,"A",700,"D","2","D"
"20131",2554914,66,0,"1","100","D",.,"A",.,"A","1","D"
"20131",2555634,81,0,"1","100","D",.,"A",.,"A","1","D"
"20131",2556334,123,0,"1","100","D",.,"A",.,"A","1","D"
"20131",2557164,70,0,"1","110","D",.,"A",.,"A","1","D"
"20131",2557904,81,0,"1","100","D",.,"A",.,"A","1","D"
"20131",2559594,44,0,"1","100","D",.,"A",.,"A","1","D"
"20131",2560694,59,0,"1","100","D",.,"A",.,"A","1","D"
"20131",2562694,44,0,"1","100","D",.,"A",.,"A","1","D"
"20131",2563304,54,0,"1","100","D",.,"A",.,"A","1","D"
"20131",2564404,38,0,"1","100","D",.,"A",350,"D","2","D"
"20131",2564624,35,0,"1","100","D",.,"A",.,"A","1","D"
"20131",2566474,72,0,"1","100","D",.,"A",.,"A","1","D"
"20131",2567005,71,0,"1","100","D",.,"A",.,"A","1","D"
"20131",2567774,34,0,"1","100","D",.,"A",319,"D","2","D"
"20131",2567934,38,0,"1","110","D",.,"A",.,"A","1","D"
"20131",2567974,53,0,"1","100","D",.,"A",.,"A","1","D"
"20131",2569654,55,0,"1","100","D",.,"A",.,"A","1","D"
"20131",2571004,27,0,"1","100","D",.,"A",.,"A","1","D"
"20131",2571414,66,0,"1","100","D",.,"A",.,"A","1","D"
"20131",2572334,77,0,"1","100","D",.,"A",.,"A","1","D"
"20131",2576244,34,0,"1","100","D",.,"A",.,"A","1","D"
"20131",2577924,28,0,"1","100","D",.,"A",25,"D","2","D"
"20131",2578734,44,0,"1","100","D",.,"A",14,"D","2","D"
"20131",2578784,50,0,"1","110","D",.,"A",.,"A","1","D"
"20131",2578784,51,0,"1","100","D",.,"A",.,"A","1","D"
"20131",2578804,70,0,"1","100","D",.,"A",.,"A","1","D"
"20131",2581483,86,0,"1","110","D",.,"A",.,"A","1","D"
"20131",2582563,58,0,"1","100","D",.,"A",.,"A","1","D"
"20131",2582943,52,0,"1","100","D",.,"A",.,"A","1","D"
"20131",2583303,33,0,"1","100","D",.,"A",1200,"D","2","D"
"20131",2585063,75,0,"1","100","D",.,"A",.,"A","1","D"
"20131",2588413,59,0,"1","100","D",.,"A",34,"D","2","D"
"20131",2588833,33,0,"1","100","D",.,"A",88,"D","2","D"
"20131",2589413,44,0,"1","100","D",.,"A",.,"A","1","D"
"20131",2590123,38,0,"1","100","D",.,"A",1,"D","2","D"
"20131",2591433,36,0,"1","100","D",1,"D",0,"D","2","D"
"20131",2592243,36,0,"1","100","D",.,"A",.,"A","1","D"
"20131",2593195,26,0,"1","100","D",.,"A",50,"D","2","D"
"20131",2593823,25,0,"1","110","D",.,"A",40,"D","2","D"
"20131",2596843,48,0,"1","100","D",.,"A",.,"A","1","D"
"20131",2597633,34,0,"1","100","D",.,"A",.,"A","1","D"
"20131",2599243,43,0,"1","100","D",.,"A",.,"A","1","D"
"20131",2599503,30,0,"1","100","D",.,"A",.,"A","1","D"
"20131",2600983,59,0,"1","100","D",.,"A",.,"A","1","D"
"20131",2601163,71,0,"1","100","D",.,"A",1400,"D","2","D"
"20131",2603333,53,0,"1","100","D",.,"A",.,"A","1","D"
"20131",2603933,56,0,"1","110","D",.,"A",.,"A","1","D"
"20131",2605663,42,0,"1","100","D",.,"A",160,"D","2","D"
"20131",2606803,35,0,"1","100","D",.,"A",.,"A","1","D"
"20131",2608503,61,0,"1","100","D",.,"A",.,"A","1","D"
"20131",2608963,35,0,"1","100","D",.,"A",.,"A","1","D"
"20131",2609203,41,0,"1","100","D",.,"A",56,"D","2","D"
"20131",2609323,22,0,"1","110","D",.,"A",80,"D","2","D"
"20131",2610133,46,0,"1","100","D",.,"A",371,"D","2","D"
"20131",2612473,46,0,"1","150","D",.,"A",.,"A","1","D"
"20131",2613732,85,0,"1","100","D",.,"A",35,"D","2","D"
"20131",2614212,52,0,"1","100","D",0.33,"D",469,"D","2","D"
"20131",2614442,67,0,"1","110","D",.,"A",.,"A","1","D"
"20131",2614442,68,0,"1","110","D",.,"A",290,"D","2","D"
"20131",2614572,53,0,"1","100","D",.,"A",.,"A","1","D"
"20131",2614582,63,0,"1","100","D",.,"A",.,"A","1","D"
"20131",2614582,64,0,"1","100","D",.,"A",.,"A","1","D"
"20131",2615625,30,0,"1","100","D",1,"D",0,"D","2","D"
"20131",2619812,53,0,"1","100","D",.,"A",.,"A","1","D"
"20131",2619992,44,0,"1","100","D",.,"A",160,"D","2","D"
"20131",2620182,43,0,"1","110","D",.,"A",.,"A","1","D"
"20131",2620932,55,0,"1","100","D",.,"A",.,"A","1","D"
"20131",2620932,56,0,"1","100","D",.,"A",.,"A","1","D"
"20131",2621112,46,0,"1","110","D",.,"A",.,"A","1","D"
"20131",2621192,71,0,"1","100","D",.,"A",22,"D","2","D"
"20131",2621192,72,0,"1","100","D",.,"A",.,"A","1","D"
"20131",2621582,45,0,"1","100","D",.,"A",.,"A","1","D"
"20131",2621582,46,0,"1","200","D",.,"A",.,"A","1","D"
"20131",2621922,48,0,"1","100","D",.,"A",.,"A","1","D"
"20131",2622172,66,0,"1","110","D",.,"A",.,"A","1","D"
"20131",2622172,67,0,"1","100","D",.,"A",.,"A","1","D"
"20131",2622662,41,0,"1","100","D",.,"A",.,"A","1","D"
"20131",2623402,42,0,"1","100","D",.,"A",.,"A","1","D"
"20131",2623402,43,0,"1","100","D",.,"A",750,"D","2","D"
"20131",2626892,48,0,"1","100","D",.,"A",.,"A","1","D"
"20131",2628922,52,0,"1","100","D",.,"A",.,"A","1","D"
"20131",2629952,69,0,"1","100","D",.,"A",36,"D","2","D"
"20131",2630162,57,0,"1","100","D",.,"A",236,"D","2","D"
"20131",2630322,39,0,"1","100","D",.,"A",300,"D","2","D"
"20131",2630652,31,0,"1","100","D",.,"A",.,"A","1","D"
"20131",2632612,37,0,"1","100","D",.,"A",289,"F","2","D"
"20131",2632692,93,0,"1","100","D",.,"A",.,"A","1","D"
"20131",2633882,32,0,"1","100","D",.,"A",.,"A","1","D"
"20131",2634015,30,0,"1","200","D",.,"A",.,"A","1","D"
"20131",2634224,31,0,"1","100","D",.,"A",70,"D","2","D"
"20131",2635312,45,0,"1","110","D",.,"A",59,"D","2","D"
"20131",2636542,55,0,"1","100","D",.,"A",100,"D","2","D"
"20131",2636952,45,0,"1","110","D",.,"A",78,"D","2","D"
"20131",2637462,87,0,"1","100","D",.,"A",.,"A","1","D"
"20131",2637912,49,0,"1","100","D",.,"A",.,"A","1","D"
"20131",2639192,60,0,"1","100","D",.,"A",46,"D","2","D"
"20131",2639242,71,0,"1","100","D",.,"A",.,"A","1","D"
"20131",2639922,36,0,"1","100","D",.,"A",.,"A","1","D"
"20131",2640012,29,0,"1","100","D",.,"A",18,"D","2","D"
"20131",2640052,63,0,"1","110","D",.,"A",190,"D","2","D"
"20131",2640302,61,0,"1","100","D",.,"A",.,"A","1","D"
"20131",2640632,46,0,"1","110","D",.,"A",.,"A","1","D"
"20131",2640845,41,0,"1","100","D",.,"A",.,"A","1","D"
"20131",2645532,45,0,"1","100","D",.,"A",120,"D","2","D"
"20131",2646252,45,0,"1","110","D",.,"A",82,"D","2","D"
"20131",2650744,41,0,"1","110","D",.,"A",70,"D","2","D"
"20131",2662474,41,0,"1","100","D",0.8,"D",110,"D","2","D"
"20131",2665434,39,0,"1","100","D",.,"A",25,"D","2","D"
"20131",2666225,37,0,"1","110","D",.,"A",.,"A","1","D"
"20131",2668095,27,0,"1","110","D",.,"A",40,"D","2","D"
"20131",2672944,62,0,"1","100","D",.,"A",.,"A","1","D"
"20131",2677263,40,0,"1","110","D",.,"A",.,"A","1","D"
"20131",2679225,27,0,"1","110","D",.,"A",125,"D","2","D"
"20131",2679864,55,0,"1","110","D",.,"A",460,"D","2","D"
"20132",2545275,40,0,"1","105","D",.,"A",54,"D","1","D"
"20132",2545375,40,0,"1","105","D",.,"A",130,"D","1","D"
"20132",2546385,12,0,"1","105","D",.,"A",46,"D","2","D"
"20132",2546385,13,0,"1","105","D",.,"A",40,"D","2","D"
"20132",2546725,25,0,"1","105","D",.,"A",250,"D","1","D"
"20132",2549415,66,0,"1","105","D",.,"A",250,"D","1","D"
"20132",2549855,58,0,"1","105","D",.,"A",175,"D","2","D"
"20132",2550015,37,0,"1","105","D",.,"A",4,"D","2","D"
"20132",2550365,49,0,"1","105","D",.,"A",46,"D","1","D"
"20132",2553205,26,0,"1","105","D",.,"A",180,"D","1","D"
"20132",2553415,17,0,"1","105","D",.,"A",170,"D","2","D"
"20132",2553455,30,0,"1","105","D",.,"A",140,"D","2","D"
"20132",2553665,29,0,"1","105","D",.,"A",1600,"D","2","D"
"20132",2553795,33,0,"1","105","D",.,"A",120,"D","1","D"
"20132",2554245,11,0,"1","105","D",.,"A",300,"D","1","D"
"20132",2554915,43,0,"1","105","D",.,"A",1200,"D","1","D"
"20132",2555675,31,0,"1","105","D",.,"A",260,"D","2","D"
"20132",2556405,32,0,"1","200","D",.,"A",210,"D","2","D"
"20132",2559155,47,0,"1","105","D",.,"A",178,"D","1","D"
"20132",2559165,10,0,"1","200","D",.,"A",200,"D","2","D"
"20132",2559335,33,0,"1","105","D",.,"A",84,"D","1","D"
"20132",2559485,21,0,"1","105","D",.,"A",80,"D","1","D"
"20132",2560385,21,0,"1","105","D",.,"A",60,"D","1","D"
"20132",2561685,48,0,"1","105","D",.,"A",89,"D","1","D"
"20132",2562045,29,0,"1","105","D",.,"A",350,"D","1","D"
"20132",2562085,44,0,"1","105","D",.,"A",185,"D","2","D"
"20132",2562935,35,0,"1","105","D",.,"A",175,"D","1","D"
"20132",2564955,47,0,"1","105","D",.,"A",433,"D","1","D"
"20132",2566085,38,0,"1","105","D",.,"A",50,"D","2","D"
"20132",2566745,18,0,"1","105","D",.,"A",750,"D","1","D"
"20132",2567775,25,0,"1","105","D",.,"A",307,"D","2","D"
"20132",2567915,26,0,"1","105","D",.,"A",146,"D","2","D"
"20132",2568375,36,0,"1","105","D",.,"A",70,"D","2","D"
"20132",2568855,11,0,"1","105","D",.,"A",300,"D","1","D"
"20132",2569765,27,0,"1","105","D",.,"A",300,"D","1","D"
"20132",2571835,26,0,"1","105","D",.,"A",76,"D","2","D"
"20132",2572515,19,0,"1","105","D",.,"A",571,"D","1","D"
"20132",2573615,35,0,"1","105","D",.,"A",102,"D","1","D"
"20132",2574215,10,0,"1","105","D",.,"A",300,"D","1","D"
"20132",2575515,20,0,"1","105","D",.,"A",36,"D","2","D"
"20132",2576395,14,0,"1","105","D",.,"A",250,"D","1","D"
"20132",2577105,42,0,"1","105","D",.,"A",349,"D","1","D"
"20132",2577925,13,0,"1","105","D",.,"A",80,"D","1","D"
"20132",2578305,62,0,"1","105","D",.,"A",18,"D","2","D"
"20132",2578305,63,0,"1","200","D",.,"A",480,"D","2","D"
"20132",2578595,60,0,"1","105","D",.,"A",288,"D","1","D"
"20132",2578735,27,0,"1","105","D",.,"A",16,"D","2","D"
"20132",2578785,40,0,"1","105","D",.,"A",260,"D","1","D"
"20132",2582144,48,0,"1","105","D",.,"A",300,"D","2","D"
"20132",2582944,32,0,"1","105","D",.,"A",175,"D","1","D"
"20132",2582944,33,0,"1","105","D",1,"D",0,"D","1","D"
"20132",2583775,28,0,"1","105","D",.,"A",280,"D","1","D"
"20132",2587654,38,0,"1","180","D",.,"A",45,"D","2","D"
"20132",2588834,23,0,"1","105","D",.,"A",183,"D","2","D"
"20132",2589284,47,0,"1","105","D",0.5,"D",1000,"D","1","D"
"20132",2589944,10,0,"1","200","D",.,"A",64,"D","2","D"
"20132",2590564,61,0,"1","105","D",1,"D",0,"D","2","D"
"20132",2591194,14,0,"1","105","D",.,"A",60,"D","1","D"
"20132",2594484,29,0,"1","105","D",.,"A",400,"D","1","D"
"20132",2594484,30,0,"1","105","D",.,"A",400,"D","1","D"
"20132",2596534,20,0,"1","105","D",.,"A",9,"D","1","D"
"20132",2598044,22,0,"1","105","D",.,"A",210,"D","1","D"
"20132",2598114,26,0,"1","105","D",.,"A",470,"D","2","D"
"20132",2598174,44,0,"1","105","D",.,"A",300,"D","1","D"
"20132",2599454,64,0,"1","105","D",1,"D",0,"D","1","D"
"20132",2599664,44,0,"1","105","D",.,"A",350,"D","1","D"
"20132",2599664,45,0,"1","105","D",.,"A",453,"D","1","D"
"20132",2600244,45,0,"1","105","D",.,"A",90,"D","1","D"
"20132",2600424,20,0,"1","105","D",.,"A",65,"D","1","D"
"20132",2600804,45,0,"1","105","D",.,"A",238,"D","1","D"
"20132",2600984,39,0,"1","105","D",.,"A",380,"D","1","D"
"20132",2600984,40,0,"1","180","D",.,"A",170,"D","1","D"
"20132",2601124,17,0,"1","105","D",.,"A",23,"D","2","D"
"20132",2603904,23,0,"1","105","D",.,"A",400,"D","1","D"
"20132",2603934,45,0,"1","105","D",.,"A",300,"D","1","D"
"20132",2604224,16,0,"1","105","D",.,"A",290,"D","1","D"
"20132",2604804,10,0,"1","160","D",.,"A",150,"D","1","D"
"20132",2605064,42,0,"1","105","D",.,"A",15,"D","1","D"
"20132",2605934,32,0,"1","105","D",.,"A",90,"D","2","D"
"20132",2607304,30,0,"1","105","D",.,"A",400,"D","2","D"
"20132",2607534,34,0,"1","105","D",.,"A",300,"D","1","D"
"20132",2607834,17,0,"1","105","D",1,"D",0,"D","1","D"
"20132",2610274,35,0,"1","105","D",.,"A",325,"D","1","D"
"20132",2610534,11,0,"1","105","D",.,"A",200,"D","2","D"
"20132",2611314,14,0,"1","105","D",.,"A",350,"D","2","D"
"20132",2612374,70,0,"1","105","D",.,"A",110,"D","1","D"
"20132",2614663,40,0,"1","105","D",.,"A",150,"D","1","D"
"20132",2614783,45,0,"1","105","D",.,"A",289,"D","1","D"
"20132",2615643,24,0,"1","105","D",.,"A",389,"D","2","D"
"20132",2615943,34,0,"1","105","D",.,"A",200,"D","2","D"
"20132",2616133,33,0,"1","105","D",.,"A",40,"D","1","D"
"20132",2617853,30,0,"1","105","D",.,"A",60,"D","1","D"
"20132",2618143,34,0,"1","105","D",.,"A",300,"D","2","D"
"20132",2620693,15,0,"1","105","D",.,"A",250,"D","1","D"
"20132",2621113,31,0,"1","105","D",.,"A",1,"D","1","D"
"20132",2621193,49,0,"1","105","D",.,"A",1,"D","2","D"
"20132",2621433,51,0,"1","105","D",.,"A",621,"D","1","D"
"20132",2621473,25,0,"1","105","D",.,"A",80,"D","1","D"
"20132",2621593,27,0,"1","105","D",.,"A",100,"D","2","D"
"20132",2621593,28,0,"1","105","D",.,"A",40,"D","2","D"
"20132",2623403,31,0,"1","105","D",.,"A",700,"D","1","D"
"20132",2623403,32,0,"1","105","D",.,"A",120,"D","1","D"
"20132",2626893,31,0,"1","105","D",.,"A",261,"D","1","D"
"20132",2628253,18,0,"1","105","D",.,"A",300,"D","2","D"
"20132",2629913,35,0,"1","105","D",.,"A",120,"D","1","D"
"20132",2629953,57,0,"1","105","D",.,"A",125,"D","1","D"
"20132",2632613,19,0,"1","105","D",0.5,"D",100,"D","2","D"
"20132",2633723,10,0,"1","105","D",.,"A",56,"D","2","D"
"20132",2634225,17,0,"1","105","D",.,"A",90,"D","2","D"
"20132",2635313,21,0,"1","105","D",.,"A",300,"D","1","D"
"20132",2635333,28,0,"1","105","D",.,"A",100,"D","1","D"
"20132",2635753,26,0,"1","105","D",.,"A",115,"D","1","D"
"20132",2639193,38,0,"1","105","D",.,"A",18,"D","2","D"
"20132",2639233,40,0,"1","105","D",.,"A",285,"D","1","D"
"20132",2640633,16,0,"1","105","D",.,"A",50,"D","1","D"
"20132",2641033,32,0,"1","105","D",.,"A",1704,"D","2","D"
"20132",2641983,28,0,"1","105","D",.,"A",150,"D","1","D"
"20132",2642983,50,0,"1","105","D",.,"A",15,"D","2","D"
"20132",2643203,75,0,"1","105","D",.,"A",252,"D","1","D"
"20132",2643503,15,0,"1","105","D",1,"D",0,"D","1","D"
"20132",2644123,41,0,"1","105","D",.,"A",1,"D","1","D"
"20132",2644263,30,0,"1","105","D",.,"A",599,"D","1","D"
"20132",2644993,50,0,"1","170","D",.,"A",15,"D","1","D"
"20132",2645573,20,0,"1","105","D",.,"A",285,"D","1","D"
"20132",2645723,61,0,"1","105","D",.,"A",225,"D","1","D"
"20132",2647232,14,0,"1","105","D",.,"A",160,"D","2","D"
"20132",2647752,8,0,"1","105","D",.,"A",200,"D","2","D"
"20132",2648322,27,0,"1","105","D",.,"A",450,"D","1","D"
"20132",2648782,22,0,"1","105","D",.,"A",1731,"D","2","D"
"20132",2649582,27,0,"1","105","D",.,"A",220,"D","2","D"
"20132",2649892,33,0,"1","105","D",.,"A",185,"D","1","D"
"20132",2649892,34,0,"1","105","D",.,"A",138,"D","1","D"
"20132",2650362,19,0,"1","105","D",.,"A",400,"D","2","D"
"20132",2650862,32,0,"1","105","D",.,"A",720,"D","2","D"
"20132",2651202,45,0,"1","105","D",.,"A",90,"D","1","D"
"20132",2652022,20,0,"1","105","D",.,"A",365,"D","1","D"
"20132",2652522,57,0,"1","105","D",.,"A",126,"D","2","D"
"20132",2652662,26,0,"1","105","D",.,"A",300,"D","1","D"
"20132",2653202,37,0,"1","105","D",.,"A",127,"D","1","D"
"20132",2653732,33,0,"1","105","D",.,"A",150,"D","1","D"
"20132",2654212,44,0,"1","105","D",.,"A",270,"D","1","D"
"20132",2654912,46,0,"1","105","D",0.8,"D",200,"D","1","D"
"20132",2655102,38,0,"1","105","D",.,"A",61,"D","2","D"
"20132",2655412,53,0,"1","105","D",.,"A",279,"D","1","D"
"20132",2655762,34,0,"1","105","D",.,"A",575,"D","1","D"
"20132",2657072,34,0,"1","105","D",.,"A",320,"D","1","D"
"20132",2657282,24,0,"1","105","D",.,"A",600,"D","2","D"
"20132",2657312,11,0,"1","105","D",.,"A",80,"D","1","D"
"20132",2657542,44,0,"1","105","D",.,"A",150,"D","1","D"
"20132",2658392,15,0,"1","105","D",.,"A",200,"D","1","D"
"20132",2660282,22,0,"1","105","D",.,"A",1,"D","2","D"
"20132",2660602,44,0,"1","105","D",.,"A",75,"D","2","D"
"20132",2661592,50,0,"1","105","D",.,"A",700,"D","1","D"
"20132",2661952,49,0,"1","105","D",.,"A",550,"D","1","D"
"20132",2661952,50,0,"1","105","D",1,"D",0,"D","1","D"
"20132",2663222,45,0,"1","105","D",.,"A",248,"D","1","D"
"20132",2663732,33,0,"1","105","D",.,"A",170,"D","1","D"
"20132",2664552,25,0,"1","105","D",1,"D",0,"D","1","D"
"20132",2664992,31,0,"1","105","D",.,"A",280,"D","1","D"
"20132",2665342,27,0,"1","105","D",.,"A",500,"D","2","D"
"20132",2666522,49,0,"1","105","D",.,"A",95,"D","1","D"
"20132",2667002,14,0,"1","105","D",.,"A",1500,"D","1","D"
"20132",2669522,11,0,"1","105","D",.,"A",150,"D","2","D"
"20132",2670812,30,0,"1","105","D",.,"A",100,"D","2","D"
"20132",2670912,36,0,"1","105","D",0.4,"D",246,"D","2","D"
"20132",2672072,40,0,"1","105","D",.,"A",376,"D","1","D"
"20132",2672732,60,0,"1","105","D",.,"A",124,"D","1","D"
"20132",2674582,37,0,"1","105","D",.,"A",225,"D","1","D"
"20132",2675122,31,0,"1","105","D",.,"A",150,"D","2","D"
"20132",2676662,20,0,"1","105","D",1,"D",0,"D","1","D"
"20132",2676912,39,0,"1","105","D",.,"A",199,"D","1","D"
"20132",2677222,28,0,"1","105","D",.,"A",300,"D","2","D"
"20132",2677232,17,0,"1","105","D",.,"A",178,"D","1","D"
"20132",2677932,22,0,"1","105","D",.,"A",187,"D","1","D"
"20132",2678662,17,0,"1","105","D",.,"A",128,"D","1","D"
"20132",2678742,20,0,"1","105","D",1,"D",0,"D","1","D"
"20132",2678872,32,0,"1","105","D",.,"A",125,"D","2","D"
"20132",2679442,49,0,"1","105","D",0.8,"D",40,"D","2","D"
"20132",2680032,32,0,"1","105","D",.,"A",89,"D","1","D"
"20132",2683944,10,0,"1","105","D",.,"A",80,"D","1","D"
"20132",2686104,11,0,"1","105","D",0.5,"D",1000,"D","1","D"
"20132",2686663,14,0,"1","105","D",.,"A",500,"D","1","D"
"20132",2686842,20,0,"1","200","D",.,"A",120,"D","2","D"
"20132",2692183,14,0,"1","105","D",.,"A",77,"D","2","D"
"20132",2705285,15,0,"1","105","D",.,"A",100,"D","2","D"
"20132",2709415,16,0,"1","105","D",.,"A",200,"D","2","D"
"20133",2580745,33,0,"1","105","D",1,"D",0,"D","1","D"
"20133",2581325,24,0,"1","105","D",.,"A",1200,"D","2","D"
"20133",2582045,13,0,"1","105","D",.,"A",300,"D","1","D"
"20133",2583915,25,0,"1","105","D",.,"A",350,"D","2","D"
"20133",2583915,26,0,"1","105","D",.,"A",400,"D","1","D"
"20133",2584155,46,0,"1","105","D",.,"A",182,"D","1","D"
"20133",2584355,54,0,"1","105","D",.,"A",116,"D","1","D"
"20133",2585335,28,0,"1","170","D",.,"A",100,"D","1","D"
"20133",2585665,58,0,"1","105","D",.,"A",90,"D","1","D"
"20133",2588325,18,0,"1","105","D",.,"A",125,"D","2","D"
"20133",2588735,38,0,"1","105","D",.,"A",525,"D","1","D"
"20133",2589255,38,0,"1","160","D",.,"A",30,"D","2","D"
"20133",2589315,58,0,"1","105","D",.,"A",200,"D","2","D"
"20133",2590565,51,0,"1","105","D",.,"A",165,"D","1","D"
"20133",2590675,46,0,"1","105","D",.,"A",1,"D","2","D"
"20133",2590965,14,0,"1","105","D",.,"A",321,"D","1","D"
"20133",2591975,35,0,"1","105","D",.,"A",35,"D","1","D"
"20133",2592065,46,0,"1","105","D",.,"A",420,"D","1","D"
"20133",2592385,54,0,"1","160","D",.,"A",50,"D","1","D"
"20133",2594995,33,0,"1","105","D",.,"A",808,"D","1","D"
"20133",2596145,38,0,"1","105","D",.,"A",1767,"D","1","D"
"20133",2596915,31,0,"1","105","D",.,"A",165,"D","2","D"
"20133",2597175,45,0,"1","105","D",.,"A",34,"D","1","D"
"20133",2597635,19,0,"1","200","D",.,"A",120,"D","1","D"
"20133",2598525,30,0,"1","160","D",.,"A",200,"D","1","D"
"20133",2599825,36,0,"1","105","D",.,"A",600,"D","1","D"
"20133",2599885,20,0,"1","105","D",.,"A",130,"D","2","D"
"20133",2600735,36,0,"1","105","D",.,"A",250,"D","1","D"
"20133",2600935,16,0,"1","105","D",.,"A",120,"D","1","D"
"20133",2600985,36,0,"1","105","D",.,"A",350,"D","1","D"
"20133",2601195,31,0,"1","160","D",.,"A",325,"D","2","D"
"20133",2603935,34,0,"1","105","D",.,"A",350,"D","1","D"
"20133",2604535,14,0,"1","200","D",.,"A",60,"D","1","D"
"20133",2604805,14,0,"1","105","D",.,"A",400,"D","1","D"
"20133",2605555,47,0,"1","105","D",.,"A",370,"D","2","D"
"20133",2605955,17,0,"1","170","D",.,"A",150,"D","2","D"
"20133",2606065,9,0,"1","105","D",.,"A",70,"D","2","D"
"20133",2606485,34,0,"1","105","D",.,"A",280,"D","1","D"
"20133",2606645,51,0,"1","150","D",.,"A",75,"D","1","D"
"20133",2606805,27,0,"1","105","D",1,"D",0,"D","1","D"
"20133",2607305,32,0,"1","105","D",.,"A",400,"D","2","D"
"20133",2609345,39,0,"1","105","D",.,"A",980,"D","1","D"
"20133",2610735,11,0,"1","105","D",.,"A",208,"D","2","D"
"20133",2612065,39,0,"1","105","D",.,"A",400,"D","1","D"
"20133",2612924,34,0,"1","105","D",.,"A",170,"D","1","D"
"20133",2613554,14,0,"1","105","D",.,"A",2500,"D","2","D"
"20133",2613554,15,0,"1","105","D",.,"A",1250,"D","2","D"
"20133",2614444,47,0,"1","105","D",.,"A",140,"D","2","D"
"20133",2616714,32,0,"1","105","D",.,"A",65,"D","1","D"
"20133",2617104,47,0,"1","105","D",.,"A",1425,"D","1","D"
"20133",2617144,43,0,"1","105","D",.,"A",359,"D","1","D"
"20133",2617144,44,0,"1","105","D",.,"A",25,"D","2","D"
"20133",2620284,17,0,"1","105","D",.,"A",180,"D","1","D"
"20133",2620294,49,0,"1","105","D",1,"D",0,"D","2","D"
"20133",2621194,56,0,"1","200","D",.,"A",30,"D","1","D"
"20133",2621224,14,0,"1","105","D",.,"A",150,"D","1","D"
"20133",2621554,23,0,"1","105","D",.,"A",555,"D","1","D"
"20133",2621814,20,0,"1","170","D",.,"A",35,"D","2","D"
"20133",2621924,32,0,"1","105","D",.,"A",131,"D","1","D"
"20133",2623244,87,0,"1","105","D",1,"D",0,"D","2","D"
"20133",2623434,15,0,"1","105","D",.,"A",150,"D","1","D"
"20133",2624034,15,0,"1","105","D",.,"A",60,"D","1","D"
"20133",2624384,17,0,"1","105","D",1,"D",0,"D","2","D"
"20133",2624734,31,0,"1","105","D",.,"A",104,"D","2","D"
"20133",2624944,24,0,"1","105","D",.,"A",400,"D","1","D"
"20133",2625334,22,0,"1","105","D",.,"A",150,"D","1","D"
"20133",2628804,78,0,"1","170","D",.,"A",21,"D","1","D"
"20133",2628854,57,0,"1","105","D",.,"A",52,"D","1","D"
"20133",2628874,40,0,"1","180","D",.,"A",40,"D","2","D"
"20133",2629954,61,0,"1","105","D",.,"A",75,"D","1","D"
"20133",2629954,62,0,"1","105","D",.,"A",40,"D","2","D"
"20133",2630604,53,0,"1","180","D",.,"A",25,"D","2","D"
"20133",2630654,20,0,"1","105","D",.,"A",97,"D","1","D"
"20133",2631124,53,0,"1","105","D",.,"A",60,"D","1","D"
"20133",2631454,76,0,"1","105","D",.,"A",262,"D","1","D"
"20133",2631784,12,0,"1","105","D",.,"A",900,"D","1","D"
"20133",2632604,25,0,"1","105","D",.,"A",165,"D","1","D"
"20133",2633664,34,0,"1","105","D",.,"A",100,"D","1","D"
"20133",2633884,20,0,"1","105","D",.,"A",300,"D","1","D"
"20133",2635314,24,0,"1","105","D",.,"A",1050,"D","1","D"
"20133",2639194,50,0,"1","105","D",.,"A",17,"D","2","D"
"20133",2639194,51,0,"1","105","D",.,"A",61,"D","2","D"
"20133",2639974,25,0,"1","105","D",.,"A",70,"D","2","D"
"20133",2640304,46,0,"1","105","D",.,"A",185,"D","1","D"
"20133",2643204,73,0,"1","105","D",.,"A",220,"D","1","D"
"20133",2643834,34,0,"1","105","D",1,"D",0,"D","1","D"
"20133",2643954,28,0,"1","105","D",.,"A",45,"D","1","D"
"20133",2644124,46,0,"1","105","D",.,"A",422,"D","1","D"
"20133",2644834,24,0,"1","105","D",.,"A",550,"D","1","D"
"20133",2644994,46,0,"1","170","D",.,"A",65,"D","2","D"
"20133",2645484,40,0,"1","105","D",.,"A",24,"D","1","D"
"20133",2648943,17,0,"1","105","D",.,"A",125,"D","1","D"
"20133",2648943,18,0,"1","160","D",.,"A",190,"D","2","D"
"20133",2650823,42,0,"1","105","D",.,"A",200,"D","1","D"
"20133",2650863,38,0,"1","105","D",.,"A",1446,"D","2","D"
"20133",2651933,30,0,"1","105","D",.,"A",80,"D","2","D"
"20133",2654153,11,0,"1","105","D",.,"A",85,"D","1","D"
"20133",2654313,28,0,"1","105","D",.,"A",548,"D","1","D"
"20133",2655083,54,0,"1","105","D",.,"A",1000,"D","1","D"
"20133",2655623,36,0,"1","105","D",.,"A",300,"D","1","D"
"20133",2655653,43,0,"1","105","D",.,"A",251,"D","1","D"
"20133",2655823,30,0,"1","105","D",.,"A",50,"D","1","D"
"20133",2656383,54,0,"1","105","D",.,"A",900,"D","1","D"
"20133",2656723,33,0,"1","105","D",.,"A",382,"D","2","D"
"20133",2657393,15,0,"1","105","D",.,"A",120,"D","1","D"
"20133",2658173,39,0,"1","105","D",.,"A",250,"D","1","D"
"20133",2659343,43,0,"1","105","D",.,"A",200,"D","1","D"
"20133",2659553,37,0,"1","105","D",.,"A",206,"D","1","D"
"20133",2659553,38,0,"1","105","D",0.99,"D",10,"D","1","D"
"20133",2659553,39,0,"1","105","D",0.99,"D",7,"D","1","D"
"20133",2660963,10,0,"1","105","D",.,"A",1100,"D","1","D"
"20133",2661003,38,0,"1","105","D",.,"A",178,"D","2","D"
"20133",2662373,26,0,"1","105","D",.,"A",225,"D","1","D"
"20133",2662823,21,0,"1","105","D",.,"A",80,"D","1","D"
"20133",2662953,20,0,"1","105","D",.,"A",450,"D","2","D"
"20133",2662953,21,0,"1","160","D",.,"A",112,"D","2","D"
"20133",2664123,26,0,"1","105","D",1,"D",0,"D","2","D"
"20133",2664143,57,0,"1","105","D",0.75,"D",50,"D","2","D"
"20133",2664393,42,0,"1","105","D",.,"A",73,"D","1","D"
"20133",2664463,17,0,"1","105","D",.,"A",275,"D","1","D"
"20133",2664463,18,0,"1","160","D",.,"A",150,"D","1","D"
"20133",2666833,17,0,"1","105","D",.,"A",178,"D","1","D"
"20133",2667095,28,0,"1","105","D",.,"A",197,"D","1","D"
"20133",2667203,26,0,"1","105","D",.,"A",508,"D","1","D"
"20133",2667323,51,0,"1","105","D",.,"A",85,"D","1","D"
"20133",2667823,48,0,"1","170","D",.,"A",8,"D","2","D"
"20133",2668483,16,0,"1","105","D",.,"A",120,"D","2","D"
"20133",2669183,21,0,"1","105","D",.,"A",169,"D","1","D"
"20133",2672073,39,0,"1","105","D",.,"A",413,"D","1","D"
"20133",2673523,58,0,"1","105","D",0.35,"D",111,"D","1","D"
"20133",2675123,27,0,"1","105","D",1,"D",0,"D","1","D"
"20133",2675123,28,0,"1","105","D",1,"D",0,"D","1","D"
"20133",2675363,34,0,"1","105","D",.,"A",210,"D","1","D"
"20133",2675643,46,0,"1","105","D",.,"A",1,"D","2","D"
"20133",2676343,13,0,"1","105","D",.,"A",200,"D","2","D"
"20133",2677265,23,0,"1","105","D",.,"A",120,"D","1","D"
"20133",2677473,48,0,"1","105","D",1,"D",0,"D","2","D"
"20133",2677753,44,0,"1","105","D",.,"A",238,"D","1","D"
"20133",2677973,75,0,"1","105","D",.,"A",75,"D","1","D"
"20133",2677973,76,0,"1","150","D",.,"A",1100,"D","1","D"
"20133",2678243,46,0,"1","105","D",.,"A",105,"D","2","D"
"20133",2678353,50,0,"1","105","D",.,"A",400,"D","1","D"
"20133",2678903,40,0,"1","105","D",.,"A",350,"D","1","D"
"20133",2678903,41,0,"1","160","D",.,"A",100,"D","2","D"
"20133",2679723,75,0,"1","180","D",.,"A",100,"D","1","D"
"20133",2679723,76,0,"1","160","D",.,"A",200,"D","2","D"
"20133",2679723,77,0,"1","160","D",.,"A",200,"D","2","D"
"20133",2680572,11,0,"1","105","D",1,"D",0,"D","2","D"
"20133",2681552,43,0,"1","105","D",.,"A",381,"D","1","D"
"20133",2682162,35,0,"1","105","D",.,"A",389,"D","2","D"
"20133",2683312,37,0,"1","105","D",.,"A",500,"D","1","D"
"20133",2683632,53,0,"1","105","D",.,"A",200,"D","1","D"
"20133",2684472,19,0,"1","105","D",.,"A",150,"D","1","D"
"20133",2685172,32,0,"1","105","D",.,"A",968,"D","2","D"
"20133",2686432,20,0,"1","105","D",.,"A",174,"D","1","D"
"20133",2686432,21,0,"1","105","D",.,"A",174,"D","1","D"
"20133",2687472,42,0,"1","105","D",.,"A",100,"D","1","D"
"20133",2687472,43,0,"1","180","D",.,"A",75,"D","1","D"
"20133",2688352,32,0,"1","105","D",.,"A",15,"D","2","D"
"20133",2689052,29,0,"1","105","D",.,"A",70,"D","1","D"
"20133",2689542,26,0,"1","105","D",.,"A",460,"D","1","D"
"20133",2689762,22,0,"1","105","D",.,"A",60,"D","2","D"
"20133",2690072,49,0,"1","105","D",.,"A",300,"D","1","D"
"20133",2690672,40,0,"1","105","D",.,"A",130,"D","1","D"
"20133",2690982,53,0,"1","105","D",.,"A",600,"D","1","D"
"20133",2694352,50,0,"1","180","D",.,"A",45,"D","2","D"
"20133",2694502,17,0,"1","105","D",.,"A",415,"D","1","D"
"20133",2694852,22,0,"1","105","D",.,"A",1089,"D","2","D"
"20133",2695092,41,0,"1","105","D",.,"A",1500,"D","1","D"
"20133",2695302,24,0,"1","105","D",.,"A",132,"D","1","D"
"20133",2697802,80,0,"1","140","D",.,"A",1400,"D","1","D"
"20133",2697982,58,0,"1","105","D",.,"A",410,"D","1","D"
"20133",2698392,63,0,"1","170","D",.,"A",70,"D","1","D"
"20133",2698842,10,0,"1","105","D",.,"A",50,"D","2","D"
"20133",2700072,16,0,"1","105","D",.,"A",49,"D","2","D"
"20133",2700412,35,0,"1","105","D",.,"A",150,"D","1","D"
"20133",2700972,10,0,"1","105","D",.,"A",250,"D","1","D"
"20133",2701042,24,0,"1","105","D",.,"A",200,"D","1","D"
"20133",2701712,32,0,"1","105","D",.,"A",294,"D","1","D"
"20133",2702002,71,0,"1","105","D",.,"A",500,"D","1","D"
"20133",2702042,52,0,"1","105","D",.,"A",650,"D","1","D"
"20133",2702722,44,0,"1","105","D",.,"A",750,"D","1","D"
"20133",2702822,35,0,"1","105","D",.,"A",600,"D","1","D"
"20133",2705032,23,0,"1","105","D",.,"A",269,"F","1","D"
"20133",2705712,43,0,"1","105","D",.,"A",340,"D","1","D"
"20133",2706212,29,0,"1","105","D",.,"A",17,"D","1","D"
"20133",2706412,42,0,"1","105","D",.,"A",450,"D","2","D"
"20133",2708232,54,0,"1","105","D",.,"A",250,"D","1","D"
"20133",2708592,22,0,"1","105","D",.,"A",160,"D","2","D"
"20133",2709022,64,0,"1","105","D",.,"A",550,"D","1","D"
"20133",2711182,45,0,"1","105","D",0.5,"D",180,"D","1","D"
"20133",2711182,46,0,"1","170","D",.,"A",125,"D","2","D"
"20133",2711352,40,0,"1","105","D",.,"A",350,"D","1","D"
"20133",2711352,41,0,"1","105","D",.,"A",110,"D","1","D"
"20133",2711752,20,0,"1","105","D",.,"A",1,"D","1","D"
"20133",2712802,27,0,"1","105","D",.,"A",300,"D","2","D"
"20133",2712802,28,0,"1","105","D",.,"A",300,"D","2","D"
"20133",2712962,36,0,"1","170","D",.,"A",15,"D","2","D"
"20133",2721814,24,0,"1","160","D",.,"A",35,"D","2","D"
"20133",2723423,13,0,"1","105","D",.,"A",200,"D","1","D"
"20133",2727304,34,0,"1","105","D",.,"A",175,"D","1","D"
"20133",2731903,28,0,"1","105","D",.,"A",150,"D","2","D"
"20133",2738655,16,0,"1","105","D",.,"A",700,"D","2","D"
"20133",2740655,20,0,"1","105","D",.,"A",98,"D","1","D"
"20133",2746184,17,0,"1","200","D",.,"A",100,"D","2","D"
"20134",2613065,57,0,"1","105","D",.,"A",2191,"D","2","D"
"20134",2613065,58,0,"1","105","D",.,"A",966,"D","2","D"
"20134",2613555,15,0,"1","105","D",.,"A",1,"D","2","D"
"20134",2613555,16,0,"1","105","D",.,"A",1,"D","2","D"
"20134",2613895,20,0,"1","105","D",.,"A",140,"D","1","D"
"20134",2614575,37,0,"1","160","D",.,"A",140,"D","1","D"
"20134",2614685,71,0,"1","105","D",.,"A",70,"D","2","D"
"20134",2614715,67,0,"1","105","D",.,"A",800,"D","1","D"
"20134",2615255,47,0,"1","105","D",.,"A",150,"D","1","D"
"20134",2615735,31,0,"1","105","D",.,"A",600,"D","1","D"
"20134",2616245,32,0,"1","105","D",.,"A",286,"D","1","D"
"20134",2617015,38,0,"1","105","D",.,"A",169,"D","1","D"
"20134",2617785,43,0,"1","105","D",.,"A",20,"D","2","D"
"20134",2617785,44,0,"1","105","D",.,"A",50,"D","2","D"
"20134",2623045,30,0,"1","105","D",.,"A",955,"D","1","D"
"20134",2624735,50,0,"1","105","D",.,"A",227,"D","2","D"
"20134",2625465,32,0,"1","105","D",.,"A",342,"D","1","D"
"20134",2628855,52,0,"1","105","D",.,"A",265,"D","1","D"
"20134",2629665,33,0,"1","105","D",.,"A",52,"D","1","D"
"20134",2629815,70,0,"1","170","D",.,"A",120,"D","1","D"
"20134",2629955,61,0,"1","105","D",.,"A",145,"D","2","D"
"20134",2632745,25,0,"1","105","D",1,"D",0,"D","1","D"
"20134",2633665,37,0,"1","105","D",.,"A",100,"D","1","D"
"20134",2636045,31,0,"1","105","D",.,"A",194,"D","2","D"
"20134",2636135,97,0,"1","105","D",.,"A",160,"D","2","D"
"20134",2638505,24,0,"1","105","D",.,"A",64,"D","1","D"
"20134",2642405,42,0,"1","105","D",.,"A",70,"D","1","D"
"20134",2646115,52,0,"1","105","D",.,"A",400,"D","1","D"
"20134",2646565,31,0,"1","105","D",.,"A",800,"D","2","D"
"20134",2647754,14,0,"1","105","D",.,"A",67,"D","1","D"
"20134",2647984,49,0,"1","150","D",.,"A",34,"D","1","D"
"20134",2649024,23,0,"1","105","D",.,"A",65,"D","2","D"
"20134",2649104,33,0,"1","105","D",.,"A",175,"D","1","D"
"20134",2649694,21,0,"1","105","D",.,"A",1050,"D","2","D"
"20134",2651384,48,0,"1","200","D",.,"A",1000,"D","1","D"
"20134",2651894,30,0,"1","105","D",.,"A",2,"D","2","D"
"20134",2653474,42,0,"1","105","D",0.8,"D",16,"D","2","D"
"20134",2654254,10,0,"1","105","D",.,"A",363,"F",,"C"
"20134",2655824,25,0,"1","105","D",.,"A",70,"D","2","D"
"20134",2657194,46,0,"1","170","D",.,"A",30,"D","1","D"
"20134",2657694,20,0,"1","105","D",.,"A",150,"D","1","D"
"20134",2658234,49,0,"1","105","D",.,"A",150,"D","1","D"
"20134",2658364,61,0,"1","105","D",.,"A",433,"D","2","D"
"20134",2658804,22,0,"1","105","D",.,"A",125,"D","1","D"
"20134",2659024,58,0,"1","105","D",.,"A",287,"D","1","D"
"20134",2659024,59,0,"1","160","D",.,"A",265,"D","1","D"
"20134",2659344,51,0,"1","105","D",.,"A",240,"D","1","D"
"20134",2659774,11,0,"1","105","D",.,"A",65,"D","2","D"
"20134",2660314,44,0,"1","105","D",.,"A",250,"D","2","D"
"20134",2660404,15,0,"1","105","D",.,"A",1200,"D","2","D"
"20134",2660604,47,0,"1","105","D",.,"A",110,"D","2","D"
"20134",2660994,12,0,"1","105","D",.,"A",307,"F","2","D"
"20134",2661004,43,0,"1","105","D",.,"A",235,"D","2","D"
"20134",2661254,36,0,"1","105","D",.,"A",80,"D","1","D"
"20134",2661954,40,0,"1","105","D",.,"A",550,"D","1","D"
"20134",2661954,41,0,"1","105","D",1,"D",0,"D","1","D"
"20134",2662954,14,0,"1","105","D",0.7,"D",144,"D","2","D"
"20134",2663704,25,0,"1","105","D",.,"A",1500,"D","1","D"
"20134",2664394,45,0,"1","105","D",.,"A",72,"D","1","D"
"20134",2665584,26,0,"1","105","D",.,"A",400,"D","1","D"
"20134",2666834,29,0,"1","105","D",.,"A",250,"D","2","D"
"20134",2666834,30,0,"1","105","D",.,"A",311,"D","1","D"
"20134",2667524,54,0,"1","105","D",.,"A",45,"D","2","D"
"20134",2667824,52,0,"1","105","D",.,"A",4,"D","1","D"
"20134",2667834,17,0,"1","105","D",.,"A",180,"D","1","D"
"20134",2667834,18,0,"1","105","D",.,"A",180,"D","2","D"
"20134",2669804,57,0,"1","105","D",.,"A",900,"D","1","D"
"20134",2669804,58,0,"1","105","D",.,"A",900,"D","1","D"
"20134",2669804,59,0,"1","105","D",.,"A",65,"D","1","D"
"20134",2672534,29,0,"1","105","D",.,"A",85,"D","1","D"
"20134",2674754,37,0,"1","105","D",.,"A",200,"D","1","D"
"20134",2675084,13,0,"1","105","D",.,"A",190,"D","1","D"
"20134",2675954,17,0,"1","105","D",.,"A",64,"D","1","D"
"20134",2678144,31,0,"1","105","D",.,"A",1000,"D","2","D"
"20134",2678664,21,0,"1","105","D",.,"A",490,"D","1","D"
"20134",2679904,24,0,"1","105","D",.,"A",250,"D","1","D"
"20134",2681653,34,0,"1","105","D",.,"A",630,"D","1","D"
"20134",2682233,30,0,"1","105","D",.,"A",150,"D","1","D"
"20134",2685013,75,0,"1","180","D",.,"A",16,"D","2","D"
"20134",2685143,41,0,"1","105","D",0.75,"D",45,"D","1","D"
"20134",2685803,9,0,"1","105","D",.,"A",130,"D","1","D"
"20134",2688653,57,0,"1","105","D",.,"A",151,"D","2","D"
"20134",2693333,53,0,"1","160","D",.,"A",191,"D","1","D"
"20134",2694403,24,0,"1","105","D",.,"A",24,"D","2","D"
"20134",2695273,41,0,"1","105","D",.,"A",38,"D","2","D"
"20134",2695603,22,0,"1","105","D",.,"A",63,"D","2","D"
"20134",2698265,17,0,"1","105","D",.,"A",28,"D","2","D"
"20134",2699793,22,0,"1","200","D",.,"A",48,"D","2","D"
"20134",2701713,40,0,"1","105","D",.,"A",500,"D","1","D"
"20134",2703033,72,0,"1","105","D",.,"A",60,"D","1","D"
"20134",2703053,26,0,"1","105","D",.,"A",675,"D","1","D"
"20134",2705003,57,0,"1","105","D",.,"A",125,"D","1","D"
"20134",2705263,28,0,"1","105","D",.,"A",450,"D","1","D"
"20134",2708783,50,0,"1","105","D",.,"A",248,"D","2","D"
"20134",2709043,15,0,"1","105","D",.,"A",300,"D","1","D"
"20134",2711753,14,0,"1","105","D",.,"A",80,"D","1","D"
"20134",2711843,30,0,"1","105","D",.,"A",110,"D","2","D"
"20134",2712743,29,0,"1","105","D",.,"A",363,"F","2","D"
"20134",2712743,30,0,"1","105","D",.,"A",363,"F","2","D"
"20134",2712803,30,0,"1","105","D",.,"A",260,"D","1","D"
"20134",2712803,31,0,"1","105","D",.,"A",124,"D","1","D"
"20134",2712803,32,0,"1","105","D",.,"A",22,"D","2","D"
"20134",2714692,32,0,"1","105","D",.,"A",198,"D","1","D"
"20134",2715062,45,0,"1","105","D",.,"A",108,"D","2","D"
"20134",2715662,55,0,"1","105","D",.,"A",150,"D","1","D"
"20134",2716792,21,0,"1","105","D",.,"A",300,"D","1","D"
"20134",2716932,41,0,"1","105","D",.,"A",150,"D","1","D"
"20134",2717092,48,0,"1","105","D",.,"A",120,"D","1","D"
"20134",2717752,29,0,"1","105","D",.,"A",250,"D","1","D"
"20134",2717802,33,0,"1","105","D",.,"A",350,"D","1","D"
"20134",2717972,22,0,"1","105","D",.,"A",250,"D","1","D"
"20134",2719092,46,0,"1","105","D",0.3,"D",454,"D","1","D"
"20134",2719732,21,0,"1","105","D",.,"A",380,"D","1","D"
"20134",2720462,22,0,"1","105","D",0.5,"D",75,"D","2","D"
"20134",2720532,32,0,"1","105","D",.,"A",75,"D","2","D"
"20134",2722042,38,0,"1","105","D",.,"A",700,"D","2","D"
"20134",2723712,30,0,"1","105","D",.,"A",638,"D","1","D"
"20134",2723892,50,0,"1","200","D",.,"A",250,"D","2","D"
"20134",2724492,36,0,"1","105","D",.,"A",190,"D","1","D"
"20134",2725412,42,0,"1","105","D",.,"A",200,"D","1","D"
"20134",2725632,12,0,"1","105","D",.,"A",70,"D","1","D"
"20134",2726652,38,0,"1","105","D",.,"A",300,"D","2","D"
"20134",2726665,34,0,"1","105","D",.,"A",350,"D","1","D"
"20134",2727292,28,0,"1","105","D",.,"A",1800,"D","1","D"
"20134",2731122,31,0,"1","160","D",.,"A",50,"D","1","D"
"20134",2731532,50,0,"1","105","D",.,"A",1950,"D","2","D"
"20134",2731632,51,0,"1","105","D",.,"A",50,"D","1","D"
"20134",2731852,52,0,"1","105","D",.,"A",100,"D","1","D"
"20134",2732352,24,0,"1","105","D",.,"A",120,"D","2","D"
"20134",2733022,61,0,"1","130","D",.,"A",900,"D","1","D"
"20134",2733022,62,0,"1","160","D",.,"A",120,"D","1","D"
"20134",2733022,63,0,"1","170","D",.,"A",20,"D","1","D"
"20134",2733802,43,0,"1","105","D",.,"A",400,"D","1","D"
"20134",2734482,24,0,"1","105","D",.,"A",400,"D","2","D"
"20134",2735252,40,0,"1","105","D",.,"A",368,"D","1","D"
"20134",2735922,37,0,"1","105","D",.,"A",400,"D","1","D"
"20134",2736422,11,0,"1","105","D",.,"A",300,"D","1","D"
"20134",2736562,27,0,"1","105","D",.,"A",150,"D","1","D"
"20134",2736612,44,0,"1","105","D",.,"A",400,"D","2","D"
"20134",2736992,37,0,"1","105","D",.,"A",30,"D","1","D"
"20134",2736992,38,0,"1","105","D",.,"A",40,"D","1","D"
"20134",2736992,39,0,"1","105","D",.,"A",210,"D","1","D"
"20134",2737942,32,0,"1","170","D",.,"A",25,"D","1","D"
"20134",2738142,24,0,"1","105","D",.,"A",108,"D","2","D"
"20134",2739822,59,0,"1","105","D",.,"A",208,"D","2","D"
"20134",2740292,58,0,"1","105","D",.,"A",365,"D","1","D"
"20134",2740322,42,0,"1","105","D",.,"A",175,"D","1","D"
"20134",2740642,37,0,"1","105","D",.,"A",300,"D","1","D"
"20134",2742442,19,0,"1","105","D",.,"A",180,"D","1","D"
"20134",2742813,34,0,"1","105","D",.,"A",650,"D","1","D"
"20134",2743552,43,0,"1","105","D",.,"A",400,"D","1","D"
"20134",2744782,52,0,"1","105","D",.,"A",200,"D","1","D"
"20134",2745202,32,0,"1","105","D",.,"A",260,"D","1","D"
"20134",2745542,32,0,"1","105","D",.,"A",600,"D","1","D"
"20134",2745672,24,0,"1","105","D",.,"A",80,"D","1","D"
"20134",2745902,13,0,"1","105","D",.,"A",100,"D","2","D"
"20134",2760324,11,0,"1","105","D",.,"A",3000,"D","2","D"
"20134",2760434,36,0,"1","105","D",.,"A",250,"D","1","D"
"20134",2762984,14,0,"1","105","D",.,"A",500,"D","1","D"
"20134",2762984,15,0,"1","105","D",.,"A",200,"D","1","D"
"20134",2766965,16,0,"1","105","D",.,"A",140,"D","2","D"
"20134",2770184,6,0,"1","200","D",.,"A",53,"D","2","D"
"20134",2770215,18,0,"1","180","D",.,"A",101,"D","1","D"
"20134",2770865,4,0,"1","200","D",.,"A",300,"D","1","D"
"20134",2771973,50,0,"1","105","D",.,"A",35,"D","2","D"
"20134",2772284,25,0,"1","105","D",.,"A",67,"D","2","D"
"20134",2779905,21,0,"1","105","D",.,"A",300,"D","2","D"
"20141",2649475,27,0,"1","200","D",.,"A",170,"D","1","D"
"20141",2655195,46,0,"1","160","D",.,"A",600,"D","1","D"
"20141",2656925,66,0,"1","105","D",.,"A",51,"D","1","D"
"20141",2657545,50,0,"1","105","D",.,"A",300,"D","2","D"
"20141",2659625,29,0,"1","105","D",.,"A",285,"D","1","D"
"20141",2659735,50,0,"1","105","D",.,"A",150,"D","1","D"
"20141",2659775,11,0,"1","105","D",.,"A",65,"D","1","D"
"20141",2662415,54,0,"1","105","D",.,"A",32,"D","1","D"
"20141",2663065,26,0,"1","105","D",.,"A",88,"D","2","D"
"20141",2663225,36,0,"1","105","D",.,"A",276,"D","1","D"
"20141",2663435,30,0,"1","105","D",.,"A",71,"D","2","D"
"20141",2664995,30,0,"1","105","D",.,"A",280,"D","1","D"
"20141",2665095,35,0,"1","105","D",.,"A",200,"D","1","D"
"20141",2665615,32,0,"1","105","D",.,"A",80,"D","1","D"
"20141",2666595,28,0,"1","105","D",.,"A",150,"D","1","D"
"20141",2666595,29,0,"1","105","D",.,"A",400,"D","1","D"
"20141",2667535,58,0,"1","105","D",.,"A",288,"D","1","D"
"20141",2668485,29,0,"1","105","D",.,"A",375,"D","1","D"
"20141",2670975,50,0,"1","105","D",.,"A",239,"D","1","D"
"20141",2673125,47,0,"1","105","D",.,"A",108,"D","1","D"
"20141",2674485,28,0,"1","105","D",.,"A",175,"D","2","D"
"20141",2675085,15,0,"1","105","D",.,"A",200,"D","1","D"
"20141",2675185,37,0,"1","105","D",.,"A",400,"D","1","D"
"20141",2675995,16,0,"1","105","D",.,"A",300,"D","1","D"
"20141",2682234,31,0,"1","105","D",.,"A",160,"D","1","D"
"20141",2682294,42,0,"1","105","D",.,"A",170,"D","2","D"
"20141",2683314,45,0,"1","105","D",.,"A",300,"D","1","D"
"20141",2683314,46,0,"1","105","D",.,"A",250,"D","1","D"
"20141",2683344,26,0,"1","105","D",.,"A",300,"D","2","D"
"20141",2684224,24,0,"1","105","D",.,"A",1,"D","2","D"
"20141",2684344,32,0,"1","105","D",.,"A",188,"D","1","D"
"20141",2685094,41,0,"1","105","D",.,"A",175,"D","2","D"
"20141",2686744,21,0,"1","105","D",.,"A",355,"D","2","D"
"20141",2687264,29,0,"1","105","D",.,"A",945,"D","2","D"
"20141",2687984,19,0,"1","200","D",.,"A",65,"D","2","D"
"20141",2688494,24,0,"1","105","D",.,"A",65,"D","1","D"
"20141",2690074,30,0,"1","105","D",.,"A",1800,"D","1","D"
"20141",2691664,29,0,"1","105","D",.,"A",49,"D","1","D"
"20141",2692464,39,0,"1","105","D",.,"A",168,"D","2","D"
"20141",2692954,39,0,"1","105","D",.,"A",500,"D","1","D"
"20141",2693974,46,0,"1","105","D",.,"A",250,"D","1","D"
"20141",2693974,47,0,"1","180","D",.,"A",550,"D","2","D"
"20141",2695274,53,0,"1","105","D",.,"A",15,"D","2","D"
"20141",2695724,37,0,"1","105","D",.,"A",75,"D","1","D"
"20141",2697594,27,0,"1","105","D",.,"A",580,"D","1","D"
"20141",2697984,43,0,"1","105","D",.,"A",500,"D","1","D"
"20141",2698084,29,0,"1","105","D",.,"A",210,"D","1","D"
"20141",2701044,44,0,"1","105","D",.,"A",40,"D","2","D"
"20141",2702224,10,0,"1","105","D",.,"A",1,"D","2","D"
"20141",2704004,55,0,"1","105","D",.,"A",195,"D","2","D"
"20141",2704664,21,0,"1","105","D",.,"A",350,"D","1","D"
"20141",2705264,31,0,"1","105","D",.,"A",45,"D","1","D"
"20141",2706514,34,0,"1","105","D",.,"A",260,"D","1","D"
"20141",2706954,45,0,"1","105","D",.,"A",60,"D","2","D"
"20141",2708344,46,0,"1","105","D",.,"A",210,"D","2","D"
"20141",2709564,79,0,"1","105","D",.,"A",241,"D","1","D"
"20141",2709924,26,0,"1","105","D",.,"A",425,"D","1","D"
"20141",2710534,24,0,"1","105","D",.,"A",350,"D","2","D"
"20141",2710564,59,0,"1","105","D",.,"A",600,"D","1","D"
"20141",2711704,17,0,"1","105","D",1,"D",0,"D","2","D"
"20141",2712724,30,0,"1","105","D",.,"A",147,"D","1","D"
"20141",2713444,24,0,"1","105","D",.,"A",200,"D","1","D"
"20141",2713773,38,0,"1","105","D",.,"A",54,"D","1","D"
"20141",2714693,39,0,"1","105","D",.,"A",200,"D","1","D"
"20141",2714813,31,0,"1","105","D",.,"A",50,"D","2","D"
"20141",2715663,68,0,"1","130","D",.,"A",300,"D","1","D"
"20141",2715913,37,0,"1","105","D",.,"A",200,"D","1","D"
"20141",2717753,39,0,"1","105","D",.,"A",200,"D","1","D"
"20141",2717973,30,0,"1","105","D",.,"A",30,"D","2","D"
"20141",2719223,56,0,"1","105","D",.,"A",160,"D","1","D"
"20141",2719403,33,0,"1","105","D",.,"A",592,"D","1","D"
"20141",2719644,43,0,"1","105","D",.,"A",112,"D","1","D"
"20141",2722383,22,0,"1","105","D",.,"A",103,"D","1","D"
"20141",2722653,28,0,"1","200","D",.,"A",250,"D","2","D"
"20141",2723603,23,0,"1","105","D",.,"A",560,"D","2","D"
"20141",2724103,17,0,"1","105","D",.,"A",450,"D","1","D"
"20141",2724273,19,0,"1","105","D",.,"A",2400,"D","1","D"
"20141",2724793,29,0,"1","105","D",.,"A",300,"D","1","D"
"20141",2726253,12,0,"1","105","D",.,"A",213,"D","1","D"
"20141",2726653,34,0,"1","105","D",.,"A",300,"D","2","D"
"20141",2728093,40,0,"1","105","D",.,"A",700,"D","1","D"
"20141",2728203,27,0,"1","105","D",.,"A",150,"D","1","D"
"20141",2730093,13,0,"1","105","D",.,"A",1,"D","2","D"
"20141",2731333,46,0,"1","105","D",.,"A",900,"D","2","D"
"20141",2731913,29,0,"1","105","D",.,"A",470,"D","2","D"
"20141",2733473,35,0,"1","105","D",.,"A",1900,"D","1","D"
"20141",2733803,43,0,"1","105","D",.,"A",635,"D","1","D"
"20141",2734483,28,0,"1","105","D",.,"A",1100,"D","2","D"
"20141",2735243,27,0,"1","105","D",.,"A",120,"D","1","D"
"20141",2737293,46,0,"1","105","D",.,"A",178,"D","1","D"
"20141",2738143,22,0,"1","105","D",.,"A",147,"D","1","D"
"20141",2738963,48,0,"1","160","D",.,"A",4000,"D","1","D"
"20141",2739783,60,0,"1","105","D",.,"A",39,"D","2","D"
"20141",2739783,61,0,"1","105","D",.,"A",39,"D","2","D"
"20141",2739823,77,0,"1","105","D",.,"A",208,"D","1","D"
"20141",2740253,51,0,"1","105","D",.,"A",66,"D","2","D"
"20141",2740253,52,0,"1","105","D",.,"A",79,"D","2","D"
"20141",2740643,51,0,"1","105","D",.,"A",200,"D","1","D"
"20141",2740683,29,0,"1","180","D",.,"A",250,"D","2","D"
"20141",2742273,32,0,"1","105","D",.,"A",2700,"D","1","D"
"20141",2742273,33,0,"1","160","D",.,"A",200,"D","1","D"
"20141",2742443,24,0,"1","150","D",.,"A",150,"D","1","D"
"20141",2744273,64,0,"1","105","D",.,"A",20,"D","2","D"
"20141",2744753,44,0,"1","105","D",.,"A",80,"D","1","D"
"20141",2745013,14,0,"1","105","D",.,"A",95,"D","1","D"
"20141",2746643,37,0,"1","105","D",.,"A",77,"D","1","D"
"20141",2747352,12,0,"1","105","D",1,"D",0,"D","1","D"
"20141",2747502,27,0,"1","105","D",.,"A",40,"D","2","D"
"20141",2748362,24,0,"1","105","D",.,"A",525,"D","2","D"
"20141",2749482,37,0,"1","105","D",.,"A",460,"D","2","D"
"20141",2751022,25,0,"1","105","D",.,"A",1,"D","1","D"
"20141",2751502,60,0,"1","105","D",.,"A",165,"D","1","D"
"20141",2751572,40,0,"1","105","D",.,"A",320,"D","1","D"
"20141",2752303,52,0,"1","105","D",.,"A",8,"D","2","D"
"20141",2752682,32,0,"1","105","D",.,"A",930,"D","2","D"
"20141",2753072,44,0,"1","105","D",.,"A",400,"D","1","D"
"20141",2753982,32,0,"1","105","D",.,"A",40,"D","1","D"
"20141",2754122,37,0,"1","105","D",.,"A",167,"D","1","D"
"20141",2754222,33,0,"1","105","D",.,"A",78,"D","1","D"
"20141",2754222,34,0,"1","105","D",.,"A",50,"D","1","D"
"20141",2755752,63,0,"1","105","D",.,"A",92,"D","1","D"
"20141",2756732,45,0,"1","105","D",.,"A",400,"D","1","D"
"20141",2757012,32,0,"1","105","D",.,"A",153,"F","1","D"
"20141",2757182,42,0,"1","105","D",.,"A",165,"D","1","D"
"20141",2757332,30,0,"1","105","D",.,"A",200,"D","2","D"
"20141",2758272,28,0,"1","105","D",.,"A",860,"D","2","D"
"20141",2758352,55,0,"1","105","D",.,"A",482,"D","1","D"
"20141",2758352,56,0,"1","105","D",.,"A",475,"D","1","D"
"20141",2758552,27,0,"1","105","D",.,"A",1600,"D","1","D"
"20141",2758882,31,0,"1","105","D",.,"A",185,"D","2","D"
"20141",2759322,40,0,"1","105","D",.,"A",48,"D","1","D"
"20141",2761702,34,0,"1","105","D",.,"A",330,"D","1","D"
"20141",2762062,41,0,"1","105","D",.,"A",15,"D","2","D"
"20141",2762102,33,0,"1","105","D",.,"A",400,"D","1","D"
"20141",2762812,34,0,"1","200","D",.,"A",34,"D","1","D"
"20141",2762862,43,0,"1","105","D",.,"A",332,"D","1","D"
"20141",2763632,54,0,"1","105","D",.,"A",100,"D","1","D"
"20141",2764002,45,0,"1","105","D",.,"A",100,"D","2","D"
"20141",2764212,40,0,"1","105","D",.,"A",180,"D","1","D"
"20141",2764212,41,0,"1","105","D",1,"D",0,"D","1","D"
"20141",2766852,22,0,"1","105","D",.,"A",150,"D","1","D"
"20141",2767482,20,0,"1","105","D",.,"A",112,"D","2","D"
"20141",2767632,19,0,"1","105","D",.,"A",85,"D","1","D"
"20141",2768332,35,0,"1","105","D",.,"A",400,"D","1","D"
"20141",2768712,59,0,"1","105","D",.,"A",70,"D","1","D"
"20141",2769222,35,0,"1","105","D",.,"A",1000,"D","1","D"
"20141",2769762,5,0,"1","105","D",.,"A",650,"D","1","D"
"20141",2769862,20,0,"1","105","D",.,"A",150,"D","1","D"
"20141",2770185,12,0,"1","105","D",.,"A",52,"D","2","D"
"20141",2770462,59,0,"1","105","D",.,"A",289,"D","1","D"
"20141",2771522,24,0,"1","105","D",.,"A",150,"D","2","D"
"20141",2772192,42,0,"1","105","D",.,"A",230,"D","1","D"
"20141",2772192,43,0,"1","105","D",.,"A",85,"D","1","D"
"20141",2773072,26,0,"1","105","D",.,"A",106,"D","1","D"
"20141",2773072,27,0,"1","105","D",.,"A",22,"D","1","D"
"20141",2773072,28,0,"1","105","D",.,"A",38,"D","1","D"
"20141",2773172,39,0,"1","105","D",.,"A",280,"D","1","D"
"20141",2773882,45,0,"1","105","D",.,"A",1000,"D","1","D"
"20141",2774352,33,0,"1","105","D",.,"A",88,"D","2","D"
"20141",2775462,28,0,"1","105","D",.,"A",100,"D","1","D"
"20141",2777012,49,0,"1","105","D",.,"A",167,"D","1","D"
"20141",2777092,24,0,"1","105","D",.,"A",22,"D","2","D"
"20141",2777582,22,0,"1","105","D",.,"A",115,"D","1","D"
"20141",2777702,25,0,"1","105","D",.,"A",600,"D","1","D"
"20141",2777862,49,0,"1","105","D",.,"A",115,"D","1","D"
"20141",2778112,26,0,"1","105","D",.,"A",158,"D","1","D"
"20141",2778182,21,0,"1","105","D",.,"A",80,"D","2","D"
"20141",2779012,18,0,"1","105","D",.,"A",150,"D","2","D"
"20141",2779362,16,0,"1","105","D",.,"A",500,"D","2","D"
"20141",2780272,41,0,"1","160","D",.,"A",750,"D","1","D"
"20141",2780892,66,0,"1","105","D",.,"A",120,"D","1","D"
"20141",2786533,8,0,"1","105","D",.,"A",35,"D","2","D"
"20141",2792652,35,0,"1","105","D",.,"A",40,"D","2","D"
"20141",2795995,32,0,"1","105","D",.,"A",167,"D","1","D"
"20141",2806174,4,0,"1","105","D",.,"A",200,"D","1","D"
"20141",2809235,16,0,"1","105","D",.,"A",282,"D","2","D"
"20141",2811745,25,0,"1","105","D",.,"A",36,"D","2","D"
