scope,era_id,metric,before,after,change
overall,,cells_total,87963,87963,0
overall,,reported_cells,85034,85393,359
overall,,extraction_errors,1912,1496,-416
overall,,ocr_candidate_conflicts,14644,30966,16322
overall,,blank_cells,451,447,-4
overall,,not_available_cells,566,627,61
overall,,missing_tables,0,0,0
overall,,false_positive_table_pages,,0,
overall,,inferred_dates,652,739,87
overall,,contradictory_month_assignments,16,0,-16
overall,,duplicate_physical_keys,0,0,0
overall,,failed_all_bank_checks,505,1355,850
overall,,failed_component_total_checks,757,143,-614
overall,,failed_turnover_ratio_checks,2904,3780,876
overall,,low_confidence_cells,7899,12488,4589
overall,,embedded_only_numeric_candidates,344,118,-226
overall,,selected_embedded_values,3361,0,-3361
overall,,non_one_decimal_reported_values,1367,0,-1367
overall,,true_high_resolution_attempts,0,27300,27300
overall,,true_high_resolution_recoveries,0,3868,3868
overall,,unresolved_row_offsets,0,0,0
overall,,complete_date_sequence_failures,4,0,-4
overall,,additive_validation_failures,1262,1498,236
overall,,component_mapping_failures,0,0,0
overall,,stale_issue_count_mismatches,2996,0,-2996
overall,,manual_review_queue_size,,15790,
overall,,demoted_reported_cells,0,0,0
era,1,cells_total,7722,7722,0
era,1,reported_cells,7096,7100,4
era,1,extraction_errors,244,240,-4
era,1,ocr_candidate_conflicts,1458,2212,754
era,1,blank_cells,382,382,0
era,1,not_available_cells,0,0,0
era,1,missing_tables,0,0,0
era,1,false_positive_table_pages,,0,
era,1,inferred_dates,0,0,0
era,1,contradictory_month_assignments,3,0,-3
era,1,duplicate_physical_keys,0,0,0
era,1,failed_all_bank_checks,39,109,70
era,1,failed_component_total_checks,11,34,23
era,1,failed_turnover_ratio_checks,25,143,118
era,1,low_confidence_cells,979,1541,562
era,1,embedded_only_numeric_candidates,10,5,-5
era,1,selected_embedded_values,449,0,-449
era,1,non_one_decimal_reported_values,112,0,-112
era,1,true_high_resolution_attempts,0,1737,1737
era,1,true_high_resolution_recoveries,0,363,363
era,1,unresolved_row_offsets,0,0,0
era,1,complete_date_sequence_failures,1,0,-1
era,1,additive_validation_failures,50,143,93
era,1,component_mapping_failures,0,0,0
era,1,stale_issue_count_mismatches,411,0,-411
era,1,manual_review_queue_size,,972,
era,1,demoted_reported_cells,0,0,0
era,2,cells_total,7917,7917,0
era,2,reported_cells,7881,7853,-28
era,2,extraction_errors,31,54,23
era,2,ocr_candidate_conflicts,1251,2973,1722
era,2,blank_cells,3,3,0
era,2,not_available_cells,2,7,5
era,2,missing_tables,0,0,0
era,2,false_positive_table_pages,,0,
era,2,inferred_dates,15,19,4
era,2,contradictory_month_assignments,1,0,-1
era,2,duplicate_physical_keys,0,0,0
era,2,failed_all_bank_checks,40,104,64
era,2,failed_component_total_checks,746,109,-637
era,2,failed_turnover_ratio_checks,31,219,188
era,2,low_confidence_cells,485,893,408
era,2,embedded_only_numeric_candidates,24,8,-16
era,2,selected_embedded_values,263,0,-263
era,2,non_one_decimal_reported_values,81,0,-81
era,2,true_high_resolution_attempts,0,2807,2807
era,2,true_high_resolution_recoveries,0,277,277
era,2,unresolved_row_offsets,0,0,0
era,2,complete_date_sequence_failures,0,0,0
era,2,additive_validation_failures,786,213,-573
era,2,component_mapping_failures,0,0,0
era,2,stale_issue_count_mismatches,237,0,-237
era,2,manual_review_queue_size,,1253,
era,2,demoted_reported_cells,0,0,0
era,3,cells_total,1950,1950,0
era,3,reported_cells,1825,1835,10
era,3,extraction_errors,125,105,-20
era,3,ocr_candidate_conflicts,430,1089,659
era,3,blank_cells,0,5,5
era,3,not_available_cells,0,5,5
era,3,missing_tables,0,0,0
era,3,false_positive_table_pages,,0,
era,3,inferred_dates,77,94,17
era,3,contradictory_month_assignments,0,0,0
era,3,duplicate_physical_keys,0,0,0
era,3,failed_all_bank_checks,6,56,50
era,3,failed_component_total_checks,0,0,0
era,3,failed_turnover_ratio_checks,84,186,102
era,3,low_confidence_cells,196,390,194
era,3,embedded_only_numeric_candidates,6,5,-1
era,3,selected_embedded_values,68,0,-68
era,3,non_one_decimal_reported_values,34,0,-34
era,3,true_high_resolution_attempts,0,1081,1081
era,3,true_high_resolution_recoveries,0,178,178
era,3,unresolved_row_offsets,0,0,0
era,3,complete_date_sequence_failures,0,0,0
era,3,additive_validation_failures,6,56,50
era,3,component_mapping_failures,0,0,0
era,3,stale_issue_count_mismatches,73,0,-73
era,3,manual_review_queue_size,,762,
era,3,demoted_reported_cells,0,0,0
era,4,cells_total,40008,40008,0
era,4,reported_cells,38767,38912,145
era,4,extraction_errors,1210,992,-218
era,4,ocr_candidate_conflicts,9380,21021,11641
era,4,blank_cells,15,39,24
era,4,not_available_cells,16,65,49
era,4,missing_tables,0,0,0
era,4,false_positive_table_pages,,0,
era,4,inferred_dates,546,618,72
era,4,contradictory_month_assignments,11,0,-11
era,4,duplicate_physical_keys,0,0,0
era,4,failed_all_bank_checks,379,1032,653
era,4,failed_component_total_checks,0,0,0
era,4,failed_turnover_ratio_checks,836,2735,1899
era,4,low_confidence_cells,5283,8655,3372
era,4,embedded_only_numeric_candidates,295,99,-196
era,4,selected_embedded_values,2370,0,-2370
era,4,non_one_decimal_reported_values,791,0,-791
era,4,true_high_resolution_attempts,0,19138,19138
era,4,true_high_resolution_recoveries,0,2946,2946
era,4,unresolved_row_offsets,0,0,0
era,4,complete_date_sequence_failures,3,0,-3
era,4,additive_validation_failures,379,1032,653
era,4,component_mapping_failures,0,0,0
era,4,stale_issue_count_mismatches,2188,0,-2188
era,4,manual_review_queue_size,,11108,
era,4,demoted_reported_cells,0,0,0
era,5,cells_total,4284,4284,0
era,5,reported_cells,4236,4278,42
era,5,extraction_errors,48,6,-42
era,5,ocr_candidate_conflicts,376,885,509
era,5,blank_cells,0,0,0
era,5,not_available_cells,0,0,0
era,5,missing_tables,0,0,0
era,5,false_positive_table_pages,,0,
era,5,inferred_dates,1,3,2
era,5,contradictory_month_assignments,0,0,0
era,5,duplicate_physical_keys,0,0,0
era,5,failed_all_bank_checks,6,21,15
era,5,failed_component_total_checks,0,0,0
era,5,failed_turnover_ratio_checks,131,216,85
era,5,low_confidence_cells,91,175,84
era,5,embedded_only_numeric_candidates,2,0,-2
era,5,selected_embedded_values,17,0,-17
era,5,non_one_decimal_reported_values,22,0,-22
era,5,true_high_resolution_attempts,0,814,814
era,5,true_high_resolution_recoveries,0,24,24
era,5,unresolved_row_offsets,0,0,0
era,5,complete_date_sequence_failures,0,0,0
era,5,additive_validation_failures,6,21,15
era,5,component_mapping_failures,0,0,0
era,5,stale_issue_count_mismatches,13,0,-13
era,5,manual_review_queue_size,,696,
era,5,demoted_reported_cells,0,0,0
era,6,cells_total,6552,6552,0
era,6,reported_cells,5971,6004,33
era,6,extraction_errors,38,2,-36
era,6,ocr_candidate_conflicts,515,989,474
era,6,blank_cells,0,0,0
era,6,not_available_cells,543,546,3
era,6,missing_tables,0,0,0
era,6,false_positive_table_pages,,0,
era,6,inferred_dates,0,2,2
era,6,contradictory_month_assignments,0,0,0
era,6,duplicate_physical_keys,0,0,0
era,6,failed_all_bank_checks,6,20,14
era,6,failed_component_total_checks,0,0,0
era,6,failed_turnover_ratio_checks,117,93,-24
era,6,low_confidence_cells,236,340,104
era,6,embedded_only_numeric_candidates,0,0,0
era,6,selected_embedded_values,48,0,-48
era,6,non_one_decimal_reported_values,73,0,-73
era,6,true_high_resolution_attempts,0,674,674
era,6,true_high_resolution_recoveries,0,20,20
era,6,unresolved_row_offsets,0,0,0
era,6,complete_date_sequence_failures,0,0,0
era,6,additive_validation_failures,6,20,14
era,6,component_mapping_failures,0,0,0
era,6,stale_issue_count_mismatches,22,0,-22
era,6,manual_review_queue_size,,310,
era,6,demoted_reported_cells,0,0,0
era,7,cells_total,6090,6090,0
era,7,reported_cells,5996,6073,77
era,7,extraction_errors,74,10,-64
era,7,ocr_candidate_conflicts,416,584,168
era,7,blank_cells,20,7,-13
era,7,not_available_cells,0,0,0
era,7,missing_tables,0,0,0
era,7,false_positive_table_pages,,0,
era,7,inferred_dates,4,0,-4
era,7,contradictory_month_assignments,0,0,0
era,7,duplicate_physical_keys,0,0,0
era,7,failed_all_bank_checks,12,8,-4
era,7,failed_component_total_checks,0,0,0
era,7,failed_turnover_ratio_checks,596,65,-531
era,7,low_confidence_cells,207,146,-61
era,7,embedded_only_numeric_candidates,4,0,-4
era,7,selected_embedded_values,61,0,-61
era,7,non_one_decimal_reported_values,45,0,-45
era,7,true_high_resolution_attempts,0,287,287
era,7,true_high_resolution_recoveries,0,18,18
era,7,unresolved_row_offsets,0,0,0
era,7,complete_date_sequence_failures,0,0,0
era,7,additive_validation_failures,12,8,-4
era,7,component_mapping_failures,0,0,0
era,7,stale_issue_count_mismatches,11,0,-11
era,7,manual_review_queue_size,,219,
era,7,demoted_reported_cells,0,0,0
era,8,cells_total,13440,13440,0
era,8,reported_cells,13262,13338,76
era,8,extraction_errors,142,87,-55
era,8,ocr_candidate_conflicts,818,1213,395
era,8,blank_cells,31,11,-20
era,8,not_available_cells,5,4,-1
era,8,missing_tables,0,0,0
era,8,false_positive_table_pages,,0,
era,8,inferred_dates,9,3,-6
era,8,contradictory_month_assignments,1,0,-1
era,8,duplicate_physical_keys,0,0,0
era,8,failed_all_bank_checks,17,5,-12
era,8,failed_component_total_checks,0,0,0
era,8,failed_turnover_ratio_checks,1084,123,-961
era,8,low_confidence_cells,422,348,-74
era,8,embedded_only_numeric_candidates,3,1,-2
era,8,selected_embedded_values,85,0,-85
era,8,non_one_decimal_reported_values,209,0,-209
era,8,true_high_resolution_attempts,0,762,762
era,8,true_high_resolution_recoveries,0,42,42
era,8,unresolved_row_offsets,0,0,0
era,8,complete_date_sequence_failures,0,0,0
era,8,additive_validation_failures,17,5,-12
era,8,component_mapping_failures,0,0,0
era,8,stale_issue_count_mismatches,41,0,-41
era,8,manual_review_queue_size,,470,
era,8,demoted_reported_cells,0,0,0
