"QYEAR","NEWID","SEQNO","ALCNO","REC_ORIG","CRMCODEA","CRMC_DEA","ADVMATX","ADVMATX_","MATNSPCX","MATN_PCX","CRMCDA1","CRMCDA1_","CRMCDA2","CRMCDA2_","CRMCDA3","CRMCDA3_","CRMCDA4","CRMCDA4_","CRMCDA5","CRMCDA5_","CRMCDA6","CRMCDA6_","CRMCDA7","CRMCDA7_","CRMCDA8","CRMCDA8_","CRMCDA9","CRMCDA9_"
"20131",2512525,15,0,"1","130","D",300,"D",.,"A",,"A",,"A",,"A",,"A",,"A",,"A",,"A",,"A",,"A"
"20131",2512795,15,0,"1","210","D",500,"D",.,"A",,"A",,"A",,"A",,"A",,"A",,"A",,"A",,"A",,"A"
"20131",2513015,17,0,"1","300","D",80,"D",.,"A",,"A",,"A",,"A",,"A",,"A",,"A",,"A",,"A",,"A"
"20131",2514835,17,0,"1",,"A",.,"A",200,"D",,"A",,"A",,"A",,"A",,"A",,"A",,"A",,"A",,"A"
"20131",2516835,27,0,"1",,"A",.,"A",50,"D",,"A",,"A",,"A",,"A",,"A",,"A",,"A",,"A",,"A"
"20131",2517575,17,0,"1","300","D",120,"D",.,"A",,"A",,"A",,"A",,"A",,"A",,"A",,"A",,"A",,"A"
"20131",2518315,23,0,"1","170","D",67,"D",.,"A",,"A",,"A",,"A",,"A",,"A",,"A",,"A",,"A",,"A"
"20131",2518545,13,0,"1","300","D",400,"D",.,"A",,"A",,"A",,"A",,"A",,"A",,"A",,"A",,"A",,"A"
"20131",2520215,21,0,"1",,"A",.,"A",200,"D",,"A",,"A",,"A",,"A",,"A",,"A",,"A",,"A",,"A"
"20131",2520245,18,0,"1",,"A",.,"A",200,"D",,"A",,"A",,"A",,"A",,"A",,"A",,"A",,"A",,"A"
"20131",2520345,22,0,"1","300","D",1016,"D",.,"A",,"A",,"A",,"A",,"A",,"A",,"A",,"A",,"A",,"A"
"20131",2521145,18,0,"1","270","D",277,"D",.,"A",,"A",,"A",,"A",,"A",,"A",,"A",,"A",,"A",,"A"
"20131",2523135,21,0,"1","170","D",100,"D",.,"A",,"A",,"A",,"A",,"A",,"A",,"A",,"A",,"A",,"A"
"20131",2523205,19,0,"1",,"A",.,"A",50,"D",,"A",,"A",,"A",,"A",,"A",,"A",,"A",,"A",,"A"
"20131",2523245,25,0,"1","230","D",250,"D",.,"A",,"A",,"A",,"A",,"A",,"A",,"A",,"A",,"A",,"A"
"20131",2523675,24,0,"1","170","D",290,"D",.,"A",,"A",,"A",,"A",,"A",,"A",,"A",,"A",,"A",,"A"
"20131",2525605,20,0,"1",,"A",.,"A",30,"D",,"A",,"A",,"A",,"A",,"A",,"A",,"A",,"A",,"A"
"20131",2526915,17,0,"1",,"A",.,"A",330,"D",,"A",,"A",,"A",,"A",,"A",,"A",,"A",,"A",,"A"
"20131",2527345,18,0,"1",,"A",.,"A",400,"D",,"A",,"A",,"A",,"A",,"A",,"A",,"A",,"A",,"A"
"20131",2528495,22,0,"1","170","D",50,"D",.,"A",,"A",,"A",,"A",,"A",,"A",,"A",,"A",,"A",,"A"
"20131",2528895,17,0,"1","210","D",250,"D",.,"A",,"A",,"A",,"A",,"A",,"A",,"A",,"A",,"A",,"A"
"20131",2530025,25,0,"1",,"A",.,"A",320,"D",,"A",,"A",,"A",,"A",,"A",,"A",,"A",,"A",,"A"
"20131",2530065,15,0,"1","170","D",80,"D",.,"A",,"A",,"A",,"A",,"A",,"A",,"A",,"A",,"A",,"A"
"20131",2530745,20,0,"1","260","D",2000,"D",.,"A",,"A",,"A",,"A",,"A",,"A",,"A",,"A",,"A",,"A"
"20131",2531175,31,0,"1",,"A",.,"A",52,"D",,"A",,"A",,"A",,"A",,"A",,"A",,"A",,"A",,"A"
"20131",2531355,17,0,"1",,"A",.,"A",5,"D",,"A",,"A",,"A",,"A",,"A",,"A",,"A",,"A",,"A"
"20131",2531555,18,0,"1","180","D",120,"D",.,"A",,"A",,"A",,"A",,"A",,"A",,"A",,"A",,"A",,"A"
"20131",2532495,18,0,"1","140","D",150,"D",.,"A",,"A",,"A",,"A",,"A",,"A",,"A",,"A",,"A",,"A"
"20131",2533115,14,0,"1","130","D",100,"D",.,"A",,"A",,"A",,"A",,"A",,"A",,"A",,"A",,"A",,"A"
"20131",2533455,18,0,"1","170","D",300,"D",.,"A",,"A",,"A",,"A",,"A",,"A",,"A",,"A",,"A",,"A"
"20131",2533865,15,0,"1",,"A",.,"A",50,"D",,"A",,"A",,"A",,"A",,"A",,"A",,"A",,"A",,"A"
"20131",2535105,13,0,"1","300","D",25,"D",.,"A",,"A",,"A",,"A",,"A",,"A",,"A",,"A",,"A",,"A"
"20131",2535625,17,0,"1","200","D",30,"D",.,"A",,"A",,"A",,"A",,"A",,"A",,"A",,"A",,"A",,"A"
"20131",2535945,32,0,"1","200","D",16,"D",.,"A",,"A",,"A",,"A",,"A",,"A",,"A",,"A",,"A",,"A"
"20131",2536455,16,0,"1","170","D",20,"D",.,"A",,"A",,"A",,"A",,"A",,"A",,"A",,"A",,"A",,"A"
"20131",2536705,44,0,"1",,"A",.,"A",22,"D",,"A",,"A",,"A",,"A",,"A",,"A",,"A",,"A",,"A"
"20131",2539665,17,0,"1",,"A",.,"A",56,"D",,"A",,"A",,"A",,"A",,"A",,"A",,"A",,"A",,"A"
"20131",2540545,15,0,"1","170","D",50,"D",.,"A",,"A",,"A",,"A",,"A",,"A",,"A",,"A",,"A",,"A"
"20131",2540905,15,0,"1",,"A",.,"A",50,"D",,"A",,"A",,"A",,"A",,"A",,"A",,"A",,"A",,"A"
"20131",2541005,17,0,"1","300","D",52,"D",.,"A",,"A",,"A",,"A",,"A",,"A",,"A",,"A",,"A",,"A"
"20131",2545474,24,0,"1","190","D",105,"D",.,"A",,"A",,"A",,"A",,"A",,"A",,"A",,"A",,"A",,"A"
"20131",2546734,27,0,"1","170","D",55,"D",.,"A",,"A",,"A",,"A",,"A",,"A",,"A",,"A",,"A",,"A"
"20131",2546874,19,0,"1","260","D",40,"D",.,"A",,"A",,"A",,"A",,"A",,"A",,"A",,"A",,"A",,"A"
"20131",2547484,17,0,"1",,"A",.,"A",300,"D",,"A",,"A",,"A",,"A",,"A",,"A",,"A",,"A",,"A"
"20131",2547514,19,0,"1","140","D",20,"D",.,"A",,"A",,"A",,"A",,"A",,"A",,"A",,"A",,"A",,"A"
"20131",2547984,15,0,"1",,"A",.,"A",100,"D",,"A",,"A",,"A",,"A",,"A",,"A",,"A",,"A",,"A"
"20131",2548034,30,0,"1",,"A",.,"A",14,"D",,"A",,"A",,"A",,"A",,"A",,"A",,"A",,"A",,"A"
"20131",2548244,20,0,"1","300","D",6,"D",.,"A",,"A",,"A",,"A",,"A",,"A",,"A",,"A",,"A",,"A"
"20131",2548564,19,0,"1","160","D",25,"D",.,"A",,"A",,"A",,"A",,"A",,"A",,"A",,"A",,"A",,"A"
"20131",2548924,13,0,"1","300","D",108,"D",.,"A",,"A",,"A",,"A",,"A",,"A",,"A",,"A",,"A",,"A"
"20131",2549654,14,0,"1","300","D",109,"D",.,"A",,"A",,"A",,"A",,"A",,"A",,"A",,"A",,"A",,"A"
"20131",2550404,43,0,"1",,"A",.,"A",998,"D",,"A",,"A",,"A",,"A",,"A",,"A",,"A",,"A",,"A"
"20131",2550584,24,0,"1","170","D",25,"D",.,"A",,"A",,"A",,"A",,"A",,"A",,"A",,"A",,"A",,"A"
"20131",2551894,19,0,"1","260","D",17,"D",.,"A",,"A",,"A",,"A",,"A",,"A",,"A",,"A",,"A",,"A"
"20131",2552694,35,0,"1",,"A",.,"A",100,"F",,"A",,"A",,"A",,"A",,"A",,"A",,"A",,"A",,"A"
"20131",2554504,32,0,"1",,"A",.,"A",554,"D",,"A",,"A",,"A",,"A",,"A",,"A",,"A",,"A",,"A"
"20131",2554744,40,0,"1","300","D",38,"D",.,"A",,"A",,"A",,"A",,"A",,"A",,"A",,"A",,"A",,"A"
"20131",2556764,25,0,"1","190","D",80,"D",.,"A",,"A",,"A",,"A",,"A",,"A",,"A",,"A",,"A",,"A"
"20131",2557684,18,0,"1",,"A",.,"A",350,"D",,"A",,"A",,"A",,"A",,"A",,"A",,"A",,"A",,"A"
"20131",2557734,18,0,"1",,"A",.,"A",900,"D",,"A",,"A",,"A",,"A",,"A",,"A",,"A",,"A",,"A"
"20131",2559084,30,0,"1","210","D",97,"D",.,"A",,"A",,"A",,"A",,"A",,"A",,"A",,"A",,"A",,"A"
"20131",2560244,25,0,"1","120","D",200,"D",.,"A",,"A",,"A",,"A",,"A",,"A",,"A",,"A",,"A",,"A"
"20131",2561054,31,0,"1","300","D",20,"D",.,"A",,"A",,"A",,"A",,"A",,"A",,"A",,"A",,"A",,"A"
"20131",2561114,20,0,"1",,"A",.,"A",325,"D",,"A",,"A",,"A",,"A",,"A",,"A",,"A",,"A",,"A"
"20131",2561124,25,0,"1",,"A",.,"A",200,"D",,"A",,"A",,"A",,"A",,"A",,"A",,"A",,"A",,"A"
"20131",2561434,25,0,"1","300","D",5,"D",30,"D",,"A",,"A",,"A",,"A",,"A",,"A",,"A",,"A",,"A"
"20131",2561834,23,0,"1",,"A",.,"A",28,"D",,"A",,"A",,"A",,"A",,"A",,"A",,"A",,"A",,"A"
"20131",2563094,28,0,"1","200","D",598,"D",.,"A",,"A",,"A",,"A",,"A",,"A",,"A",,"A",,"A",,"A"
"20131",2563444,15,0,"1","130","D",500,"D",.,"A",,"A",,"A",,"A",,"A",,"A",,"A",,"A",,"A",,"A"
"20131",2564114,47,0,"1",,"A",.,"A",65,"D",,"A",,"A",,"A",,"A",,"A",,"A",,"A",,"A",,"A"
"20131",2564514,21,0,"1","170","D",50,"D",.,"A",,"A",,"A",,"A",,"A",,"A",,"A",,"A",,"A",,"A"
"20131",2565514,18,0,"1",,"A",.,"A",30,"D",,"A",,"A",,"A",,"A",,"A",,"A",,"A",,"A",,"A"
"20131",2567084,28,0,"1","300","D",18,"D",.,"A",,"A",,"A",,"A",,"A",,"A",,"A",,"A",,"A",,"A"
"20131",2567134,14,0,"1","130","D",175,"D",.,"A",,"A",,"A",,"A",,"A",,"A",,"A",,"A",,"A",,"A"
"20131",2568694,26,0,"1","300","D",570,"D",.,"A",,"A",,"A",,"A",,"A",,"A",,"A",,"A",,"A",,"A"
"20131",2569184,28,0,"1","300","D",110,"D",.,"A",,"A",,"A",,"A",,"A",,"A",,"A",,"A",,"A",,"A"
"20131",2571814,20,0,"1","300","D",80,"D",.,"A",,"A",,"A",,"A",,"A",,"A",,"A",,"A",,"A",,"A"
"20131",2572204,21,0,"1","170","D",47,"D",.,"A",,"A",,"A",,"A",,"A",,"A",,"A",,"A",,"A",,"A"
"20131",2572284,21,0,"1","170","D",90,"D",.,"A",,"A",,"A",,"A",,"A",,"A",,"A",,"A",,"A",,"A"
"20131",2572544,20,0,"1",,"A",.,"A",150,"D",,"A",,"A",,"A",,"A",,"A",,"A",,"A",,"A",,"A"
"20131",2573534,52,0,"1",,"A",.,"A",200,"D",,"A",,"A",,"A",,"A",,"A",,"A",,"A",,"A",,"A"
"20131",2574825,22,0,"1","300","D",330,"D",.,"A",,"A",,"A",,"A",,"A",,"A",,"A",,"A",,"A",,"A"
"20131",2575174,18,0,"1","150","D",200,"D",.,"A",,"A",,"A",,"A",,"A",,"A",,"A",,"A",,"A",,"A"
"20131",2575414,15,0,"1",,"A",.,"A",45,"D",,"A",,"A",,"A",,"A",,"A",,"A",,"A",,"A",,"A"
"20131",2577094,18,0,"1","150","D",700,"D",.,"A",,"A",,"A",,"A",,"A",,"A",,"A",,"A",,"A",,"A"
"20131",2577654,22,0,"1",,"A",.,"A",100,"D",,"A",,"A",,"A",,"A",,"A",,"A",,"A",,"A",,"A"
"20131",2577724,18,0,"1","130","D",100,"D",.,"A",,"A",,"A",,"A",,"A",,"A",,"A",,"A",,"A",,"A"
"20131",2578734,17,0,"1",,"A",.,"A",28,"D",,"A",,"A",,"A",,"A",,"A",,"A",,"A",,"A",,"A"
"20131",2578764,22,0,"1","210","D",14,"D",.,"A",,"A",,"A",,"A",,"A",,"A",,"A",,"A",,"A",,"A"
"20131",2579253,27,0,"1",,"A",.,"A",20,"D",,"A",,"A",,"A",,"A",,"A",,"A",,"A",,"A",,"A"
"20131",2580723,27,0,"1","230","D",48,"D",.,"A",,"A",,"A",,"A",,"A",,"A",,"A",,"A",,"A",,"A"
"20131",2581143,19,0,"1","180","D",35,"D",.,"A",,"A",,"A",,"A",,"A",,"A",,"A",,"A",,"A",,"A"
"20131",2581793,17,0,"1",,"A",.,"A",25,"D",,"A",,"A",,"A",,"A",,"A",,"A",,"A",,"A",,"A"
"20131",2582563,29,0,"1",,"A",.,"A",22,"D",,"A",,"A",,"A",,"A",,"A",,"A",,"A",,"A",,"A"
"20131",2583583,19,0,"1","300","D",60,"D",.,"A",,"A",,"A",,"A",,"A",,"A",,"A",,"A",,"A",,"A"
"20131",2584823,19,0,"1","170","D",45,"D",.,"A",,"A",,"A",,"A",,"A",,"A",,"A",,"A",,"A",,"A"
"20131",2585543,5,0,"1",,"A",.,"A",180,"D",,"A",,"A",,"A",,"A",,"A",,"A",,"A",,"A",,"A"
"20131",2586513,16,0,"1",,"A",.,"A",2000,"D",,"A",,"A",,"A",,"A",,"A",,"A",,"A",,"A",,"A"
"20131",2587113,17,0,"1",,"A",.,"A",100,"D",,"A",,"A",,"A",,"A",,"A",,"A",,"A",,"A",,"A"
"20131",2588333,27,0,"1","170","D",50,"D",.,"A",,"A",,"A",,"A",,"A",,"A",,"A",,"A",,"A",,"A"
"20131",2591723,21,0,"1",,"A",.,"A",60,"D",,"A",,"A",,"A",,"A",,"A",,"A",,"A",,"A",,"A"
"20131",2592503,21,0,"1","260","D",3000,"D",.,"A",,"A",,"A",,"A",,"A",,"A",,"A",,"A",,"A",,"A"
"20131",2594563,14,0,"1","290","D",30,"D",.,"A",,"A",,"A",,"A",,"A",,"A",,"A",,"A",,"A",,"A"
"20131",2594733,15,0,"1",,"A",.,"A",100,"D",,"A",,"A",,"A",,"A",,"A",,"A",,"A",,"A",,"A"
"20131",2594743,16,0,"1","180","D",6,"D",.,"A",,"A",,"A",,"A",,"A",,"A",,"A",,"A",,"A",,"A"
"20131",2596703,18,0,"1","230","D",240,"D",.,"A",,"A",,"A",,"A",,"A",,"A",,"A",,"A",,"A",,"A"
"20131",2596773,17,0,"1","230","D",150,"D",.,"A",,"A",,"A",,"A",,"A",,"A",,"A",,"A",,"A",,"A"
"20131",2596913,24,0,"1",,"A",.,"A",50,"D",,"A",,"A",,"A",,"A",,"A",,"A",,"A",,"A",,"A"
"20131",2599093,15,0,"1","310","D",.,"H",.,"A","300","D","140","D",,"A",,"A",,"A",,"A",,"A",,"A",,"A"
"20131",2599093,15,2,"1","140","D",88,"E",.,"A",,"A",,"A",,"A",,"A",,"A",,"A",,"A",,"A",,"A"
"20131",2599093,15,1,"1","300","D",273,"E",.,"A",,"A",,"A",,"A",,"A",,"A",,"A",,"A",,"A",,"A"
"20131",2599913,20,0,"1","100","D",600,"D",.,"A",,"A",,"A",,"A",,"A",,"A",,"A",,"A",,"A",,"A"
"20131",2601163,21,0,"1",,"A",.,"A",50,"D",,"A",,"A",,"A",,"A",,"A",,"A",,"A",,"A",,"A"
"20131",2602813,16,0,"1","300","D",180,"D",.,"A",,"A",,"A",,"A",,"A",,"A",,"A",,"A",,"A",,"A"
"20131",2605113,24,0,"1","130","D",100,"D",.,"A",,"A",,"A",,"A",,"A",,"A",,"A",,"A",,"A",,"A"
"20131",2607903,23,0,"1","280","D",2200,"D",.,"A",,"A",,"A",,"A",,"A",,"A",,"A",,"A",,"A",,"A"
"20131",2608843,15,0,"1","300","D",65,"D",.,"A",,"A",,"A",,"A",,"A",,"A",,"A",,"A",,"A",,"A"
"20131",2609683,20,0,"1","260","D",100,"D",.,"A",,"A",,"A",,"A",,"A",,"A",,"A",,"A",,"A",,"A"
"20131",2611063,35,0,"1","300","D",420,"D",.,"A",,"A",,"A",,"A",,"A",,"A",,"A",,"A",,"A",,"A"
"20131",2611473,24,0,"1","300","D",8,"D",.,"A",,"A",,"A",,"A",,"A",,"A",,"A",,"A",,"A",,"A"
"20131",2612373,24,0,"1","210","D",100,"D",100,"D",,"A",,"A",,"A",,"A",,"A",,"A",,"A",,"A",,"A"
"20131",2613242,19,0,"1","300","D",100,"D",.,"A",,"A",,"A",,"A",,"A",,"A",,"A",,"A",,"A",,"A"
"20131",2614304,17,0,"1",,"A",.,"A",30,"D",,"A",,"A",,"A",,"A",,"A",,"A",,"A",,"A",,"A"
"20131",2614682,40,0,"1",,"A",.,"A",150,"D",,"A",,"A",,"A",,"A",,"A",,"A",,"A",,"A",,"A"
"20131",2617142,22,0,"1",,"A",.,"A",50,"D",,"A",,"A",,"A",,"A",,"A",,"A",,"A",,"A",,"A"
"20131",2618992,23,0,"1","230","D",140,"D",.,"A",,"A",,"A",,"A",,"A",,"A",,"A",,"A",,"A",,"A"
"20131",2619412,17,0,"1",,"A",.,"A",30,"D",,"A",,"A",,"A",,"A",,"A",,"A",,"A",,"A",,"A"
"20131",2619422,18,2,"1","140","D",129,"E",.,"A",,"A",,"A",,"A",,"A",,"A",,"A",,"A",,"A",,"A"
"20131",2619422,18,1,"1","170","D",21,"E",.,"A",,"A",,"A",,"A",,"A",,"A",,"A",,"A",,"A",,"A"
"20131",2619422,18,0,"1","310","D",.,"H",.,"A","170","D","140","D",,"A",,"A",,"A",,"A",,"A",,"A",,"A"
"20131",2619704,19,0,"1",,"A",.,"A",100,"D",,"A",,"A",,"A",,"A",,"A",,"A",,"A",,"A",,"A"
"20131",2620772,33,0,"1","300","D",160,"D",.,"A",,"A",,"A",,"A",,"A",,"A",,"A",,"A",,"A",,"A"
"20131",2620932,24,0,"1","140","D",500,"D",.,"A",,"A",,"A",,"A",,"A",,"A",,"A",,"A",,"A",,"A"
"20131",2620964,20,0,"1",,"A",.,"A",75,"D",,"A",,"A",,"A",,"A",,"A",,"A",,"A",,"A",,"A"
"20131",2621514,21,0,"1",,"A",.,"A",60,"D",,"A",,"A",,"A",,"A",,"A",,"A",,"A",,"A",,"A"
"20131",2621812,14,0,"1","230","D",850,"D",.,"A",,"A",,"A",,"A",,"A",,"A",,"A",,"A",,"A",,"A"
"20131",2622242,32,0,"1","300","D",125,"D",.,"A",,"A",,"A",,"A",,"A",,"A",,"A",,"A",,"A",,"A"
"20131",2622402,22,0,"1",,"A",.,"A",300,"D",,"A",,"A",,"A",,"A",,"A",,"A",,"A",,"A",,"A"
"20131",2622842,17,0,"1","140","D",25,"D",.,"A",,"A",,"A",,"A",,"A",,"A",,"A",,"A",,"A",,"A"
"20131",2623052,24,0,"1","300","D",6,"D",.,"A",,"A",,"A",,"A",,"A",,"A",,"A",,"A",,"A",,"A"
"20131",2626092,18,0,"1",,"A",.,"A",10,"D",,"A",,"A",,"A",,"A",,"A",,"A",,"A",,"A",,"A"
"20131",2627382,15,0,"1","300","D",300,"D",.,"A",,"A",,"A",,"A",,"A",,"A",,"A",,"A",,"A",,"A"
"20131",2627492,13,0,"1","210","D",20,"D",.,"A",,"A",,"A",,"A",,"A",,"A",,"A",,"A",,"A",,"A"
"20131",2627692,15,0,"1","300","D",20,"D",.,"A",,"A",,"A",,"A",,"A",,"A",,"A",,"A",,"A",,"A"
"20131",2628332,15,0,"1",,"A",.,"A",300,"D",,"A",,"A",,"A",,"A",,"A",,"A",,"A",,"A",,"A"
"20131",2628472,21,0,"1","230","D",50,"D",.,"A",,"A",,"A",,"A",,"A",,"A",,"A",,"A",,"A",,"A"
"20131",2628522,24,0,"1","200","D",80,"D",.,"A",,"A",,"A",,"A",,"A",,"A",,"A",,"A",,"A",,"A"
"20131",2628662,19,0,"1","130","D",300,"D",.,"A",,"A",,"A",,"A",,"A",,"A",,"A",,"A",,"A",,"A"
"20131",2629232,15,0,"1","300","D",2100,"D",.,"A",,"A",,"A",,"A",,"A",,"A",,"A",,"A",,"A",,"A"
"20131",2629672,27,0,"1",,"A",.,"A",500,"D",,"A",,"A",,"A",,"A",,"A",,"A",,"A",,"A",,"A"
"20131",2630322,15,0,"1","130","D",3700,"D",.,"A",,"A",,"A",,"A",,"A",,"A",,"A",,"A",,"A",,"A"
"20131",2630522,38,0,"1",,"A",.,"A",85,"D",,"A",,"A",,"A",,"A",,"A",,"A",,"A",,"A",,"A"
"20131",2630692,17,0,"1","230","D",365,"D",.,"A",,"A",,"A",,"A",,"A",,"A",,"A",,"A",,"A",,"A"
"20131",2632482,20,0,"1","170","D",90,"D",.,"A",,"A",,"A",,"A",,"A",,"A",,"A",,"A",,"A",,"A"
"20131",2632492,41,0,"1",,"A",.,"A",38,"D",,"A",,"A",,"A",,"A",,"A",,"A",,"A",,"A",,"A"
"20131",2632692,36,0,"1",,"A",.,"A",50,"D",,"A",,"A",,"A",,"A",,"A",,"A",,"A",,"A",,"A"
"20131",2633262,53,0,"1",,"A",.,"A",50,"D",,"A",,"A",,"A",,"A",,"A",,"A",,"A",,"A",,"A"
"20131",2633562,13,0,"1","130","D",300,"D",.,"A",,"A",,"A",,"A",,"A",,"A",,"A",,"A",,"A",,"A"
"20131",2633912,18,0,"1","100","D",75,"D",.,"A",,"A",,"A",,"A",,"A",,"A",,"A",,"A",,"A",,"A"
"20131",2634952,22,0,"1","170","D",40,"D",.,"A",,"A",,"A",,"A",,"A",,"A",,"A",,"A",,"A",,"A"
"20131",2635452,20,0,"1",,"A",.,"A",1000,"D",,"A",,"A",,"A",,"A",,"A",,"A",,"A",,"A",,"A"
"20131",2636132,28,0,"1","200","D",100,"D",.,"A",,"A",,"A",,"A",,"A",,"A",,"A",,"A",,"A",,"A"
"20131",2639192,30,0,"1",,"A",.,"A",3,"D",,"A",,"A",,"A",,"A",,"A",,"A",,"A",,"A",,"A"
"20131",2640902,29,0,"1","300","D",62,"D",.,"A",,"A",,"A",,"A",,"A",,"A",,"A",,"A",,"A",,"A"
"20131",2640952,20,0,"1","140","D",1100,"D",.,"A",,"A",,"A",,"A",,"A",,"A",,"A",,"A",,"A",,"A"
"20131",2641192,34,0,"1","300","D",45,"D",.,"A",,"A",,"A",,"A",,"A",,"A",,"A",,"A",,"A",,"A"
"20131",2643262,18,0,"1",,"A",.,"A",300,"D",,"A",,"A",,"A",,"A",,"A",,"A",,"A",,"A",,"A"
"20131",2643692,18,0,"1","230","D",350,"D",.,"A",,"A",,"A",,"A",,"A",,"A",,"A",,"A",,"A",,"A"
"20131",2643732,22,0,"1","240","D",100,"D",200,"D",,"A",,"A",,"A",,"A",,"A",,"A",,"A",,"A",,"A"
"20131",2645072,13,0,"1","130","D",6,"D",.,"A",,"A",,"A",,"A",,"A",,"A",,"A",,"A",,"A",,"A"
"20131",2645682,25,0,"1","200","D",55,"D",.,"A",,"A",,"A",,"A",,"A",,"A",,"A",,"A",,"A",,"A"
"20131",2645722,27,0,"1","140","D",71,"D",.,"A",,"A",,"A",,"A",,"A",,"A",,"A",,"A",,"A",,"A"
"20131",2646492,15,0,"1","170","D",70,"D",.,"A",,"A",,"A",,"A",,"A",,"A",,"A",,"A",,"A",,"A"
"20131",2646592,37,0,"1","170","D",130,"D",.,"A",,"A",,"A",,"A",,"A",,"A",,"A",,"A",,"A",,"A"
"20131",2646602,25,0,"1",,"A",.,"A",130,"D",,"A",,"A",,"A",,"A",,"A",,"A",,"A",,"A",,"A"
"20131",2650744,15,0,"1","230","D",2000,"D",.,"A",,"A",,"A",,"A",,"A",,"A",,"A",,"A",,"A",,"A"
"20131",2673423,13,0,"1","170","D",400,"D",.,"A",,"A",,"A",,"A",,"A",,"A",,"A",,"A",,"A",,"A"
"20131",2673435,14,0,"1","130","D",800,"D",.,"A",,"A",,"A",,"A",,"A",,"A",,"A",,"A",,"A",,"A"
"20131",2679563,22,0,"1","210","D",900,"D",200,"D",,"A",,"A",,"A",,"A",,"A",,"A",,"A",,"A",,"A"
"20132",2546775,6,0,"1","310","D",.,"H",.,"A","300","D","140","D",,"A",,"A",,"A",,"A",,"A",,"A",,"A"
"20132",2546775,6,1,"1","300","D",173,"E",.,"A",,"A",,"A",,"A",,"A",,"A",,"A",,"A",,"A",,"A"
"20132",2546775,6,2,"1","140","D",174,"E",.,"A",,"A",,"A",,"A",,"A",,"A",,"A",,"A",,"A",,"A"
"20132",2548635,6,0,"1","235","D",500,"D",.,"A",,"A",,"A",,"A",,"A",,"A",,"A",,"A",,"A",,"A"
"20132",2548925,2,0,"1","300","D",230,"D",.,"A",,"A",,"A",,"A",,"A",,"A",,"A",,"A",,"A",,"A"
"20132",2549795,6,0,"1","300","D",450,"D",.,"A",,"A",,"A",,"A",,"A",,"A",,"A",,"A",,"A",,"A"
"20132",2549895,11,0,"1","280","D",288,"D",.,"A",,"A",,"A",,"A",,"A",,"A",,"A",,"A",,"A",,"A"
"20132",2550245,6,0,"1","235","D",1000,"D",.,"A",,"A",,"A",,"A",,"A",,"A",,"A",,"A",,"A",,"A"
"20132",2553135,28,0,"1","300","D",150,"D",100,"D",,"A",,"A",,"A",,"A",,"A",,"A",,"A",,"A",,"A"
"20132",2555445,10,0,"1","130","D",35,"D",.,"A",,"A",,"A",,"A",,"A",,"A",,"A",,"A",,"A",,"A"
"20132",2555675,8,0,"1",,"A",.,"A",750,"D",,"A",,"A",,"A",,"A",,"A",,"A",,"A",,"A",,"A"
"20132",2556805,2,0,"1","300","D",80,"D",.,"A",,"A",,"A",,"A",,"A",,"A",,"A",,"A",,"A",,"A"
"20132",2557155,1,0,"1","300","D",90,"D",.,"A",,"A",,"A",,"A",,"A",,"A",,"A",,"A",,"A",,"A"
"20132",2557185,8,0,"1",,"A",.,"A",40,"D",,"A",,"A",,"A",,"A",,"A",,"A",,"A",,"A",,"A"
"20132",2557205,5,0,"1","160","D",100,"D",.,"A",,"A",,"A",,"A",,"A",,"A",,"A",,"A",,"A",,"A"
"20132",2557485,9,0,"1","130","D",700,"D",.,"A",,"A",,"A",,"A",,"A",,"A",,"A",,"A",,"A",,"A"
"20132",2557545,15,0,"1","300","D",630,"D",.,"A",,"A",,"A",,"A",,"A",,"A",,"A",,"A",,"A",,"A"
"20132",2557685,5,0,"1","200","D",250,"D",.,"A",,"A",,"A",,"A",,"A",,"A",,"A",,"A",,"A",,"A"
"20132",2558245,5,0,"1","100","D",250,"D",.,"A",,"A",,"A",,"A",,"A",,"A",,"A",,"A",,"A",,"A"
"20132",2560085,9,0,"1",,"A",.,"A",50,"D",,"A",,"A",,"A",,"A",,"A",,"A",,"A",,"A",,"A"
"20132",2560735,3,0,"1","130","D",104,"D",.,"A",,"A",,"A",,"A",,"A",,"A",,"A",,"A",,"A",,"A"
"20132",2561055,9,0,"1","300","D",100,"D",.,"A",,"A",,"A",,"A",,"A",,"A",,"A",,"A",,"A",,"A"
"20132",2562605,4,0,"1","175","D",50,"D",.,"A",,"A",,"A",,"A",,"A",,"A",,"A",,"A",,"A",,"A"
"20132",2563025,11,0,"1","210","D",26,"D",.,"A",,"A",,"A",,"A",,"A",,"A",,"A",,"A",,"A",,"A"
"20132",2563355,2,0,"1","130","D",600,"D",.,"A",,"A",,"A",,"A",,"A",,"A",,"A",,"A",,"A",,"A"
"20132",2564295,6,0,"1","300","D",7000,"D",.,"A",,"A",,"A",,"A",,"A",,"A",,"A",,"A",,"A",,"A"
"20132",2564655,1,0,"1","300","D",400,"D",.,"A",,"A",,"A",,"A",,"A",,"A",,"A",,"A",,"A",,"A"
"20132",2565365,1,0,"1",,"A",.,"A",100,"D",,"A",,"A",,"A",,"A",,"A",,"A",,"A",,"A",,"A"
"20132",2565635,6,0,"1","300","D",38,"D",13,"D",,"A",,"A",,"A",,"A",,"A",,"A",,"A",,"A",,"A"
"20132",2566085,4,0,"1",,"A",.,"A",2000,"D",,"A",,"A",,"A",,"A",,"A",,"A",,"A",,"A",,"A"
"20132",2567095,15,0,"1","130","D",783,"D",.,"A",,"A",,"A",,"A",,"A",,"A",,"A",,"A",,"A",,"A"
"20132",2567425,9,0,"1","130","D",1425,"D",.,"A",,"A",,"A",,"A",,"A",,"A",,"A",,"A",,"A",,"A"
"20132",2568695,13,0,"1","300","D",60,"D",.,"A",,"A",,"A",,"A",,"A",,"A",,"A",,"A",,"A",,"A"
"20132",2568715,8,0,"1",,"A",.,"A",5,"D",,"A",,"A",,"A",,"A",,"A",,"A",,"A",,"A",,"A"
"20132",2569695,14,0,"1","200","D",80,"D",.,"A",,"A",,"A",,"A",,"A",,"A",,"A",,"A",,"A",,"A"
"20132",2570125,4,0,"1","270","D",200,"D",.,"A",,"A",,"A",,"A",,"A",,"A",,"A",,"A",,"A",,"A"
"20132",2572785,4,0,"1","140","D",30,"D",.,"A",,"A",,"A",,"A",,"A",,"A",,"A",,"A",,"A",,"A"
"20132",2574105,14,0,"1","280","D",650,"D",.,"A",,"A",,"A",,"A",,"A",,"A",,"A",,"A",,"A",,"A"
"20132",2575235,13,0,"1",,"A",.,"A",200,"D",,"A",,"A",,"A",,"A",,"A",,"A",,"A",,"A",,"A"
"20132",2575495,11,0,"1",,"A",.,"A",28,"D",,"A",,"A",,"A",,"A",,"A",,"A",,"A",,"A",,"A"
"20132",2576045,5,0,"1",,"A",.,"A",72,"D",,"A",,"A",,"A",,"A",,"A",,"A",,"A",,"A",,"A"
"20132",2577285,9,0,"1","300","D",40,"D",.,"A",,"A",,"A",,"A",,"A",,"A",,"A",,"A",,"A",,"A"
"20132",2577615,10,0,"1","300","D",28,"D",.,"A",,"A",,"A",,"A",,"A",,"A",,"A",,"A",,"A",,"A"
"20132",2579804,4,0,"1",,"A",.,"A",50,"D",,"A",,"A",,"A",,"A",,"A",,"A",,"A",,"A",,"A"
"20132",2580654,2,0,"1",,"A",.,"A",820,"D",,"A",,"A",,"A",,"A",,"A",,"A",,"A",,"A",,"A"
"20132",2580724,18,0,"1","130","D",60,"D",370,"D",,"A",,"A",,"A",,"A",,"A",,"A",,"A",,"A",,"A"
"20132",2581354,4,0,"1",,"A",.,"A",30,"D",,"A",,"A",,"A",,"A",,"A",,"A",,"A",,"A",,"A"
"20132",2581404,1,0,"1","130","D",1100,"D",.,"A",,"A",,"A",,"A",,"A",,"A",,"A",,"A",,"A",,"A"
"20132",2585064,7,0,"1","160","D",100,"D",.,"A",,"A",,"A",,"A",,"A",,"A",,"A",,"A",,"A",,"A"
"20132",2587224,2,0,"1","310","D",.,"H",.,"A","300","D","140","D",,"A",,"A",,"A",,"A",,"A",,"A",,"A"
"20132",2587224,2,1,"1","300","D",136,"E",.,"A",,"A",,"A",,"A",,"A",,"A",,"A",,"A",,"A",,"A"
"20132",2587224,2,2,"1","140","D",64,"E",.,"A",,"A",,"A",,"A",,"A",,"A",,"A",,"A",,"A",,"A"
"20132",2589194,11,0,"1",,"A",.,"A",80,"D",,"A",,"A",,"A",,"A",,"A",,"A",,"A",,"A",,"A"
"20132",2589284,7,0,"1","300","D",100,"D",.,"A",,"A",,"A",,"A",,"A",,"A",,"A",,"A",,"A",,"A"
"20132",2592064,7,0,"1",,"A",.,"A",260,"D",,"A",,"A",,"A",,"A",,"A",,"A",,"A",,"A",,"A"
"20132",2592344,4,0,"1","175","D",89,"D",.,"A",,"A",,"A",,"A",,"A",,"A",,"A",,"A",,"A",,"A"
"20132",2593324,2,0,"1","280","D",2500,"D",.,"A",,"A",,"A",,"A",,"A",,"A",,"A",,"A",,"A",,"A"
"20132",2593864,7,0,"1","140","D",150,"D",.,"A",,"A",,"A",,"A",,"A",,"A",,"A",,"A",,"A",,"A"
"20132",2594854,3,0,"1",,"A",.,"A",400,"D",,"A",,"A",,"A",,"A",,"A",,"A",,"A",,"A",,"A"
"20132",2595434,4,0,"1","175","D",150,"D",.,"A",,"A",,"A",,"A",,"A",,"A",,"A",,"A",,"A",,"A"
"20132",2595644,2,0,"1",,"A",.,"A",100,"D",,"A",,"A",,"A",,"A",,"A",,"A",,"A",,"A",,"A"
"20132",2595974,2,0,"1","130","D",7,"D",.,"A",,"A",,"A",,"A",,"A",,"A",,"A",,"A",,"A",,"A"
"20132",2596434,7,0,"1","235","D",260,"D",.,"A",,"A",,"A",,"A",,"A",,"A",,"A",,"A",,"A",,"A"
"20132",2597264,7,0,"1","140","D",100,"D",.,"A",,"A",,"A",,"A",,"A",,"A",,"A",,"A",,"A",,"A"
"20132",2600424,6,0,"1","190","D",1900,"D",.,"A",,"A",,"A",,"A",,"A",,"A",,"A",,"A",,"A",,"A"
"20132",2600974,2,0,"1","130","D",600,"D",.,"A",,"A",,"A",,"A",,"A",,"A",,"A",,"A",,"A",,"A"
"20132",2601484,5,0,"1","300","D",1400,"D",.,"A",,"A",,"A",,"A",,"A",,"A",,"A",,"A",,"A",,"A"
"20132",2601704,8,0,"1","160","D",100,"F",.,"A",,"A",,"A",,"A",,"A",,"A",,"A",,"A",,"A",,"A"
"20132",2602124,10,0,"1","280","D",253,"D",.,"A",,"A",,"A",,"A",,"A",,"A",,"A",,"A",,"A",,"A"
"20132",2602304,24,0,"1","130","D",97375,"T",.,"A",,"A",,"A",,"A",,"A",,"A",,"A",,"A",,"A",,"A"
"20132",2603704,24,0,"1","175","D",80,"D",.,"A",,"A",,"A",,"A",,"A",,"A",,"A",,"A",,"A",,"A"
"20132",2604334,4,0,"1","160","D",32,"D",.,"A",,"A",,"A",,"A",,"A",,"A",,"A",,"A",,"A",,"A"
"20132",2604554,7,0,"1","175","D",150,"D",.,"A",,"A",,"A",,"A",,"A",,"A",,"A",,"A",,"A",,"A"
"20132",2606334,6,0,"1","175","D",100,"D",.,"A",,"A",,"A",,"A",,"A",,"A",,"A",,"A",,"A",,"A"
"20132",2607924,11,0,"1",,"A",.,"A",30,"D",,"A",,"A",,"A",,"A",,"A",,"A",,"A",,"A",,"A"
"20132",2608844,4,0,"1","280","D",95,"D",.,"A",,"A",,"A",,"A",,"A",,"A",,"A",,"A",,"A",,"A"
"20132",2609184,5,0,"1","300","D",60,"D",.,"A",,"A",,"A",,"A",,"A",,"A",,"A",,"A",,"A",,"A"
"20132",2610274,5,0,"1","175","D",25,"D",.,"A",,"A",,"A",,"A",,"A",,"A",,"A",,"A",,"A",,"A"
"20132",2610584,6,0,"1","175","D",150,"D",.,"A",,"A",,"A",,"A",,"A",,"A",,"A",,"A",,"A",,"A"
"20132",2611474,26,0,"1","300","D",133,"D",.,"A",,"A",,"A",,"A",,"A",,"A",,"A",,"A",,"A",,"A"
"20132",2614563,5,0,"1","310","D",.,"H",.,"A","300","D","175","D",,"A",,"A",,"A",,"A",,"A",,"A",,"A"
"20132",2614563,5,1,"1","300","D",30,"D",.,"A",,"A",,"A",,"A",,"A",,"A",,"A",,"A",,"A",,"A"
"20132",2614563,5,2,"1","175","D",60,"D",.,"A",,"A",,"A",,"A",,"A",,"A",,"A",,"A",,"A",,"A"
"20132",2616063,7,0,"1","300","D",1000,"D",.,"A",,"A",,"A",,"A",,"A",,"A",,"A",,"A",,"A",,"A"
"20132",2616243,6,0,"1","140","D",31,"D",.,"A",,"A",,"A",,"A",,"A",,"A",,"A",,"A",,"A",,"A"
"20132",2616923,6,0,"1","175","D",45,"D",55,"D",,"A",,"A",,"A",,"A",,"A",,"A",,"A",,"A",,"A"
"20132",2617663,2,0,"1","300","D",10,"D",.,"A",,"A",,"A",,"A",,"A",,"A",,"A",,"A",,"A",,"A"
"20132",2619143,9,0,"1","280","D",60,"D",.,"A",,"A",,"A",,"A",,"A",,"A",,"A",,"A",,"A",,"A"
"20132",2620843,2,0,"1","130","D",63,"D",.,"A",,"A",,"A",,"A",,"A",,"A",,"A",,"A",,"A",,"A"
"20132",2621593,15,0,"1","175","D",150,"D",.,"A",,"A",,"A",,"A",,"A",,"A",,"A",,"A",,"A",,"A"
"20132",2621813,1,0,"1","300","D",675,"D",.,"A",,"A",,"A",,"A",,"A",,"A",,"A",,"A",,"A",,"A"
"20132",2622843,7,0,"1","300","D",225,"D",.,"A",,"A",,"A",,"A",,"A",,"A",,"A",,"A",,"A",,"A"
"20132",2623383,4,0,"1","300","D",4000,"D",.,"A",,"A",,"A",,"A",,"A",,"A",,"A",,"A",,"A",,"A"
"20132",2623943,10,0,"1","310","D",.,"H",.,"A","280","D","300","D",,"A",,"A",,"A",,"A",,"A",,"A",,"A"
"20132",2623943,10,1,"1","280","D",1988,"E",.,"A",,"A",,"A",,"A",,"A",,"A",,"A",,"A",,"A",,"A"
"20132",2623943,10,2,"1","300","D",612,"E",.,"A",,"A",,"A",,"A",,"A",,"A",,"A",,"A",,"A",,"A"
"20132",2625603,9,0,"1","310","D",.,"H",.,"A","160","D","175","D",,"A",,"A",,"A",,"A",,"A",,"A",,"A"
"20132",2625603,9,1,"1","160","D",130,"D",.,"A",,"A",,"A",,"A",,"A",,"A",,"A",,"A",,"A",,"A"
"20132",2625603,9,2,"1","175","D",30,"D",.,"A",,"A",,"A",,"A",,"A",,"A",,"A",,"A",,"A",,"A"
"20132",2627063,3,0,"1","175","D",30,"D",.,"A",,"A",,"A",,"A",,"A",,"A",,"A",,"A",,"A",,"A"
"20132",2628453,7,0,"1",,"A",.,"A",58,"D",,"A",,"A",,"A",,"A",,"A",,"A",,"A",,"A",,"A"
"20132",2628803,11,0,"1","140","D",20,"D",.,"A",,"A",,"A",,"A",,"A",,"A",,"A",,"A",,"A",,"A"
"20132",2629893,5,0,"1","175","D",45,"D",.,"A",,"A",,"A",,"A",,"A",,"A",,"A",,"A",,"A",,"A"
"20132",2630033,24,0,"1","280","D",5,"D",.,"A",,"A",,"A",,"A",,"A",,"A",,"A",,"A",,"A",,"A"
"20132",2630923,8,0,"1","140","D",60,"D",.,"A",,"A",,"A",,"A",,"A",,"A",,"A",,"A",,"A",,"A"
"20132",2631373,1,0,"1",,"A",.,"A",3000,"D",,"A",,"A",,"A",,"A",,"A",,"A",,"A",,"A",,"A"
"20132",2631623,3,0,"1","235","D",250,"D",.,"A",,"A",,"A",,"A",,"A",,"A",,"A",,"A",,"A",,"A"
"20132",2633273,1,0,"1","160","D",100,"D",200,"D",,"A",,"A",,"A",,"A",,"A",,"A",,"A",,"A",,"A"
"20132",2634143,3,0,"1",,"A",.,"A",20,"D",,"A",,"A",,"A",,"A",,"A",,"A",,"A",,"A",,"A"
"20132",2635423,2,0,"1","160","D",2500,"D",.,"A",,"A",,"A",,"A",,"A",,"A",,"A",,"A",,"A",,"A"
"20132",2636543,6,0,"1","300","D",214,"D",.,"A",,"A",,"A",,"A",,"A",,"A",,"A",,"A",,"A",,"A"
"20132",2637243,2,0,"1",,"A",.,"A",75,"D",,"A",,"A",,"A",,"A",,"A",,"A",,"A",,"A",,"A"
"20132",2637865,11,0,"1",,"A",.,"A",100,"D",,"A",,"A",,"A",,"A",,"A",,"A",,"A",,"A",,"A"
"20132",2638603,16,0,"1","110","D",869,"D",.,"A",,"A",,"A",,"A",,"A",,"A",,"A",,"A",,"A",,"A"
"20132",2638853,9,0,"1","130","D",80,"D",.,"A",,"A",,"A",,"A",,"A",,"A",,"A",,"A",,"A",,"A"
"20132",2639063,3,0,"1","140","D",75,"D",.,"A",,"A",,"A",,"A",,"A",,"A",,"A",,"A",,"A",,"A"
"20132",2640303,3,0,"1","235","D",425,"D",.,"A",,"A",,"A",,"A",,"A",,"A",,"A",,"A",,"A",,"A"
"20132",2642033,7,0,"1","200","D",15,"D",.,"A",,"A",,"A",,"A",,"A",,"A",,"A",,"A",,"A",,"A"
"20132",2642403,15,0,"1","130","D",270,"D",.,"A",,"A",,"A",,"A",,"A",,"A",,"A",,"A",,"A",,"A"
"20132",2642983,14,0,"1","140","D",200,"D",.,"A",,"A",,"A",,"A",,"A",,"A",,"A",,"A",,"A",,"A"
"20132",2643733,3,0,"1","300","D",1500,"D",.,"A",,"A",,"A",,"A",,"A",,"A",,"A",,"A",,"A",,"A"
"20132",2645073,3,0,"1",,"A",.,"A",65,"D",,"A",,"A",,"A",,"A",,"A",,"A",,"A",,"A",,"A"
"20132",2646513,4,0,"1","175","D",175,"D",.,"A",,"A",,"A",,"A",,"A",,"A",,"A",,"A",,"A",,"A"
"20132",2649052,8,0,"1","175","D",160,"D",.,"A",,"A",,"A",,"A",,"A",,"A",,"A",,"A",,"A",,"A"
"20132",2649102,21,0,"1","130","D",85,"D",.,"A",,"A",,"A",,"A",,"A",,"A",,"A",,"A",,"A",,"A"
"20132",2649232,18,0,"1",,"A",.,"A",500,"D",,"A",,"A",,"A",,"A",,"A",,"A",,"A",,"A",,"A"
"20132",2650092,7,0,"1","280","D",60,"D",.,"A",,"A",,"A",,"A",,"A",,"A",,"A",,"A",,"A",,"A"
"20132",2650272,16,0,"1","200","D",5,"D",.,"A",,"A",,"A",,"A",,"A",,"A",,"A",,"A",,"A",,"A"
"20132",2650665,6,0,"1",,"A",.,"A",500,"D",,"A",,"A",,"A",,"A",,"A",,"A",,"A",,"A",,"A"
"20132",2651112,7,0,"1",,"A",.,"A",451,"D",,"A",,"A",,"A",,"A",,"A",,"A",,"A",,"A",,"A"
"20132",2651502,4,0,"1","175","D",35,"D",.,"A",,"A",,"A",,"A",,"A",,"A",,"A",,"A",,"A",,"A"
"20132",2651622,9,0,"1","175","D",35,"D",.,"A",,"A",,"A",,"A",,"A",,"A",,"A",,"A",,"A",,"A"
"20132",2651732,1,0,"1","140","D",100,"D",.,"A",,"A",,"A",,"A",,"A",,"A",,"A",,"A",,"A",,"A"
"20132",2653602,2,0,"1","190","D",25,"D",.,"A",,"A",,"A",,"A",,"A",,"A",,"A",,"A",,"A",,"A"
"20132",2653682,10,0,"1","200","D",159,"D",.,"A",,"A",,"A",,"A",,"A",,"A",,"A",,"A",,"A",,"A"
"20132",2654842,6,0,"1",,"A",.,"A",150,"D",,"A",,"A",,"A",,"A",,"A",,"A",,"A",,"A",,"A"
"20132",2655372,18,0,"1","300","D",69,"D",.,"A",,"A",,"A",,"A",,"A",,"A",,"A",,"A",,"A",,"A"
"20132",2655622,4,0,"1","300","D",50,"D",50,"D",,"A",,"A",,"A",,"A",,"A",,"A",,"A",,"A",,"A"
"20132",2655705,10,0,"1","175","D",50,"D",.,"A",,"A",,"A",,"A",,"A",,"A",,"A",,"A",,"A",,"A"
"20132",2655752,15,0,"1",,"A",.,"A",20,"D",,"A",,"A",,"A",,"A",,"A",,"A",,"A",,"A",,"A"
"20132",2657072,12,0,"1","300","D",300,"D",.,"A",,"A",,"A",,"A",,"A",,"A",,"A",,"A",,"A",,"A"
"20132",2657342,7,0,"1",,"A",.,"A",26,"D",,"A",,"A",,"A",,"A",,"A",,"A",,"A",,"A",,"A"
"20132",2657902,3,0,"1","200","D",98,"D",.,"A",,"A",,"A",,"A",,"A",,"A",,"A",,"A",,"A",,"A"
"20132",2659732,16,0,"1","300","D",50,"D",40,"D",,"A",,"A",,"A",,"A",,"A",,"A",,"A",,"A",,"A"
"20132",2660202,7,0,"1","175","D",22,"D",.,"A",,"A",,"A",,"A",,"A",,"A",,"A",,"A",,"A",,"A"
"20132",2660422,14,0,"1",,"A",.,"A",50,"D",,"A",,"A",,"A",,"A",,"A",,"A",,"A",,"A",,"A"
"20132",2660872,9,0,"1","300","D",50,"D",.,"A",,"A",,"A",,"A",,"A",,"A",,"A",,"A",,"A",,"A"
"20132",2661502,7,0,"1","260","D",1200,"D",.,"A",,"A",,"A",,"A",,"A",,"A",,"A",,"A",,"A",,"A"
"20132",2661952,14,0,"1","235","D",5,"D",.,"A",,"A",,"A",,"A",,"A",,"A",,"A",,"A",,"A",,"A"
"20132",2664142,22,0,"1",,"A",.,"A",300,"D",,"A",,"A",,"A",,"A",,"A",,"A",,"A",,"A",,"A"
"20132",2664612,12,0,"1",,"A",.,"A",60,"D",,"A",,"A",,"A",,"A",,"A",,"A",,"A",,"A",,"A"
"20132",2664992,7,0,"1",,"A",.,"A",400,"D",,"A",,"A",,"A",,"A",,"A",,"A",,"A",,"A",,"A"
"20132",2665272,9,0,"1","140","D",55,"D",.,"A",,"A",,"A",,"A",,"A",,"A",,"A",,"A",,"A",,"A"
"20132",2665342,9,0,"1","310","D",.,"H",.,"A","200","D","260","D","130","D",,"A",,"A",,"A",,"A",,"A",,"A"
"20132",2665342,9,1,"1","200","D",2,"E",.,"A",,"A",,"A",,"A",,"A",,"A",,"A",,"A",,"A",,"A"
"20132",2665342,9,2,"1","260","D",121,"E",.,"A",,"A",,"A",,"A",,"A",,"A",,"A",,"A",,"A",,"A"
"20132",2665342,9,3,"1","130","D",377,"E",.,"A",,"A",,"A",,"A",,"A",,"A",,"A",,"A",,"A",,"A"
"20132",2665442,4,0,"1","130","D",600,"F",.,"A",,"A",,"A",,"A",,"A",,"A",,"A",,"A",,"A",,"A"
"20132",2666552,10,0,"1","140","D",53,"D",.,"A",,"A",,"A",,"A",,"A",,"A",,"A",,"A",,"A",,"A"
"20132",2667542,12,0,"1","300","D",200,"D",.,"A",,"A",,"A",,"A",,"A",,"A",,"A",,"A",,"A",,"A"
"20132",2668132,11,0,"1",,"A",.,"A",500,"D",,"A",,"A",,"A",,"A",,"A",,"A",,"A",,"A",,"A"
"20132",2671232,14,0,"1","300","D",1500,"D",.,"A",,"A",,"A",,"A",,"A",,"A",,"A",,"A",,"A",,"A"
"20132",2672422,14,0,"1","175","D",75,"D",.,"A",,"A",,"A",,"A",,"A",,"A",,"A",,"A",,"A",,"A"
"20132",2675002,15,0,"1","260","D",250,"D",.,"A",,"A",,"A",,"A",,"A",,"A",,"A",,"A",,"A",,"A"
"20132",2675082,1,0,"1",,"A",.,"A",9,"D",,"A",,"A",,"A",,"A",,"A",,"A",,"A",,"A",,"A"
"20132",2676582,3,0,"1","235","D",400,"D",.,"A",,"A",,"A",,"A",,"A",,"A",,"A",,"A",,"A",,"A"
"20132",2676742,8,0,"1","260","D",120,"D",.,"A",,"A",,"A",,"A",,"A",,"A",,"A",,"A",,"A",,"A"
"20132",2677002,6,0,"1","130","D",750,"D",.,"A",,"A",,"A",,"A",,"A",,"A",,"A",,"A",,"A",,"A"
"20132",2677352,15,0,"1",,"A",.,"A",200,"D",,"A",,"A",,"A",,"A",,"A",,"A",,"A",,"A",,"A"
"20132",2677812,7,0,"1",,"A",.,"A",50,"D",,"A",,"A",,"A",,"A",,"A",,"A",,"A",,"A",,"A"
"20132",2678252,3,0,"1","175","D",300,"D",.,"A",,"A",,"A",,"A",,"A",,"A",,"A",,"A",,"A",,"A"
"20132",2678342,1,0,"1",,"A",.,"A",8,"D",,"A",,"A",,"A",,"A",,"A",,"A",,"A",,"A",,"A"
"20132",2678652,5,0,"1",,"A",.,"A",538,"D",,"A",,"A",,"A",,"A",,"A",,"A",,"A",,"A",,"A"
"20132",2679322,3,0,"1",,"A",.,"A",20,"D",,"A",,"A",,"A",,"A",,"A",,"A",,"A",,"A",,"A"
"20132",2679582,4,0,"1","210","D",21,"D",.,"A",,"A",,"A",,"A",,"A",,"A",,"A",,"A",,"A",,"A"
"20132",2679762,4,0,"1",,"A",.,"A",150,"D",,"A",,"A",,"A",,"A",,"A",,"A",,"A",,"A",,"A"
"20132",2679865,34,0,"1","130","D",80,"D",.,"A",,"A",,"A",,"A",,"A",,"A",,"A",,"A",,"A",,"A"
"20132",2679902,6,0,"1",,"A",.,"A",10,"D",,"A",,"A",,"A",,"A",,"A",,"A",,"A",,"A",,"A"
"20132",2690112,11,0,"1",,"A",.,"A",35,"D",,"A",,"A",,"A",,"A",,"A",,"A",,"A",,"A",,"A"
"20132",2698943,13,0,"1","175","D",50,"D",.,"A",,"A",,"A",,"A",,"A",,"A",,"A",,"A",,"A",,"A"
"20132",2710863,3,0,"1",,"A",.,"A",15,"D",,"A",,"A",,"A",,"A",,"A",,"A",,"A",,"A",,"A"
"20133",2579255,8,0,"1",,"A",.,"A",35,"D",,"A",,"A",,"A",,"A",,"A",,"A",,"A",,"A",,"A"
"20133",2580595,10,0,"1",,"A",.,"A",30,"D",,"A",,"A",,"A",,"A",,"A",,"A",,"A",,"A",,"A"
"20133",2580725,19,0,"1",,"A",.,"A",78,"D",,"A",,"A",,"A",,"A",,"A",,"A",,"A",,"A",,"A"
"20133",2581185,5,0,"1","175","D",100,"D",.,"A",,"A",,"A",,"A",,"A",,"A",,"A",,"A",,"A",,"A"
"20133",2581385,3,0,"1",,"A",.,"A",32,"D",,"A",,"A",,"A",,"A",,"A",,"A",,"A",,"A",,"A"
"20133",2583215,4,0,"1","260","D",20,"D",.,"A",,"A",,"A",,"A",,"A",,"A",,"A",,"A",,"A",,"A"
"20133",2586215,7,0,"1","140","D",400,"D",.,"A",,"A",,"A",,"A",,"A",,"A",,"A",,"A",,"A",,"A"
"20133",2586605,7,0,"1","150","D",1000,"D",.,"A",,"A",,"A",,"A",,"A",,"A",,"A",,"A",,"A",,"A"
"20133",2586655,4,0,"1","300","D",5,"D",.,"A",,"A",,"A",,"A",,"A",,"A",,"A",,"A",,"A",,"A"
"20133",2586855,2,0,"1",,"A",.,"A",30,"D",,"A",,"A",,"A",,"A",,"A",,"A",,"A",,"A",,"A"
"20133",2587065,10,0,"1","175","D",50,"D",.,"A",,"A",,"A",,"A",,"A",,"A",,"A",,"A",,"A",,"A"
"20133",2587645,6,0,"1","235","D",450,"D",.,"A",,"A",,"A",,"A",,"A",,"A",,"A",,"A",,"A",,"A"
"20133",2588235,4,0,"1","235","D",115,"D",.,"A",,"A",,"A",,"A",,"A",,"A",,"A",,"A",,"A",,"A"
"20133",2588845,4,0,"1","130","D",3000,"D",.,"A",,"A",,"A",,"A",,"A",,"A",,"A",,"A",,"A",,"A"
"20133",2589605,5,0,"1","175","D",54,"D",.,"A",,"A",,"A",,"A",,"A",,"A",,"A",,"A",,"A",,"A"
"20133",2590105,7,0,"1","175","D",150,"D",.,"A",,"A",,"A",,"A",,"A",,"A",,"A",,"A",,"A",,"A"
"20133",2591485,11,0,"1","300","D",40,"D",.,"A",,"A",,"A",,"A",,"A",,"A",,"A",,"A",,"A",,"A"
"20133",2592685,1,0,"1","300","D",1400,"D",.,"A",,"A",,"A",,"A",,"A",,"A",,"A",,"A",,"A",,"A"
"20133",2592735,6,0,"1",,"A",.,"A",25,"D",,"A",,"A",,"A",,"A",,"A",,"A",,"A",,"A",,"A"
"20133",2595055,5,0,"1","260","D",162,"D",.,"A",,"A",,"A",,"A",,"A",,"A",,"A",,"A",,"A",,"A"
"20133",2595505,7,0,"1",,"A",.,"A",7,"D",,"A",,"A",,"A",,"A",,"A",,"A",,"A",,"A",,"A"
"20133",2595595,7,0,"1","175","D",60,"D",.,"A",,"A",,"A",,"A",,"A",,"A",,"A",,"A",,"A",,"A"
"20133",2595975,14,0,"1","130","D",17,"D",.,"A",,"A",,"A",,"A",,"A",,"A",,"A",,"A",,"A",,"A"
"20133",2596395,3,0,"1","130","D",300,"D",.,"A",,"A",,"A",,"A",,"A",,"A",,"A",,"A",,"A",,"A"
"20133",2596435,5,0,"1",,"A",.,"A",55,"D",,"A",,"A",,"A",,"A",,"A",,"A",,"A",,"A",,"A"
"20133",2596915,6,0,"1","300","D",300,"D",.,"A",,"A",,"A",,"A",,"A",,"A",,"A",,"A",,"A",,"A"
"20133",2597095,31,0,"1","300","D",115,"D",.,"A",,"A",,"A",,"A",,"A",,"A",,"A",,"A",,"A",,"A"
"20133",2597265,4,0,"1","160","D",1000,"D",.,"A",,"A",,"A",,"A",,"A",,"A",,"A",,"A",,"A",,"A"
"20133",2600075,19,0,"1","140","D",53,"D",.,"A",,"A",,"A",,"A",,"A",,"A",,"A",,"A",,"A",,"A"
"20133",2602075,7,0,"1","150","D",328,"D",.,"A",,"A",,"A",,"A",,"A",,"A",,"A",,"A",,"A",,"A"
"20133",2602815,3,0,"1","235","D",200,"D",.,"A",,"A",,"A",,"A",,"A",,"A",,"A",,"A",,"A",,"A"
"20133",2602955,9,0,"1","140","D",1100,"D",.,"A",,"A",,"A",,"A",,"A",,"A",,"A",,"A",,"A",,"A"
"20133",2603905,4,0,"1","290","D",7000,"D",.,"A",,"A",,"A",,"A",,"A",,"A",,"A",,"A",,"A",,"A"
"20133",2604665,2,0,"1",,"A",.,"A",5,"D",,"A",,"A",,"A",,"A",,"A",,"A",,"A",,"A",,"A"
"20133",2606335,8,0,"1","175","D",130,"D",.,"A",,"A",,"A",,"A",,"A",,"A",,"A",,"A",,"A",,"A"
"20133",2608205,5,0,"1","300","D",320,"D",.,"A",,"A",,"A",,"A",,"A",,"A",,"A",,"A",,"A",,"A"
"20133",2610275,5,0,"1","175","D",72,"D",.,"A",,"A",,"A",,"A",,"A",,"A",,"A",,"A",,"A",,"A"
"20133",2611215,13,0,"1","300","D",60,"D",.,"A",,"A",,"A",,"A",,"A",,"A",,"A",,"A",,"A",,"A"
"20133",2611475,13,0,"1","300","D",40,"D",.,"A",,"A",,"A",,"A",,"A",,"A",,"A",,"A",,"A",,"A"
"20133",2614424,10,0,"1",,"A",.,"A",85,"D",,"A",,"A",,"A",,"A",,"A",,"A",,"A",,"A",,"A"
"20133",2614554,11,0,"1","175","D",100,"D",.,"A",,"A",,"A",,"A",,"A",,"A",,"A",,"A",,"A",,"A"
"20133",2614564,10,0,"1",,"A",.,"A",35,"D",,"A",,"A",,"A",,"A",,"A",,"A",,"A",,"A",,"A"
"20133",2614894,6,0,"1","175","D",72,"D",.,"A",,"A",,"A",,"A",,"A",,"A",,"A",,"A",,"A",,"A"
"20133",2615244,11,0,"1","130","D",598,"D",.,"A",,"A",,"A",,"A",,"A",,"A",,"A",,"A",,"A",,"A"
"20133",2615964,4,0,"1",,"A",.,"A",50,"D",,"A",,"A",,"A",,"A",,"A",,"A",,"A",,"A",,"A"
"20133",2616594,11,0,"1","300","D",400,"D",.,"A",,"A",,"A",,"A",,"A",,"A",,"A",,"A",,"A",,"A"
"20133",2617104,6,0,"1","300","D",164,"D",.,"A",,"A",,"A",,"A",,"A",,"A",,"A",,"A",,"A",,"A"
"20133",2617144,6,0,"1","300","D",300,"D",.,"A",,"A",,"A",,"A",,"A",,"A",,"A",,"A",,"A",,"A"
"20133",2620004,8,0,"1","300","D",60,"D",.,"A",,"A",,"A",,"A",,"A",,"A",,"A",,"A",,"A",,"A"
"20133",2620174,5,0,"1","120","D",600,"D",.,"A",,"A",,"A",,"A",,"A",,"A",,"A",,"A",,"A",,"A"
"20133",2621194,12,0,"1",,"A",.,"A",30,"D",,"A",,"A",,"A",,"A",,"A",,"A",,"A",,"A",,"A"
"20133",2622494,3,0,"1",,"A",.,"A",25,"D",,"A",,"A",,"A",,"A",,"A",,"A",,"A",,"A",,"A"
"20133",2623694,8,0,"1","300","D",93,"D",.,"A",,"A",,"A",,"A",,"A",,"A",,"A",,"A",,"A",,"A"
"20133",2624234,7,0,"1","280","D",140,"D",.,"A",,"A",,"A",,"A",,"A",,"A",,"A",,"A",,"A",,"A"
"20133",2624314,13,0,"1","235","D",50,"D",.,"A",,"A",,"A",,"A",,"A",,"A",,"A",,"A",,"A",,"A"
"20133",2625174,4,0,"1","175","D",147,"D",.,"A",,"A",,"A",,"A",,"A",,"A",,"A",,"A",,"A",,"A"
"20133",2625604,6,0,"1","175","D",55,"D",.,"A",,"A",,"A",,"A",,"A",,"A",,"A",,"A",,"A",,"A"
"20133",2626574,3,0,"1","130","D",550,"D",.,"A",,"A",,"A",,"A",,"A",,"A",,"A",,"A",,"A",,"A"
"20133",2627584,5,0,"1","300","D",91,"D",.,"A",,"A",,"A",,"A",,"A",,"A",,"A",,"A",,"A",,"A"
"20133",2628524,7,0,"1",,"A",.,"A",160,"D",,"A",,"A",,"A",,"A",,"A",,"A",,"A",,"A",,"A"
"20133",2630894,11,0,"1",,"A",.,"A",370,"D",,"A",,"A",,"A",,"A",,"A",,"A",,"A",,"A",,"A"
"20133",2632684,5,0,"1",,"A",.,"A",89,"D",,"A",,"A",,"A",,"A",,"A",,"A",,"A",,"A",,"A"
"20133",2634144,4,0,"1",,"A",.,"A",15,"D",,"A",,"A",,"A",,"A",,"A",,"A",,"A",,"A",,"A"
"20133",2637804,10,0,"1",,"A",.,"A",25,"D",,"A",,"A",,"A",,"A",,"A",,"A",,"A",,"A",,"A"
"20133",2638114,2,0,"1","200","D",106,"D",.,"A",,"A",,"A",,"A",,"A",,"A",,"A",,"A",,"A",,"A"
"20133",2638324,2,0,"1","210","D",20,"D",.,"A",,"A",,"A",,"A",,"A",,"A",,"A",,"A",,"A",,"A"
"20133",2639254,15,0,"1","300","D",200,"D",.,"A",,"A",,"A",,"A",,"A",,"A",,"A",,"A",,"A",,"A"
"20133",2643164,15,0,"1",,"A",.,"A",120,"D",,"A",,"A",,"A",,"A",,"A",,"A",,"A",,"A",,"A"
"20133",2643884,13,0,"1","130","D",4000,"F",35,"D",,"A",,"A",,"A",,"A",,"A",,"A",,"A",,"A",,"A"
"20133",2646024,8,0,"1","235","D",120,"D",.,"A",,"A",,"A",,"A",,"A",,"A",,"A",,"A",,"A",,"A"
"20133",2646594,7,2,"1","175","D",24,"E",.,"A",,"A",,"A",,"A",,"A",,"A",,"A",,"A",,"A",,"A"
"20133",2646594,7,1,"1","210","D",180,"E",.,"A",,"A",,"A",,"A",,"A",,"A",,"A",,"A",,"A",,"A"
"20133",2646594,7,0,"1","310","D",.,"H",.,"A","210","D","175","D",,"A",,"A",,"A",,"A",,"A",,"A",,"A"
"20133",2647293,5,0,"1","300","D",1200,"D",.,"A",,"A",,"A",,"A",,"A",,"A",,"A",,"A",,"A",,"A"
"20133",2647963,2,0,"1",,"A",.,"A",100,"D",,"A",,"A",,"A",,"A",,"A",,"A",,"A",,"A",,"A"
"20133",2649583,5,0,"1",,"A",.,"A",15,"D",,"A",,"A",,"A",,"A",,"A",,"A",,"A",,"A",,"A"
"20133",2650273,10,0,"1","200","D",30,"D",.,"A",,"A",,"A",,"A",,"A",,"A",,"A",,"A",,"A",,"A"
"20133",2651833,3,0,"1","300","D",14,"D",.,"A",,"A",,"A",,"A",,"A",,"A",,"A",,"A",,"A",,"A"
"20133",2652583,5,0,"1","300","D",2900,"D",.,"A",,"A",,"A",,"A",,"A",,"A",,"A",,"A",,"A",,"A"
"20133",2656363,4,0,"1","130","D",50,"D",.,"A",,"A",,"A",,"A",,"A",,"A",,"A",,"A",,"A",,"A"
"20133",2656443,4,0,"1","260","D",300,"D",.,"A",,"A",,"A",,"A",,"A",,"A",,"A",,"A",,"A",,"A"
"20133",2658573,7,0,"1","200","D",60,"D",.,"A",,"A",,"A",,"A",,"A",,"A",,"A",,"A",,"A",,"A"
"20133",2659813,1,0,"1","200","D",15,"D",.,"A",,"A",,"A",,"A",,"A",,"A",,"A",,"A",,"A",,"A"
"20133",2660233,8,0,"1","300","D",626,"D",.,"A",,"A",,"A",,"A",,"A",,"A",,"A",,"A",,"A",,"A"
"20133",2660313,9,0,"1",,"A",.,"A",1000,"D",,"A",,"A",,"A",,"A",,"A",,"A",,"A",,"A",,"A"
"20133",2660873,8,0,"1","175","D",60,"D",.,"A",,"A",,"A",,"A",,"A",,"A",,"A",,"A",,"A",,"A"
"20133",2662063,4,0,"1","280","D",300,"D",.,"A",,"A",,"A",,"A",,"A",,"A",,"A",,"A",,"A",,"A"
"20133",2662343,16,0,"1","280","D",500,"D",.,"A",,"A",,"A",,"A",,"A",,"A",,"A",,"A",,"A",,"A"
"20133",2662373,3,0,"1","140","D",45,"D",.,"A",,"A",,"A",,"A",,"A",,"A",,"A",,"A",,"A",,"A"
"20133",2663223,14,0,"1","300","D",50,"D",.,"A",,"A",,"A",,"A",,"A",,"A",,"A",,"A",,"A",,"A"
"20133",2663273,6,0,"1","260","D",430,"D",.,"A",,"A",,"A",,"A",,"A",,"A",,"A",,"A",,"A",,"A"
"20133",2663673,7,0,"1",,"A",.,"A",75,"D",,"A",,"A",,"A",,"A",,"A",,"A",,"A",,"A",,"A"
"20133",2664643,1,0,"1","130","D",100,"D",.,"A",,"A",,"A",,"A",,"A",,"A",,"A",,"A",,"A",,"A"
"20133",2666363,8,0,"1",,"A",.,"A",250,"D",,"A",,"A",,"A",,"A",,"A",,"A",,"A",,"A",,"A"
"20133",2666523,10,2,"1","175","D",70,"D",.,"A",,"A",,"A",,"A",,"A",,"A",,"A",,"A",,"A",,"A"
"20133",2666523,10,0,"1","310","D",.,"H",.,"A","300","D","175","D",,"A",,"A",,"A",,"A",,"A",,"A",,"A"
"20133",2666523,10,1,"1","300","D",30,"D",.,"A",,"A",,"A",,"A",,"A",,"A",,"A",,"A",,"A",,"A"
"20133",2666953,2,2,"1","300","D",99,"E",.,"A",,"A",,"A",,"A",,"A",,"A",,"A",,"A",,"A",,"A"
"20133",2666953,2,1,"1","200","D",1,"E",.,"A",,"A",,"A",,"A",,"A",,"A",,"A",,"A",,"A",,"A"
"20133",2666953,2,0,"1","310","D",.,"H",.,"A","200","D","300","D",,"A",,"A",,"A",,"A",,"A",,"A",,"A"
"20133",2667153,5,0,"1",,"A",.,"A",4,"D",,"A",,"A",,"A",,"A",,"A",,"A",,"A",,"A",,"A"
"20133",2667293,5,0,"1","175","D",66,"D",.,"A",,"A",,"A",,"A",,"A",,"A",,"A",,"A",,"A",,"A"
"20133",2667583,24,0,"1","210","D",11,"D",.,"A",,"A",,"A",,"A",,"A",,"A",,"A",,"A",,"A",,"A"
"20133",2668673,14,0,"1","235","D",20,"D",.,"A",,"A",,"A",,"A",,"A",,"A",,"A",,"A",,"A",,"A"
"20133",2669273,9,0,"1","175","D",300,"D",.,"A",,"A",,"A",,"A",,"A",,"A",,"A",,"A",,"A",,"A"
"20133",2674083,10,0,"1",,"A",.,"A",80,"D",,"A",,"A",,"A",,"A",,"A",,"A",,"A",,"A",,"A"
"20133",2675083,3,0,"1",,"A",.,"A",25,"D",,"A",,"A",,"A",,"A",,"A",,"A",,"A",,"A",,"A"
"20133",2676223,13,0,"1","300","D",300,"D",.,"A",,"A",,"A",,"A",,"A",,"A",,"A",,"A",,"A",,"A"
"20133",2676793,5,0,"1","300","D",100,"D",.,"A",,"A",,"A",,"A",,"A",,"A",,"A",,"A",,"A",,"A"
"20133",2676913,4,0,"1",,"A",.,"A",15,"D",,"A",,"A",,"A",,"A",,"A",,"A",,"A",,"A",,"A"
"20133",2678603,12,0,"1","175","D",150,"D",100,"D",,"A",,"A",,"A",,"A",,"A",,"A",,"A",,"A",,"A"
"20133",2679153,7,0,"1",,"A",.,"A",50,"D",,"A",,"A",,"A",,"A",,"A",,"A",,"A",,"A",,"A"
"20133",2679583,3,0,"1","300","D",300,"D",.,"A",,"A",,"A",,"A",,"A",,"A",,"A",,"A",,"A",,"A"
"20133",2680842,5,0,"1","175","D",250,"D",.,"A",,"A",,"A",,"A",,"A",,"A",,"A",,"A",,"A",,"A"
"20133",2682672,5,0,"1",,"A",.,"A",14,"D",,"A",,"A",,"A",,"A",,"A",,"A",,"A",,"A",,"A"
"20133",2683632,17,0,"1",,"A",.,"A",5,"D",,"A",,"A",,"A",,"A",,"A",,"A",,"A",,"A",,"A"
"20133",2684232,7,0,"1",,"A",.,"A",140,"D",,"A",,"A",,"A",,"A",,"A",,"A",,"A",,"A",,"A"
"20133",2684472,3,0,"1","160","D",75,"D",.,"A",,"A",,"A",,"A",,"A",,"A",,"A",,"A",,"A",,"A"
"20133",2685482,12,0,"1","140","D",550,"D",.,"A",,"A",,"A",,"A",,"A",,"A",,"A",,"A",,"A",,"A"
"20133",2687222,12,0,"1",,"A",.,"A",20,"D",,"A",,"A",,"A",,"A",,"A",,"A",,"A",,"A",,"A"
"20133",2687352,4,0,"1","130","D",50,"D",.,"A",,"A",,"A",,"A",,"A",,"A",,"A",,"A",,"A",,"A"
"20133",2687852,3,0,"1","130","D",4000,"D",.,"A",,"A",,"A",,"A",,"A",,"A",,"A",,"A",,"A",,"A"
"20133",2688522,6,0,"1","140","D",400,"D",100,"D",,"A",,"A",,"A",,"A",,"A",,"A",,"A",,"A",,"A"
"20133",2690272,10,0,"1","235","D",1200,"D",35,"D",,"A",,"A",,"A",,"A",,"A",,"A",,"A",,"A",,"A"
"20133",2690542,10,0,"1",,"A",.,"A",81,"D",,"A",,"A",,"A",,"A",,"A",,"A",,"A",,"A",,"A"
"20133",2693942,8,0,"1","175","D",40,"D",.,"A",,"A",,"A",,"A",,"A",,"A",,"A",,"A",,"A",,"A"
"20133",2694352,3,0,"1","235","D",600,"D",.,"A",,"A",,"A",,"A",,"A",,"A",,"A",,"A",,"A",,"A"
"20133",2695172,3,0,"1","235","D",90,"D",.,"A",,"A",,"A",,"A",,"A",,"A",,"A",,"A",,"A",,"A"
"20133",2695282,3,0,"1","300","D",1000,"D",.,"A",,"A",,"A",,"A",,"A",,"A",,"A",,"A",,"A",,"A"
"20133",2696422,12,0,"1","200","D",156,"D",.,"A",,"A",,"A",,"A",,"A",,"A",,"A",,"A",,"A",,"A"
"20133",2696952,7,0,"1","300","D",900,"D",.,"A",,"A",,"A",,"A",,"A",,"A",,"A",,"A",,"A",,"A"
"20133",2698442,5,0,"1","200","D",150,"D",.,"A",,"A",,"A",,"A",,"A",,"A",,"A",,"A",,"A",,"A"
"20133",2698602,10,0,"1","130","D",32,"D",.,"A",,"A",,"A",,"A",,"A",,"A",,"A",,"A",,"A",,"A"
"20133",2699504,5,0,"1","175","D",250,"D",60,"D",,"A",,"A",,"A",,"A",,"A",,"A",,"A",,"A",,"A"
"20133",2699845,7,0,"1",,"A",.,"A",175,"D",,"A",,"A",,"A",,"A",,"A",,"A",,"A",,"A",,"A"
"20133",2700552,7,0,"1","175","D",40,"D",.,"A",,"A",,"A",,"A",,"A",,"A",,"A",,"A",,"A",,"A"
"20133",2701632,6,0,"1","130","D",300,"D",.,"A",,"A",,"A",,"A",,"A",,"A",,"A",,"A",,"A",,"A"
"20133",2702982,5,0,"1","175","D",40,"D",.,"A",,"A",,"A",,"A",,"A",,"A",,"A",,"A",,"A",,"A"
"20133",2703372,1,0,"1","300","D",500,"D",.,"A",,"A",,"A",,"A",,"A",,"A",,"A",,"A",,"A",,"A"
"20133",2703822,7,0,"1","300","D",200,"D",.,"A",,"A",,"A",,"A",,"A",,"A",,"A",,"A",,"A",,"A"
"20133",2705052,3,0,"1","175","D",40,"D",.,"A",,"A",,"A",,"A",,"A",,"A",,"A",,"A",,"A",,"A"
"20133",2705502,2,0,"1","200","D",450,"D",.,"A",,"A",,"A",,"A",,"A",,"A",,"A",,"A",,"A",,"A"
"20133",2706322,14,0,"1","160","D",600,"D",.,"A",,"A",,"A",,"A",,"A",,"A",,"A",,"A",,"A",,"A"
"20133",2706632,7,0,"1","175","D",35,"D",.,"A",,"A",,"A",,"A",,"A",,"A",,"A",,"A",,"A",,"A"
"20133",2708032,7,0,"1","270","D",50,"D",.,"A",,"A",,"A",,"A",,"A",,"A",,"A",,"A",,"A",,"A"
"20133",2708702,2,0,"1","260","D",50,"D",.,"A",,"A",,"A",,"A",,"A",,"A",,"A",,"A",,"A",,"A"
"20133",2709082,2,0,"1","130","D",60,"D",.,"A",,"A",,"A",,"A",,"A",,"A",,"A",,"A",,"A",,"A"
"20133",2711892,16,0,"1","300","D",20,"D",.,"A",,"A",,"A",,"A",,"A",,"A",,"A",,"A",,"A",,"A"
"20133",2712992,2,0,"1","300","D",50,"D",.,"A",,"A",,"A",,"A",,"A",,"A",,"A",,"A",,"A",,"A"
"20133",2718553,13,0,"1",,"A",.,"A",20,"D",,"A",,"A",,"A",,"A",,"A",,"A",,"A",,"A",,"A"
"20133",2723423,4,0,"1",,"A",.,"A",50,"D",,"A",,"A",,"A",,"A",,"A",,"A",,"A",,"A",,"A"
"20133",2723635,5,0,"1","175","D",150,"D",.,"A",,"A",,"A",,"A",,"A",,"A",,"A",,"A",,"A",,"A"
"20133",2727735,8,0,"1",,"A",.,"A",40,"D",,"A",,"A",,"A",,"A",,"A",,"A",,"A",,"A",,"A"
"20133",2730843,14,2,"1","160","D",385,"E",.,"A",,"A",,"A",,"A",,"A",,"A",,"A",,"A",,"A",,"A"
"20133",2730843,14,1,"1","300","D",115,"E",.,"A",,"A",,"A",,"A",,"A",,"A",,"A",,"A",,"A",,"A"
"20133",2730843,14,0,"1","310","D",.,"H",.,"A","300","D","160","D",,"A",,"A",,"A",,"A",,"A",,"A",,"A"
"20134",2612765,7,0,"1","175","D",28,"D",.,"A",,"A",,"A",,"A",,"A",,"A",,"A",,"A",,"A",,"A"
"20134",2612805,9,0,"1","175","D",90,"D",90,"D",,"A",,"A",,"A",,"A",,"A",,"A",,"A",,"A",,"A"
"20134",2612965,6,0,"1",,"A",.,"A",100,"D",,"A",,"A",,"A",,"A",,"A",,"A",,"A",,"A",,"A"
"20134",2614425,12,0,"1","300","D",16,"D",16,"D",,"A",,"A",,"A",,"A",,"A",,"A",,"A",,"A",,"A"
"20134",2614975,14,0,"1","235","D",5,"D",.,"A",,"A",,"A",,"A",,"A",,"A",,"A",,"A",,"A",,"A"
"20134",2615335,8,2,"1","300","D",31,"E",.,"A",,"A",,"A",,"A",,"A",,"A",,"A",,"A",,"A",,"A"
"20134",2615335,8,1,"1","130","D",69,"E",.,"A",,"A",,"A",,"A",,"A",,"A",,"A",,"A",,"A",,"A"
"20134",2615335,8,0,"1","310","D",.,"H",.,"A","130","D","300","D",,"A",,"A",,"A",,"A",,"A",,"A",,"A"
"20134",2616085,7,0,"1","175","D",35,"D",.,"A",,"A",,"A",,"A",,"A",,"A",,"A",,"A",,"A",,"A"
"20134",2616595,3,0,"1","300","D",423,"D",.,"A",,"A",,"A",,"A",,"A",,"A",,"A",,"A",,"A",,"A"
"20134",2617015,4,0,"1","300","D",50,"D",.,"A",,"A",,"A",,"A",,"A",,"A",,"A",,"A",,"A",,"A"
"20134",2617105,5,0,"1","140","D",387,"D",.,"A",,"A",,"A",,"A",,"A",,"A",,"A",,"A",,"A",,"A"
"20134",2620005,7,0,"1","300","D",16,"D",67,"D",,"A",,"A",,"A",,"A",,"A",,"A",,"A",,"A",,"A"
"20134",2620845,8,0,"1","130","D",174,"D",.,"A",,"A",,"A",,"A",,"A",,"A",,"A",,"A",,"A",,"A"
"20134",2622085,12,0,"1","200","D",170,"D",.,"A",,"A",,"A",,"A",,"A",,"A",,"A",,"A",,"A",,"A"
"20134",2622845,5,0,"1","140","D",225,"D",.,"A",,"A",,"A",,"A",,"A",,"A",,"A",,"A",,"A",,"A"
"20134",2624945,6,0,"1","150","D",285,"D",.,"A",,"A",,"A",,"A",,"A",,"A",,"A",,"A",,"A",,"A"
"20134",2625895,2,0,"1","130","D",2500,"D",.,"A",,"A",,"A",,"A",,"A",,"A",,"A",,"A",,"A",,"A"
"20134",2627625,3,0,"1",,"A",.,"A",20,"D",,"A",,"A",,"A",,"A",,"A",,"A",,"A",,"A",,"A"
"20134",2628495,6,0,"1","130","D",85,"D",.,"A",,"A",,"A",,"A",,"A",,"A",,"A",,"A",,"A",,"A"
"20134",2629995,5,0,"1","175","D",60,"D",.,"A",,"A",,"A",,"A",,"A",,"A",,"A",,"A",,"A",,"A"
"20134",2630105,1,0,"1","300","D",50,"D",.,"A",,"A",,"A",,"A",,"A",,"A",,"A",,"A",,"A",,"A"
"20134",2632005,2,0,"1","300","D",86,"D",.,"A",,"A",,"A",,"A",,"A",,"A",,"A",,"A",,"A",,"A"
"20134",2632225,4,0,"1","260","D",412,"D",.,"A",,"A",,"A",,"A",,"A",,"A",,"A",,"A",,"A",,"A"
"20134",2632695,5,0,"1","300","D",100,"D",.,"A",,"A",,"A",,"A",,"A",,"A",,"A",,"A",,"A",,"A"
"20134",2632905,7,0,"1",,"A",.,"A",100,"D",,"A",,"A",,"A",,"A",,"A",,"A",,"A",,"A",,"A"
"20134",2633505,4,0,"1","130","D",3800,"D",.,"A",,"A",,"A",,"A",,"A",,"A",,"A",,"A",,"A",,"A"
"20134",2634065,7,0,"1","140","D",60,"D",.,"A",,"A",,"A",,"A",,"A",,"A",,"A",,"A",,"A",,"A"
"20134",2634145,9,0,"1",,"A",.,"A",50,"D",,"A",,"A",,"A",,"A",,"A",,"A",,"A",,"A",,"A"
"20134",2635455,9,0,"1",,"A",.,"A",100,"D",,"A",,"A",,"A",,"A",,"A",,"A",,"A",,"A",,"A"
"20134",2636105,3,0,"1","175","D",200,"D",.,"A",,"A",,"A",,"A",,"A",,"A",,"A",,"A",,"A",,"A"
"20134",2636135,13,0,"1","300","D",250,"D",.,"A",,"A",,"A",,"A",,"A",,"A",,"A",,"A",,"A",,"A"
"20134",2636645,4,0,"1","300","D",280,"D",.,"A",,"A",,"A",,"A",,"A",,"A",,"A",,"A",,"A",,"A"
"20134",2637465,9,0,"1","130","D",150,"D",.,"A",,"A",,"A",,"A",,"A",,"A",,"A",,"A",,"A",,"A"
"20134",2637805,16,0,"1",,"A",.,"A",18,"D",,"A",,"A",,"A",,"A",,"A",,"A",,"A",,"A",,"A"
"20134",2638575,10,0,"1",,"A",.,"A",125,"D",,"A",,"A",,"A",,"A",,"A",,"A",,"A",,"A",,"A"
"20134",2641405,5,0,"1","100","D",500,"D",.,"A",,"A",,"A",,"A",,"A",,"A",,"A",,"A",,"A",,"A"
"20134",2642245,2,0,"1",,"A",.,"A",17,"D",,"A",,"A",,"A",,"A",,"A",,"A",,"A",,"A",,"A"
"20134",2642985,12,0,"1","190","D",65,"D",.,"A",,"A",,"A",,"A",,"A",,"A",,"A",,"A",,"A",,"A"
"20134",2643735,6,0,"1","260","D",100,"D",100,"D",,"A",,"A",,"A",,"A",,"A",,"A",,"A",,"A",,"A"
"20134",2643885,9,0,"1","130","D",300,"D",.,"A",,"A",,"A",,"A",,"A",,"A",,"A",,"A",,"A",,"A"
"20134",2646025,4,0,"1","235","D",534,"D",.,"A",,"A",,"A",,"A",,"A",,"A",,"A",,"A",,"A",,"A"
"20134",2646595,10,0,"1","200","D",100,"D",.,"A",,"A",,"A",,"A",,"A",,"A",,"A",,"A",,"A",,"A"
"20134",2647164,1,0,"1",,"A",.,"A",20,"D",,"A",,"A",,"A",,"A",,"A",,"A",,"A",,"A",,"A"
"20134",2647294,6,0,"1","130","D",2400,"D",.,"A",,"A",,"A",,"A",,"A",,"A",,"A",,"A",,"A",,"A"
"20134",2647744,23,0,"1",,"A",.,"A",59,"D",,"A",,"A",,"A",,"A",,"A",,"A",,"A",,"A",,"A"
"20134",2648104,3,0,"1","100","D",379,"D",.,"A",,"A",,"A",,"A",,"A",,"A",,"A",,"A",,"A",,"A"
"20134",2649044,1,4,"1","300","D",2382,"E",.,"A",,"A",,"A",,"A",,"A",,"A",,"A",,"A",,"A",,"A"
"20134",2649044,1,3,"1","280","D",788,"E",.,"A",,"A",,"A",,"A",,"A",,"A",,"A",,"A",,"A",,"A"
"20134",2649044,1,2,"1","260","D",2320,"E",.,"A",,"A",,"A",,"A",,"A",,"A",,"A",,"A",,"A",,"A"
"20134",2649044,1,1,"1","130","D",1010,"E",.,"A",,"A",,"A",,"A",,"A",,"A",,"A",,"A",,"A",,"A"
"20134",2649044,1,0,"1","310","D",.,"H",.,"A","310","D","300","D",,"A",,"A",,"A",,"A",,"A",,"A",,"A"
"20134",2649204,3,0,"1",,"A",.,"A",600,"D",,"A",,"A",,"A",,"A",,"A",,"A",,"A",,"A",,"A"
"20134",2650574,15,0,"1",,"A",.,"A",25,"D",,"A",,"A",,"A",,"A",,"A",,"A",,"A",,"A",,"A"
"20134",2651894,5,0,"1","150","D",125,"D",.,"A",,"A",,"A",,"A",,"A",,"A",,"A",,"A",,"A",,"A"
"20134",2653064,7,0,"1","175","D",200,"D",6500,"D",,"A",,"A",,"A",,"A",,"A",,"A",,"A",,"A",,"A"
"20134",2655074,19,0,"1",,"A",.,"A",10,"D",,"A",,"A",,"A",,"A",,"A",,"A",,"A",,"A",,"A"
"20134",2658234,4,0,"1","130","D",400,"D",.,"A",,"A",,"A",,"A",,"A",,"A",,"A",,"A",,"A",,"A"
"20134",2658484,13,0,"1","140","D",60,"D",.,"A",,"A",,"A",,"A",,"A",,"A",,"A",,"A",,"A",,"A"
"20134",2661184,12,0,"1","175","D",34,"D",.,"A",,"A",,"A",,"A",,"A",,"A",,"A",,"A",,"A",,"A"
"20134",2662494,4,0,"1",,"A",.,"A",400,"D",,"A",,"A",,"A",,"A",,"A",,"A",,"A",,"A",,"A"
"20134",2662794,1,0,"1","130","D",150,"F",.,"A",,"A",,"A",,"A",,"A",,"A",,"A",,"A",,"A",,"A"
"20134",2665034,3,0,"1",,"A",.,"A",50,"D",,"A",,"A",,"A",,"A",,"A",,"A",,"A",,"A",,"A"
"20134",2665274,10,0,"1","140","D",60,"D",.,"A",,"A",,"A",,"A",,"A",,"A",,"A",,"A",,"A",,"A"
"20134",2665704,5,0,"1","300","D",15,"D",.,"A",,"A",,"A",,"A",,"A",,"A",,"A",,"A",,"A",,"A"
"20134",2669474,13,0,"1","200","D",350,"D",.,"A",,"A",,"A",,"A",,"A",,"A",,"A",,"A",,"A",,"A"
"20134",2669514,9,0,"1","175","D",80,"D",.,"A",,"A",,"A",,"A",,"A",,"A",,"A",,"A",,"A",,"A"
"20134",2670064,5,0,"1",,"A",.,"A",350,"D",,"A",,"A",,"A",,"A",,"A",,"A",,"A",,"A",,"A"
"20134",2670814,4,0,"1","260","D",3100,"D",500,"D",,"A",,"A",,"A",,"A",,"A",,"A",,"A",,"A",,"A"
"20134",2672824,4,0,"1","120","D",400,"D",.,"A",,"A",,"A",,"A",,"A",,"A",,"A",,"A",,"A",,"A"
"20134",2673104,7,0,"1","200","D",50,"D",.,"A",,"A",,"A",,"A",,"A",,"A",,"A",,"A",,"A",,"A"
"20134",2673404,4,0,"1","175","D",30,"D",.,"A",,"A",,"A",,"A",,"A",,"A",,"A",,"A",,"A",,"A"
"20134",2673524,10,0,"1",,"A",.,"A",50,"D",,"A",,"A",,"A",,"A",,"A",,"A",,"A",,"A",,"A"
"20134",2676174,1,0,"1","280","D",140,"D",.,"A",,"A",,"A",,"A",,"A",,"A",,"A",,"A",,"A",,"A"
"20134",2676584,9,0,"1","235","D",100,"D",.,"A",,"A",,"A",,"A",,"A",,"A",,"A",,"A",,"A",,"A"
"20134",2676914,2,0,"1",,"A",.,"A",19,"D",,"A",,"A",,"A",,"A",,"A",,"A",,"A",,"A",,"A"
"20134",2677484,6,0,"1","280","D",324,"D",.,"A",,"A",,"A",,"A",,"A",,"A",,"A",,"A",,"A",,"A"
"20134",2677904,11,0,"1","130","D",300,"D",.,"A",,"A",,"A",,"A",,"A",,"A",,"A",,"A",,"A",,"A"
"20134",2678284,2,0,"1","140","D",450,"D",.,"A",,"A",,"A",,"A",,"A",,"A",,"A",,"A",,"A",,"A"
"20134",2679504,5,0,"1","300","D",65,"D",.,"A",,"A",,"A",,"A",,"A",,"A",,"A",,"A",,"A",,"A"
"20134",2680204,4,0,"1","130","D",500,"D",.,"A",,"A",,"A",,"A",,"A",,"A",,"A",,"A",,"A",,"A"
"20134",2682323,9,0,"1","140","D",72,"D",.,"A",,"A",,"A",,"A",,"A",,"A",,"A",,"A",,"A",,"A"
"20134",2682673,8,0,"1","175","D",20,"D",.,"A",,"A",,"A",,"A",,"A",,"A",,"A",,"A",,"A",,"A"
"20134",2683233,6,0,"1","235","D",120,"D",.,"A",,"A",,"A",,"A",,"A",,"A",,"A",,"A",,"A",,"A"
"20134",2684353,4,0,"1",,"A",.,"A",150,"D",,"A",,"A",,"A",,"A",,"A",,"A",,"A",,"A",,"A"
"20134",2685643,7,0,"1","300","D",350,"D",.,"A",,"A",,"A",,"A",,"A",,"A",,"A",,"A",,"A",,"A"
"20134",2685993,5,0,"1","130","D",179,"D",.,"A",,"A",,"A",,"A",,"A",,"A",,"A",,"A",,"A",,"A"
"20134",2687613,9,0,"1","235","D",50,"D",.,"A",,"A",,"A",,"A",,"A",,"A",,"A",,"A",,"A",,"A"
"20134",2691203,4,0,"1","300","D",22,"D",.,"A",,"A",,"A",,"A",,"A",,"A",,"A",,"A",,"A",,"A"
"20134",2692483,5,0,"1","300","D",175,"D",.,"A",,"A",,"A",,"A",,"A",,"A",,"A",,"A",,"A",,"A"
"20134",2693423,4,0,"1","300","D",32,"D",.,"A",,"A",,"A",,"A",,"A",,"A",,"A",,"A",,"A",,"A"
"20134",2694293,4,0,"1","235","D",199,"D",.,"A",,"A",,"A",,"A",,"A",,"A",,"A",,"A",,"A",,"A"
"20134",2694853,6,0,"1","140","D",88,"D",.,"A",,"A",,"A",,"A",,"A",,"A",,"A",,"A",,"A",,"A"
"20134",2695743,19,0,"1","300","D",10,"D",.,"A",,"A",,"A",,"A",,"A",,"A",,"A",,"A",,"A",,"A"
"20134",2696563,8,0,"1",,"A",.,"A",50,"D",,"A",,"A",,"A",,"A",,"A",,"A",,"A",,"A",,"A"
"20134",2698253,2,0,"1","280","D",150,"D",.,"A",,"A",,"A",,"A",,"A",,"A",,"A",,"A",,"A",,"A"
"20134",2698603,8,0,"1","130","D",40,"D",.,"A",,"A",,"A",,"A",,"A",,"A",,"A",,"A",,"A",,"A"
"20134",2698945,14,0,"1","280","D",12,"D",.,"A",,"A",,"A",,"A",,"A",,"A",,"A",,"A",,"A",,"A"
"20134",2699983,6,0,"1",,"A",.,"A",68,"D",,"A",,"A",,"A",,"A",,"A",,"A",,"A",,"A",,"A"
"20134",2701933,23,0,"1",,"A",.,"A",313,"D",,"A",,"A",,"A",,"A",,"A",,"A",,"A",,"A",,"A"
"20134",2702053,9,0,"1","260","D",113,"D",.,"A",,"A",,"A",,"A",,"A",,"A",,"A",,"A",,"A",,"A"
"20134",2703823,6,0,"1","175","D",15,"D",.,"A",,"A",,"A",,"A",,"A",,"A",,"A",,"A",,"A",,"A"
"20134",2705303,11,0,"1",,"A",.,"A",350,"D",,"A",,"A",,"A",,"A",,"A",,"A",,"A",,"A",,"A"
"20134",2708033,8,0,"1","300","D",85,"D",.,"A",,"A",,"A",,"A",,"A",,"A",,"A",,"A",,"A",,"A"
"20134",2708133,1,0,"1",,"A",.,"A",200,"D",,"A",,"A",,"A",,"A",,"A",,"A",,"A",,"A",,"A"
"20134",2708663,16,0,"1","175","D",300,"D",200,"D",,"A",,"A",,"A",,"A",,"A",,"A",,"A",,"A",,"A"
"20134",2709563,9,0,"1","110","D",400,"D",.,"A",,"A",,"A",,"A",,"A",,"A",,"A",,"A",,"A",,"A"
"20134",2709583,10,0,"1","120","D",1500,"D",.,"A",,"A",,"A",,"A",,"A",,"A",,"A",,"A",,"A",,"A"
"20134",2713033,6,0,"1","175","D",70,"D",.,"A",,"A",,"A",,"A",,"A",,"A",,"A",,"A",,"A",,"A"
"20134",2713213,7,0,"1",,"A",.,"A",50,"D",,"A",,"A",,"A",,"A",,"A",,"A",,"A",,"A",,"A"
"20134",2713403,1,0,"1","290","D",40,"D",.,"A",,"A",,"A",,"A",,"A",,"A",,"A",,"A",,"A",,"A"
"20134",2713622,6,0,"1","175","D",200,"D",.,"A",,"A",,"A",,"A",,"A",,"A",,"A",,"A",,"A",,"A"
"20134",2715132,7,0,"1","260","D",20,"D",.,"A",,"A",,"A",,"A",,"A",,"A",,"A",,"A",,"A",,"A"
"20134",2715572,7,0,"1",,"A",.,"A",152,"D",,"A",,"A",,"A",,"A",,"A",,"A",,"A",,"A",,"A"
"20134",2715912,22,0,"1",,"A",.,"A",5,"D",,"A",,"A",,"A",,"A",,"A",,"A",,"A",,"A",,"A"
"20134",2716512,13,0,"1","200","D",500,"D",.,"A",,"A",,"A",,"A",,"A",,"A",,"A",,"A",,"A",,"A"
"20134",2720002,6,0,"1","300","D",450,"D",.,"A",,"A",,"A",,"A",,"A",,"A",,"A",,"A",,"A",,"A"
"20134",2720532,5,0,"1",,"A",.,"A",450,"D",,"A",,"A",,"A",,"A",,"A",,"A",,"A",,"A",,"A"
"20134",2722804,6,0,"1",,"A",.,"A",10,"D",,"A",,"A",,"A",,"A",,"A",,"A",,"A",,"A",,"A"
"20134",2723242,4,0,"1","140","D",200,"D",.,"A",,"A",,"A",,"A",,"A",,"A",,"A",,"A",,"A",,"A"
"20134",2723892,9,0,"1",,"A",.,"A",50,"F",,"A",,"A",,"A",,"A",,"A",,"A",,"A",,"A",,"A"
"20134",2725412,13,0,"1","235","D",2300,"D",.,"A",,"A",,"A",,"A",,"A",,"A",,"A",,"A",,"A",,"A"
"20134",2726832,5,0,"1","235","D",890,"D",.,"A",,"A",,"A",,"A",,"A",,"A",,"A",,"A",,"A",,"A"
"20134",2729442,17,0,"1",,"A",.,"A",50,"D",,"A",,"A",,"A",,"A",,"A",,"A",,"A",,"A",,"A"
"20134",2729952,10,0,"1",,"A",.,"A",30,"D",,"A",,"A",,"A",,"A",,"A",,"A",,"A",,"A",,"A"
"20134",2731182,1,0,"1","175","D",700,"D",.,"A",,"A",,"A",,"A",,"A",,"A",,"A",,"A",,"A",,"A"
"20134",2732252,7,0,"1","120","D",250,"D",.,"A",,"A",,"A",,"A",,"A",,"A",,"A",,"A",,"A",,"A"
"20134",2732375,3,0,"1",,"A",.,"A",75,"D",,"A",,"A",,"A",,"A",,"A",,"A",,"A",,"A",,"A"
"20134",2732682,18,0,"1","130","D",300,"D",.,"A",,"A",,"A",,"A",,"A",,"A",,"A",,"A",,"A",,"A"
"20134",2732932,12,0,"1","130","D",12,"D",.,"A",,"A",,"A",,"A",,"A",,"A",,"A",,"A",,"A",,"A"
"20134",2733702,7,0,"1","130","D",226,"D",.,"A",,"A",,"A",,"A",,"A",,"A",,"A",,"A",,"A",,"A"
"20134",2734382,5,0,"1","220","D",8,"D",.,"A",,"A",,"A",,"A",,"A",,"A",,"A",,"A",,"A",,"A"
"20134",2735112,2,0,"1","175","D",45,"D",.,"A",,"A",,"A",,"A",,"A",,"A",,"A",,"A",,"A",,"A"
"20134",2735392,1,0,"1",,"A",.,"A",1600,"D",,"A",,"A",,"A",,"A",,"A",,"A",,"A",,"A",,"A"
"20134",2736512,5,0,"1","130","D",150,"D",.,"A",,"A",,"A",,"A",,"A",,"A",,"A",,"A",,"A",,"A"
"20134",2738382,1,0,"1","260","D",1300,"D",.,"A",,"A",,"A",,"A",,"A",,"A",,"A",,"A",,"A",,"A"
"20134",2739422,11,0,"1",,"A",.,"A",150,"D",,"A",,"A",,"A",,"A",,"A",,"A",,"A",,"A",,"A"
"20134",2739702,9,0,"1","175","D",200,"D",.,"A",,"A",,"A",,"A",,"A",,"A",,"A",,"A",,"A",,"A"
"20134",2740952,3,0,"1","300","D",150,"D",.,"A",,"A",,"A",,"A",,"A",,"A",,"A",,"A",,"A",,"A"
"20134",2741402,5,0,"1",,"A",.,"A",120,"D",,"A",,"A",,"A",,"A",,"A",,"A",,"A",,"A",,"A"
"20134",2742212,4,0,"1","130","D",50,"D",.,"A",,"A",,"A",,"A",,"A",,"A",,"A",,"A",,"A",,"A"
"20134",2744512,12,0,"1",,"A",.,"A",50,"D",,"A",,"A",,"A",,"A",,"A",,"A",,"A",,"A",,"A"
"20134",2744842,1,0,"1",,"A",.,"A",200,"D",,"A",,"A",,"A",,"A",,"A",,"A",,"A",,"A",,"A"
"20134",2744902,5,0,"1","300","D",550,"D",.,"A",,"A",,"A",,"A",,"A",,"A",,"A",,"A",,"A",,"A"
"20134",2745105,13,0,"1",,"A",.,"A",65,"D",,"A",,"A",,"A",,"A",,"A",,"A",,"A",,"A",,"A"
"20134",2745232,12,0,"1","300","D",104,"D",55,"D",,"A",,"A",,"A",,"A",,"A",,"A",,"A",,"A",,"A"
"20134",2750204,2,0,"1","300","D",100,"D",.,"A",,"A",,"A",,"A",,"A",,"A",,"A",,"A",,"A",,"A"
"20134",2750675,2,0,"1","110","D",1000,"D",.,"A",,"A",,"A",,"A",,"A",,"A",,"A",,"A",,"A",,"A"
"20134",2751632,8,0,"1",,"A",.,"A",8,"F",,"A",,"A",,"A",,"A",,"A",,"A",,"A",,"A",,"A"
"20134",2765622,11,0,"1",,"A",.,"A",8,"D",,"A",,"A",,"A",,"A",,"A",,"A",,"A",,"A",,"A"
"20134",2766632,4,0,"1","130","D",3700,"D",.,"A",,"A",,"A",,"A",,"A",,"A",,"A",,"A",,"A",,"A"
"20141",2649105,7,0,"1","280","D",40,"D",.,"A",,"A",,"A",,"A",,"A",,"A",,"A",,"A",,"A",,"A"
"20141",2651585,7,0,"1","300","D",800,"D",.,"A",,"A",,"A",,"A",,"A",,"A",,"A",,"A",,"A",,"A"
"20141",2652505,4,0,"1","235","D",106,"D",.,"A",,"A",,"A",,"A",,"A",,"A",,"A",,"A",,"A",,"A"
"20141",2653305,1,0,"1","300","D",1500,"D",.,"A",,"A",,"A",,"A",,"A",,"A",,"A",,"A",,"A",,"A"
"20141",2654435,8,0,"1","100","D",97375,"T",.,"A",,"A",,"A",,"A",,"A",,"A",,"A",,"A",,"A",,"A"
"20141",2655655,16,0,"1","200","D",700,"F",.,"A",,"A",,"A",,"A",,"A",,"A",,"A",,"A",,"A",,"A"
"20141",2656645,4,0,"1","175","D",85,"D",.,"A",,"A",,"A",,"A",,"A",,"A",,"A",,"A",,"A",,"A"
"20141",2657455,7,0,"1",,"A",.,"A",300,"D",,"A",,"A",,"A",,"A",,"A",,"A",,"A",,"A",,"A"
"20141",2657575,9,0,"1",,"A",.,"A",287,"D",,"A",,"A",,"A",,"A",,"A",,"A",,"A",,"A",,"A"
"20141",2659625,5,0,"1",,"A",.,"A",360,"D",,"A",,"A",,"A",,"A",,"A",,"A",,"A",,"A",,"A"
"20141",2659655,1,0,"1","200","D",10,"D",.,"A",,"A",,"A",,"A",,"A",,"A",,"A",,"A",,"A",,"A"
"20141",2659735,13,0,"1","130","D",105,"D",.,"A",,"A",,"A",,"A",,"A",,"A",,"A",,"A",,"A",,"A"
"20141",2662495,6,0,"1","130","D",500,"D",.,"A",,"A",,"A",,"A",,"A",,"A",,"A",,"A",,"A",,"A"
"20141",2662745,4,0,"1","310","D",.,"H",.,"A","175","D","130","D",,"A",,"A",,"A",,"A",,"A",,"A",,"A"
"20141",2662745,4,1,"1","175","D",707,"E",.,"A",,"A",,"A",,"A",,"A",,"A",,"A",,"A",,"A",,"A"
"20141",2662745,4,2,"1","130","D",5793,"E",.,"A",,"A",,"A",,"A",,"A",,"A",,"A",,"A",,"A",,"A"
"20141",2663225,8,0,"1",,"A",.,"A",100,"D",,"A",,"A",,"A",,"A",,"A",,"A",,"A",,"A",,"A"
"20141",2664295,19,0,"1","175","D",14,"D",.,"A",,"A",,"A",,"A",,"A",,"A",,"A",,"A",,"A",,"A"
"20141",2665035,8,0,"1",,"A",.,"A",150,"D",,"A",,"A",,"A",,"A",,"A",,"A",,"A",,"A",,"A"
"20141",2665275,12,0,"1","140","D",60,"D",.,"A",,"A",,"A",,"A",,"A",,"A",,"A",,"A",,"A",,"A"
"20141",2667025,4,0,"1",,"A",.,"A",100,"D",,"A",,"A",,"A",,"A",,"A",,"A",,"A",,"A",,"A"
"20141",2667295,21,0,"1","300","D",125,"D",.,"A",,"A",,"A",,"A",,"A",,"A",,"A",,"A",,"A",,"A"
"20141",2667545,17,0,"1","300","D",89,"D",.,"A",,"A",,"A",,"A",,"A",,"A",,"A",,"A",,"A",,"A"
"20141",2667585,20,0,"1","160","D",26,"D",.,"A",,"A",,"A",,"A",,"A",,"A",,"A",,"A",,"A",,"A"
"20141",2669515,6,0,"1","300","D",90,"D",.,"A",,"A",,"A",,"A",,"A",,"A",,"A",,"A",,"A",,"A"
"20141",2669845,8,0,"1","140","D",739,"D",.,"A",,"A",,"A",,"A",,"A",,"A",,"A",,"A",,"A",,"A"
"20141",2670065,4,0,"1",,"A",.,"A",50,"D",,"A",,"A",,"A",,"A",,"A",,"A",,"A",,"A",,"A"
"20141",2671545,7,0,"1","175","D",32,"D",.,"A",,"A",,"A",,"A",,"A",,"A",,"A",,"A",,"A",,"A"
"20141",2673065,8,0,"1","175","D",15,"D",.,"A",,"A",,"A",,"A",,"A",,"A",,"A",,"A",,"A",,"A"
"20141",2674355,7,0,"1",,"A",.,"A",20,"D",,"A",,"A",,"A",,"A",,"A",,"A",,"A",,"A",,"A"
"20141",2674815,7,0,"1","300","D",200,"D",.,"A",,"A",,"A",,"A",,"A",,"A",,"A",,"A",,"A",,"A"
"20141",2674915,1,0,"1","300","D",100,"D",.,"A",,"A",,"A",,"A",,"A",,"A",,"A",,"A",,"A",,"A"
"20141",2675145,2,0,"1","175","D",68,"D",.,"A",,"A",,"A",,"A",,"A",,"A",,"A",,"A",,"A",,"A"
"20141",2676585,7,0,"1",,"A",.,"A",200,"D",,"A",,"A",,"A",,"A",,"A",,"A",,"A",,"A",,"A"
"20141",2677005,12,0,"1","300","D",20,"D",.,"A",,"A",,"A",,"A",,"A",,"A",,"A",,"A",,"A",,"A"
"20141",2677355,22,0,"1","130","D",200,"D",.,"A",,"A",,"A",,"A",,"A",,"A",,"A",,"A",,"A",,"A"
"20141",2678605,9,0,"1",,"A",.,"A",20,"D",,"A",,"A",,"A",,"A",,"A",,"A",,"A",,"A",,"A"
"20141",2679585,6,0,"1","300","D",60,"D",.,"A",,"A",,"A",,"A",,"A",,"A",,"A",,"A",,"A",,"A"
"20141",2680205,3,0,"1","130","D",9,"F",.,"A",,"A",,"A",,"A",,"A",,"A",,"A",,"A",,"A",,"A"
"20141",2683854,20,0,"1","200","D",50,"D",.,"A",,"A",,"A",,"A",,"A",,"A",,"A",,"A",,"A",,"A"
"20141",2683974,3,0,"1",,"A",.,"A",100,"D",,"A",,"A",,"A",,"A",,"A",,"A",,"A",,"A",,"A"
"20141",2684714,25,0,"1",,"A",.,"A",116,"D",,"A",,"A",,"A",,"A",,"A",,"A",,"A",,"A",,"A"
"20141",2685644,5,0,"1",,"A",.,"A",100,"D",,"A",,"A",,"A",,"A",,"A",,"A",,"A",,"A",,"A"
"20141",2687474,10,0,"1",,"A",.,"A",500,"D",,"A",,"A",,"A",,"A",,"A",,"A",,"A",,"A",,"A"
"20141",2688824,2,0,"1","200","D",700,"D",.,"A",,"A",,"A",,"A",,"A",,"A",,"A",,"A",,"A",,"A"
"20141",2690704,34,0,"1",,"A",.,"A",25,"D",,"A",,"A",,"A",,"A",,"A",,"A",,"A",,"A",,"A"
"20141",2694214,18,0,"1","175","D",100,"D",.,"A",,"A",,"A",,"A",,"A",,"A",,"A",,"A",,"A",,"A"
"20141",2694294,4,0,"1",,"A",.,"A",100,"D",,"A",,"A",,"A",,"A",,"A",,"A",,"A",,"A",,"A"
"20141",2698254,12,0,"1","280","D",150,"D",.,"A",,"A",,"A",,"A",,"A",,"A",,"A",,"A",,"A",,"A"
"20141",2699284,10,0,"1","290","D",305,"D",.,"A",,"A",,"A",,"A",,"A",,"A",,"A",,"A",,"A",,"A"
"20141",2699394,6,0,"1",,"A",.,"A",450,"D",,"A",,"A",,"A",,"A",,"A",,"A",,"A",,"A",,"A"
"20141",2701614,15,0,"1","130","D",9,"D",.,"A",,"A",,"A",,"A",,"A",,"A",,"A",,"A",,"A",,"A"
"20141",2702264,2,0,"1","175","D",21,"D",.,"A",,"A",,"A",,"A",,"A",,"A",,"A",,"A",,"A",,"A"
"20141",2702314,13,0,"1","175","D",38,"D",.,"A",,"A",,"A",,"A",,"A",,"A",,"A",,"A",,"A",,"A"
"20141",2702374,6,0,"1","220","D",32,"D",.,"A",,"A",,"A",,"A",,"A",,"A",,"A",,"A",,"A",,"A"
"20141",2703374,7,0,"1","130","D",250,"D",.,"A",,"A",,"A",,"A",,"A",,"A",,"A",,"A",,"A",,"A"
"20141",2703494,6,0,"1","300","D",20,"D",.,"A",,"A",,"A",,"A",,"A",,"A",,"A",,"A",,"A",,"A"
"20141",2703694,11,0,"1",,"A",.,"A",100,"D",,"A",,"A",,"A",,"A",,"A",,"A",,"A",,"A",,"A"
"20141",2704854,7,0,"1",,"A",.,"A",300,"D",,"A",,"A",,"A",,"A",,"A",,"A",,"A",,"A",,"A"
"20141",2705094,16,0,"1","130","D",300,"D",.,"A",,"A",,"A",,"A",,"A",,"A",,"A",,"A",,"A",,"A"
"20141",2709224,12,0,"1","210","D",72,"D",.,"A",,"A",,"A",,"A",,"A",,"A",,"A",,"A",,"A",,"A"
"20141",2710004,5,0,"1","175","D",150,"D",.,"A",,"A",,"A",,"A",,"A",,"A",,"A",,"A",,"A",,"A"
"20141",2710314,2,0,"1","300","D",650,"D",.,"A",,"A",,"A",,"A",,"A",,"A",,"A",,"A",,"A",,"A"
"20141",2710564,11,0,"1",,"A",.,"A",40,"D",,"A",,"A",,"A",,"A",,"A",,"A",,"A",,"A",,"A"
"20141",2710824,6,0,"1","190","D",7,"D",.,"A",,"A",,"A",,"A",,"A",,"A",,"A",,"A",,"A",,"A"
"20141",2711264,5,0,"1",,"A",.,"A",50,"D",,"A",,"A",,"A",,"A",,"A",,"A",,"A",,"A",,"A"
"20141",2711804,2,0,"1",,"A",.,"A",200,"D",,"A",,"A",,"A",,"A",,"A",,"A",,"A",,"A",,"A"
"20141",2711984,20,0,"1","175","D",200,"D",.,"A",,"A",,"A",,"A",,"A",,"A",,"A",,"A",,"A",,"A"
"20141",2712414,6,0,"1","130","D",700,"D",.,"A",,"A",,"A",,"A",,"A",,"A",,"A",,"A",,"A",,"A"
"20141",2712964,12,0,"1","235","D",20,"D",.,"A",,"A",,"A",,"A",,"A",,"A",,"A",,"A",,"A",,"A"
"20141",2713214,11,0,"1",,"A",.,"A",40,"D",,"A",,"A",,"A",,"A",,"A",,"A",,"A",,"A",,"A"
"20141",2713444,6,0,"1","260","D",40,"D",.,"A",,"A",,"A",,"A",,"A",,"A",,"A",,"A",,"A",,"A"
"20141",2716783,5,0,"1","210","D",100,"D",.,"A",,"A",,"A",,"A",,"A",,"A",,"A",,"A",,"A",,"A"
"20141",2721923,9,0,"1","175","D",400,"D",.,"A",,"A",,"A",,"A",,"A",,"A",,"A",,"A",,"A",,"A"
"20141",2722403,22,0,"1",,"A",.,"A",200,"D",,"A",,"A",,"A",,"A",,"A",,"A",,"A",,"A",,"A"
"20141",2722805,9,0,"1",,"A",.,"A",2,"D",,"A",,"A",,"A",,"A",,"A",,"A",,"A",,"A",,"A"
"20141",2723373,17,0,"1","175","D",30,"D",.,"A",,"A",,"A",,"A",,"A",,"A",,"A",,"A",,"A",,"A"
"20141",2723843,13,0,"1","300","D",295,"D",.,"A",,"A",,"A",,"A",,"A",,"A",,"A",,"A",,"A",,"A"
"20141",2723893,11,0,"1",,"A",.,"A",310,"D",,"A",,"A",,"A",,"A",,"A",,"A",,"A",,"A",,"A"
"20141",2724333,10,0,"1",,"A",.,"A",150,"D",,"A",,"A",,"A",,"A",,"A",,"A",,"A",,"A",,"A"
"20141",2724503,1,0,"1",,"A",.,"A",100,"D",,"A",,"A",,"A",,"A",,"A",,"A",,"A",,"A",,"A"
"20141",2725543,7,0,"1","240","D",7,"D",.,"A",,"A",,"A",,"A",,"A",,"A",,"A",,"A",,"A",,"A"
"20141",2726753,4,0,"1",,"A",.,"A",150,"D",,"A",,"A",,"A",,"A",,"A",,"A",,"A",,"A",,"A"
"20141",2727583,11,0,"1","175","D",200,"D",.,"A",,"A",,"A",,"A",,"A",,"A",,"A",,"A",,"A",,"A"
"20141",2727843,7,0,"1","210","D",1000,"D",.,"A",,"A",,"A",,"A",,"A",,"A",,"A",,"A",,"A",,"A"
"20141",2728793,5,0,"1","130","D",1475,"D",.,"A",,"A",,"A",,"A",,"A",,"A",,"A",,"A",,"A",,"A"
"20141",2729953,13,0,"1",,"A",.,"A",10,"D",,"A",,"A",,"A",,"A",,"A",,"A",,"A",,"A",,"A"
"20141",2731123,5,0,"1",,"A",.,"A",38,"D",,"A",,"A",,"A",,"A",,"A",,"A",,"A",,"A",,"A"
"20141",2731333,20,0,"1",,"A",.,"A",500,"D",,"A",,"A",,"A",,"A",,"A",,"A",,"A",,"A",,"A"
"20141",2731803,10,0,"1","200","D",151,"D",.,"A",,"A",,"A",,"A",,"A",,"A",,"A",,"A",,"A",,"A"
"20141",2733703,13,0,"1","150","D",115,"D",.,"A",,"A",,"A",,"A",,"A",,"A",,"A",,"A",,"A",,"A"
"20141",2735993,4,0,"1",,"A",.,"A",50,"D",,"A",,"A",,"A",,"A",,"A",,"A",,"A",,"A",,"A"
"20141",2737943,9,0,"1",,"A",.,"A",6,"D",,"A",,"A",,"A",,"A",,"A",,"A",,"A",,"A",,"A"
"20141",2738323,3,0,"1","175","D",12,"D",.,"A",,"A",,"A",,"A",,"A",,"A",,"A",,"A",,"A",,"A"
"20141",2738963,11,0,"1","300","D",1,"D",.,"A",,"A",,"A",,"A",,"A",,"A",,"A",,"A",,"A",,"A"
"20141",2739303,3,0,"1","260","D",245,"D",.,"A",,"A",,"A",,"A",,"A",,"A",,"A",,"A",,"A",,"A"
"20141",2740123,9,0,"1","160","D",200,"D",150,"D",,"A",,"A",,"A",,"A",,"A",,"A",,"A",,"A",,"A"
"20141",2740323,9,0,"1","175","D",30,"D",.,"A",,"A",,"A",,"A",,"A",,"A",,"A",,"A",,"A",,"A"
"20141",2741153,3,0,"1",,"A",.,"A",30,"D",,"A",,"A",,"A",,"A",,"A",,"A",,"A",,"A",,"A"
"20141",2741223,12,0,"1",,"A",.,"A",25,"D",,"A",,"A",,"A",,"A",,"A",,"A",,"A",,"A",,"A"
"20141",2741403,8,0,"1",,"A",.,"A",20,"D",,"A",,"A",,"A",,"A",,"A",,"A",,"A",,"A",,"A"
"20141",2745963,5,0,"1",,"A",.,"A",20,"D",,"A",,"A",,"A",,"A",,"A",,"A",,"A",,"A",,"A"
"20141",2747063,16,0,"1","130","D",400,"D",.,"A",,"A",,"A",,"A",,"A",,"A",,"A",,"A",,"A",,"A"
"20141",2747822,13,0,"1",,"A",.,"A",65,"D",,"A",,"A",,"A",,"A",,"A",,"A",,"A",,"A",,"A"
"20141",2748422,13,0,"1","175","D",120,"D",.,"A",,"A",,"A",,"A",,"A",,"A",,"A",,"A",,"A",,"A"
"20141",2749872,2,0,"1","110","D",97375,"V",.,"A",,"A",,"A",,"A",,"A",,"A",,"A",,"A",,"A",,"A"
"20141",2750132,8,0,"1","175","D",300,"D",.,"A",,"A",,"A",,"A",,"A",,"A",,"A",,"A",,"A",,"A"
"20141",2751633,8,0,"1",,"A",.,"A",50,"D",,"A",,"A",,"A",,"A",,"A",,"A",,"A",,"A",,"A"
"20141",2753462,10,0,"1","280","D",630,"D",.,"A",,"A",,"A",,"A",,"A",,"A",,"A",,"A",,"A",,"A"
"20141",2754652,11,0,"1","310","D",.,"H",.,"A","130","D","140","D","175","D","200","D","220","D","235","D","300","D",,"A",,"A"
"20141",2754652,11,1,"1","130","D",3580,"E",.,"A",,"A",,"A",,"A",,"A",,"A",,"A",,"A",,"A",,"A"
"20141",2754652,11,2,"1","140","D",193,"E",.,"A",,"A",,"A",,"A",,"A",,"A",,"A",,"A",,"A",,"A"
"20141",2754652,11,3,"1","175","D",437,"E",.,"A",,"A",,"A",,"A",,"A",,"A",,"A",,"A",,"A",,"A"
"20141",2754652,11,4,"1","200","D",149,"E",.,"A",,"A",,"A",,"A",,"A",,"A",,"A",,"A",,"A",,"A"
"20141",2754652,11,5,"1","220","D",196,"E",.,"A",,"A",,"A",,"A",,"A",,"A",,"A",,"A",,"A",,"A"
"20141",2754652,11,6,"1","235","D",1638,"E",.,"A",,"A",,"A",,"A",,"A",,"A",,"A",,"A",,"A",,"A"
"20141",2754652,11,7,"1","300","D",1705,"E",.,"A",,"A",,"A",,"A",,"A",,"A",,"A",,"A",,"A",,"A"
"20141",2754742,21,0,"1","120","D",90,"D",.,"A",,"A",,"A",,"A",,"A",,"A",,"A",,"A",,"A",,"A"
"20141",2755302,2,0,"1",,"A",.,"A",20,"D",,"A",,"A",,"A",,"A",,"A",,"A",,"A",,"A",,"A"
"20141",2755752,27,0,"1",,"A",.,"A",40,"D",,"A",,"A",,"A",,"A",,"A",,"A",,"A",,"A",,"A"
"20141",2755812,17,0,"1",,"A",.,"A",250,"D",,"A",,"A",,"A",,"A",,"A",,"A",,"A",,"A",,"A"
"20141",2756192,8,0,"1","110","D",97375,"T",.,"A",,"A",,"A",,"A",,"A",,"A",,"A",,"A",,"A",,"A"
"20141",2756802,7,0,"1","300","D",300,"D",.,"A",,"A",,"A",,"A",,"A",,"A",,"A",,"A",,"A",,"A"
"20141",2756852,29,0,"1","300","D",110,"D",.,"A",,"A",,"A",,"A",,"A",,"A",,"A",,"A",,"A",,"A"
"20141",2757052,6,0,"1","175","D",25,"D",.,"A",,"A",,"A",,"A",,"A",,"A",,"A",,"A",,"A",,"A"
"20141",2758112,16,0,"1",,"A",.,"A",45,"D",,"A",,"A",,"A",,"A",,"A",,"A",,"A",,"A",,"A"
"20141",2760102,12,0,"1","175","D",150,"D",.,"A",,"A",,"A",,"A",,"A",,"A",,"A",,"A",,"A",,"A"
"20141",2760352,10,0,"1","220","D",100,"D",.,"A",,"A",,"A",,"A",,"A",,"A",,"A",,"A",,"A",,"A"
"20141",2760782,3,0,"1",,"A",.,"A",100,"D",,"A",,"A",,"A",,"A",,"A",,"A",,"A",,"A",,"A"
"20141",2761292,2,0,"1","175","D",45,"D",.,"A",,"A",,"A",,"A",,"A",,"A",,"A",,"A",,"A",,"A"
"20141",2761502,14,0,"1","130","D",450,"D",.,"A",,"A",,"A",,"A",,"A",,"A",,"A",,"A",,"A",,"A"
"20141",2761702,2,0,"1","235","D",400,"D",.,"A",,"A",,"A",,"A",,"A",,"A",,"A",,"A",,"A",,"A"
"20141",2761832,6,0,"1",,"A",.,"A",5,"D",,"A",,"A",,"A",,"A",,"A",,"A",,"A",,"A",,"A"
"20141",2762362,2,0,"1","175","D",200,"D",.,"A",,"A",,"A",,"A",,"A",,"A",,"A",,"A",,"A",,"A"
"20141",2764902,7,0,"1",,"A",.,"A",200,"D",,"A",,"A",,"A",,"A",,"A",,"A",,"A",,"A",,"A"
"20141",2765172,14,0,"1","120","D",200,"D",.,"A",,"A",,"A",,"A",,"A",,"A",,"A",,"A",,"A",,"A"
"20141",2765562,3,0,"1",,"A",.,"A",200,"D",,"A",,"A",,"A",,"A",,"A",,"A",,"A",,"A",,"A"
"20141",2765623,14,0,"1",,"A",.,"A",23,"D",,"A",,"A",,"A",,"A",,"A",,"A",,"A",,"A",,"A"
"20141",2766633,6,0,"1","130","D",650,"D",.,"A",,"A",,"A",,"A",,"A",,"A",,"A",,"A",,"A",,"A"
"20141",2769082,4,0,"1",,"A",.,"A",9,"D",,"A",,"A",,"A",,"A",,"A",,"A",,"A",,"A",,"A"
"20141",2769422,5,0,"1",,"A",.,"A",50,"D",,"A",,"A",,"A",,"A",,"A",,"A",,"A",,"A",,"A"
"20141",2769612,13,0,"1","175","D",28,"D",.,"A",,"A",,"A",,"A",,"A",,"A",,"A",,"A",,"A",,"A"
"20141",2769862,4,0,"1","300","D",35,"D",.,"A",,"A",,"A",,"A",,"A",,"A",,"A",,"A",,"A",,"A"
"20141",2770462,10,0,"1","175","D",60,"D",.,"A",,"A",,"A",,"A",,"A",,"A",,"A",,"A",,"A",,"A"
"20141",2771492,13,0,"1","140","D",105,"D",.,"A",,"A",,"A",,"A",,"A",,"A",,"A",,"A",,"A",,"A"
"20141",2771952,11,0,"1","280","D",500,"D",.,"A",,"A",,"A",,"A",,"A",,"A",,"A",,"A",,"A",,"A"
"20141",2772402,17,0,"1","130","D",4000,"D",.,"A",,"A",,"A",,"A",,"A",,"A",,"A",,"A",,"A",,"A"
"20141",2772722,7,0,"1","190","D",350,"D",.,"A",,"A",,"A",,"A",,"A",,"A",,"A",,"A",,"A",,"A"
"20141",2772962,17,0,"1",,"A",.,"A",300,"D",,"A",,"A",,"A",,"A",,"A",,"A",,"A",,"A",,"A"
"20141",2773882,10,0,"1","130","D",900,"D",.,"A",,"A",,"A",,"A",,"A",,"A",,"A",,"A",,"A",,"A"
"20141",2774232,13,0,"1","300","D",100,"D",.,"A",,"A",,"A",,"A",,"A",,"A",,"A",,"A",,"A",,"A"
"20141",2774472,12,0,"1","130","D",2200,"D",.,"A",,"A",,"A",,"A",,"A",,"A",,"A",,"A",,"A",,"A"
"20141",2775242,10,0,"1",,"A",.,"A",100,"D",,"A",,"A",,"A",,"A",,"A",,"A",,"A",,"A",,"A"
"20141",2775562,5,0,"1","200","D",75,"D",.,"A",,"A",,"A",,"A",,"A",,"A",,"A",,"A",,"A",,"A"
"20141",2775882,6,0,"1","235","D",475,"D",.,"A",,"A",,"A",,"A",,"A",,"A",,"A",,"A",,"A",,"A"
"20141",2776982,2,0,"1","260","D",1200,"D",.,"A",,"A",,"A",,"A",,"A",,"A",,"A",,"A",,"A",,"A"
"20141",2777702,9,0,"1",,"A",.,"A",30,"D",,"A",,"A",,"A",,"A",,"A",,"A",,"A",,"A",,"A"
"20141",2778552,13,0,"1",,"A",.,"A",300,"D",,"A",,"A",,"A",,"A",,"A",,"A",,"A",,"A",,"A"
"20141",2778772,14,0,"1","160","D",7,"D",.,"A",,"A",,"A",,"A",,"A",,"A",,"A",,"A",,"A",,"A"
"20141",2780512,13,0,"1","140","D",15,"D",.,"A",,"A",,"A",,"A",,"A",,"A",,"A",,"A",,"A",,"A"
"20141",2780672,2,0,"1","300","D",40,"D",.,"A",,"A",,"A",,"A",,"A",,"A",,"A",,"A",,"A",,"A"
"20141",2786533,2,0,"1",,"A",.,"A",25,"D",,"A",,"A",,"A",,"A",,"A",,"A",,"A",,"A",,"A"
"20141",2793574,9,0,"1","175","D",35,"D",.,"A",,"A",,"A",,"A",,"A",,"A",,"A",,"A",,"A",,"A"
"20141",2794035,7,0,"1","100","D",200,"D",.,"A",,"A",,"A",,"A",,"A",,"A",,"A",,"A",,"A",,"A"
"20141",2811542,8,0,"1",,"A",.,"A",13,"D",,"A",,"A",,"A",,"A",,"A",,"A",,"A",,"A",,"A"
"20141",2811745,5,0,"1","190","D",80,"D",.,"A",,"A",,"A",,"A",,"A",,"A",,"A",,"A",,"A",,"A"
