file_path,inferred_type,size_bytes,structure
.DS_Store,unknown,10244,
Avg_Elasticity.ipynb,notebook,2137,cells=4
Demand Elasticity/.DS_Store,unknown,10244,
Demand Elasticity/RPP_Table.csv,csv,43722,columns=21:GeoFIPS|GeoName|LineCode|Description|2008|2009|2010|2011|2012|2013|...
Demand Elasticity/SUPPLY-USE/Supply_Detail.xlsx,excel,1610518,sheets=4:NAICS Codes|2007|2012|2017
Demand Elasticity/SUPPLY-USE/Supply_Sector.xlsx,excel,125479,sheets=28:1997|1998|1999|2000|2001|2002|2003|2004|...
Demand Elasticity/SUPPLY-USE/Supply_Summary.xlsx,excel,822838,sheets=28:1997|1998|1999|2000|2001|2002|2003|2004|...
Demand Elasticity/SUPPLY-USE/Use_SUT_Detail.xlsx,excel,2121639,sheets=4:NAICS Codes|2007|2012|2017
Demand Elasticity/SUPPLY-USE/Use_Sector.xlsx,excel,152942,sheets=28:1997|1998|1999|2000|2001|2002|2003|2004|...
Demand Elasticity/SUPPLY-USE/Use_Summary.xlsx,excel,1161293,sheets=28:1997|1998|1999|2000|2001|2002|2003|2004|...
Demand Elasticity/TOTAL AND DOMESTIC REQUIREMENTS/CxC_Domestic_Detail.xlsx,excel,3715917,sheets=4:NAICS Codes|2007|2012|2017
Demand Elasticity/TOTAL AND DOMESTIC REQUIREMENTS/CxC_Domestic_Sector.xlsx,excel,124396,sheets=28:1997|1998|1999|2000|2001|2002|2003|2004|...
Demand Elasticity/TOTAL AND DOMESTIC REQUIREMENTS/CxC_Domestic_Summary.xlsx,excel,1365831,sheets=28:1997|1998|1999|2000|2001|2002|2003|2004|...
Demand Elasticity/TOTAL AND DOMESTIC REQUIREMENTS/CxC_TR_Detail.xlsx,excel,3816117,sheets=4:NAICS Codes|2007|2012|2017
Demand Elasticity/TOTAL AND DOMESTIC REQUIREMENTS/CxC_TR_Sector.xlsx,excel,127192,sheets=28:1997|1998|1999|2000|2001|2002|2003|2004|...
Demand Elasticity/TOTAL AND DOMESTIC REQUIREMENTS/CxC_TR_Summary.xlsx,excel,1390205,sheets=28:1997|1998|1999|2000|2001|2002|2003|2004|...
Demand Elasticity/TOTAL AND DOMESTIC REQUIREMENTS/IxC_Domestic_Detail.xlsx,excel,3833787,sheets=4:NAICS Codes|2007|2012|2017
Demand Elasticity/TOTAL AND DOMESTIC REQUIREMENTS/IxC_Domestic_Sector.xlsx,excel,117585,sheets=28:1997|1998|1999|2000|2001|2002|2003|2004|...
Demand Elasticity/TOTAL AND DOMESTIC REQUIREMENTS/IxC_Domestic_Summary.xlsx,excel,1367646,sheets=28:1997|1998|1999|2000|2001|2002|2003|2004|...
Demand Elasticity/TOTAL AND DOMESTIC REQUIREMENTS/IxC_TR_Detail.xlsx,excel,3908665,sheets=4:NAICS Codes|2007|2012|2017
Demand Elasticity/TOTAL AND DOMESTIC REQUIREMENTS/IxC_TR_Sector.xlsx,excel,117631,sheets=28:1997|1998|1999|2000|2001|2002|2003|2004|...
Demand Elasticity/TOTAL AND DOMESTIC REQUIREMENTS/IxC_TR_Summary.xlsx,excel,1386835,sheets=28:1997|1998|1999|2000|2001|2002|2003|2004|...
Demand Elasticity/TOTAL AND DOMESTIC REQUIREMENTS/IxI_Domestic_Detail.xlsx,excel,3844408,sheets=4:NAICS Codes|2007|2012|2017
Demand Elasticity/TOTAL AND DOMESTIC REQUIREMENTS/IxI_Domestic_Sector.xlsx,excel,108782,sheets=28:1997|1998|1999|2000|2001|2002|2003|2004|...
Demand Elasticity/TOTAL AND DOMESTIC REQUIREMENTS/IxI_Domestic_Summary.xlsx,excel,1332978,sheets=28:1997|1998|1999|2000|2001|2002|2003|2004|...
Demand Elasticity/TOTAL AND DOMESTIC REQUIREMENTS/IxI_TR_Detail.xlsx,excel,3913577,sheets=4:NAICS Codes|2007|2012|2017
Demand Elasticity/TOTAL AND DOMESTIC REQUIREMENTS/IxI_TR_Summary.xlsx,excel,1354197,sheets=28:1997|1998|1999|2000|2001|2002|2003|2004|...
Demand Elasticity/TOTAL AND DOMESTIC REQUIREMENTS/IxI_TR__Sector.xlsx,excel,108945,sheets=28:1997|1998|1999|2000|2001|2002|2003|2004|...
Demand Elasticity/cu.area,area,2185,
Demand Elasticity/cu.data.1.AllItems,allitems,2670187,
Demand Elasticity/cu.data.11.USFoodBeverage,usfoodbeverage,6598990,
Demand Elasticity/cu.data.12.USHousing,ushousing,2672256,
Demand Elasticity/cu.data.13.USApparel,usapparel,1390393,
Demand Elasticity/cu.data.14.USTransportation,ustransportation,2215782,
Demand Elasticity/cu.data.15.USMedical,usmedical,1001424,
Demand Elasticity/cu.data.16.USRecreation,usrecreation,1428184,
Demand Elasticity/cu.data.17.USEducationAndCommunication,useducationandcommunication,901388,
Demand Elasticity/cu.data.18.USOtherGoodsAndServices,usothergoodsandservices,1109758,
Demand Elasticity/cu.data.2.Summaries,summaries,11923074,
Demand Elasticity/cu.item,item,16554,
Demand Elasticity/cu.period.png,image,104227,
Demand Elasticity/cu.series,series,1339413,
Demand Elasticity/intrvw13/.DS_Store,unknown,6148,
Demand Elasticity/intrvw13/expn13/apa13.csv,csv,296955,columns=35:QYEAR|NEWID|SEQNO|ALCNO|REC_ORIG|MAJAPPLY|MAJA_PLY|GFTC_MAJ|GFTC0MAJ|MAJ_MO|...
Demand Elasticity/intrvw13/expn13/apb13.csv,csv,3999902,columns=37:QYEAR|NEWID|SEQNO|ALCNO|REC_ORIG|MINAPPLY|MINA_PLY|GFTCMIN|GFTCMIN_|MIN_MO|...
Demand Elasticity/intrvw13/expn13/cla13.csv,csv,15228577,columns=33:QYEAR|NEWID|SEQNO|ALCNO|REC_ORIG|CLOTHYA|CLOTHYA_|CLOTHMOA|CLOT_MOA|CLOTHXA|...
Demand Elasticity/intrvw13/expn13/cld13.csv,csv,220925,columns=31:QYEAR|NEWID|SEQNO|ALCNO|REC_ORIG|CLOTHYD|CLOTHYD_|CLSVGFTC|CLSV_FTC|CLOTHMOD|...
Demand Elasticity/intrvw13/expn13/cnt13.csv,csv,1681505,columns=11:QYEAR|NEWID|SEQNO|ALCNO|REC_ORIG|CONTCODE|CONT_ODE|CONTMO|CONTMO_|CONTEXPX|...
Demand Elasticity/intrvw13/expn13/cra13.csv,csv,77617,columns=29:QYEAR|NEWID|SEQNO|ALCNO|REC_ORIG|CRMCODEA|CRMC_DEA|ADVMATX|ADVMATX_|MATNSPCX|...
Demand Elasticity/intrvw13/expn13/crb13.csv,csv,2588159,columns=85:QYEAR|NEWID|SEQNO|ALCNO|REC_ORIG|CRMCODEB|CRMC_DEB|CRMPROPI|CRMP_OPI|CRMTYPE|...
Demand Elasticity/intrvw13/expn13/eda13.csv,csv,1507944,columns=35:QYEAR|NEWID|SEQNO|ALCNO|REC_ORIG|EDUC_AY|EDUC_AY_|EDUCGFTC|EDUC_FTC|EDSCHL_A|...
Demand Elasticity/intrvw13/expn13/eqb13.csv,csv,469227,columns=31:QYEAR|NEWID|SEQNO|ALCNO|REC_ORIG|RPAIRTYP|RPAI_TYP|APPRPRYB|APPR_RYB|SRVCMOB|...
Demand Elasticity/intrvw13/expn13/fra13.csv,csv,2659423,columns=31:QYEAR|NEWID|SEQNO|ALCNO|REC_ORIG|FURNPURY|FURN_URY|FURNMO|FURNMO_|FURNGFTC|...
Demand Elasticity/intrvw13/expn13/frb13.csv,csv,11677,columns=9:QYEAR|NEWID|SEQNO|ALCNO|REC_ORIG|QFRT3MCX|QFRT_MCX|QREP3MCX|QREP_MCX
Demand Elasticity/intrvw13/expn13/hel13.csv,csv,176314,columns=73:QYEAR|NEWID|SEQNO|ALCNO|REC_ORIG|PROP_NOG|PROP0NOG|OWNYG|OWNYG_|NEWMRTG|...
Demand Elasticity/intrvw13/expn13/ihb13.csv,csv,4098276,columns=35:QYEAR|NEWID|SEQNO|ALCNO|REC_ORIG|HHIPDLIB|HHIP_LIB|HHISTATB|HHIS_ATB|HHICOVQ|...
Demand Elasticity/intrvw13/expn13/ihc13.csv,csv,1166983,columns=21:QYEAR|NEWID|SEQNO|ALCNO|REC_ORIG|HHMCRENR|HHMC_ENR|HHMCRCOV|HHMC_COV|MDCDENR|...
Demand Elasticity/intrvw13/expn13/ihd13.csv,csv,574274,columns=26:QYEAR|NEWID|SEQNO|ALCNO|PRTDMBNO|PRTD_BNO|ENROLLMO|ENRO_LMO|ENROLLYR|ENRO_LYR|...
Demand Elasticity/intrvw13/expn13/inb13.csv,csv,14803693,columns=69:QYEAR|NEWID|SEQNO|ALCNO|REC_ORIG|POLICYIB|POLI_YIB|PLCYSTAB|PLCY_TAB|POLICYYB|...
Demand Elasticity/intrvw13/expn13/lsd13.csv,csv,308830,columns=53:QYEAR|NEWID|SEQNO|ALCNO|REC_ORIG|LSDNUM|LSDNUM_|LSDCODE|LSDCODE_|MODELYR|...
Demand Elasticity/intrvw13/expn13/mdb13.csv,csv,5910535,columns=33:QYEAR|NEWID|SEQNO|ALCNO|REC_ORIG|MEDPCARY|MEDP_ARY|MEDPGFTC|MEDP_FTC|MEDPMTMO|...
Demand Elasticity/intrvw13/expn13/mdc13.csv,csv,134077,columns=33:QYEAR|NEWID|SEQNO|ALCNO|REC_ORIG|MEDRCARY|MEDR_ARY|MEDRGFTC|MEDR_FTC|MEDRMBMO|...
Demand Elasticity/intrvw13/expn13/mis13.csv,csv,5348838,columns=31:QYEAR|NEWID|SEQNO|ALCNO|REC_ORIG|MISCCODE|MISC_ODE|MISCMO|MISCMO_|MISCGFTC|...
Demand Elasticity/intrvw13/expn13/mor13.csv,csv,3897822,columns=73:QYEAR|NEWID|SEQNO|ALCNO|REC_ORIG|PROP_NOF|PROP0NOF|OWNYF|OWNYF_|NEWMRRT|...
Demand Elasticity/intrvw13/expn13/opb13.csv,csv,4062788,columns=41:QYEAR|NEWID|SEQNO|ALCNO|REC_ORIG|PROP_NOB|PROP0NOB|OWNYB|OWNYB_|OBSNSZB|...
Demand Elasticity/intrvw13/expn13/opd13.csv,csv,13610,columns=19:QYEAR|NEWID|SEQNO|ALCNO|REC_ORIG|PROP_NOD|PROP0NOD|OWNYD|OWNYD_|DISPMTHD|...
Demand Elasticity/intrvw13/expn13/oph13.csv,csv,149936,columns=21:QYEAR|NEWID|SEQNO|ALCNO|REC_ORIG|PROP_NOH|PROP0NOH|OWNYH|OWNYH_|PAIDLOAN|...
Demand Elasticity/intrvw13/expn13/opi13.csv,csv,16764038,columns=152:QYEAR|NEWID|SEQNO|ALCNO|REC_ORIG|PROP_NOI|PROP0NOI|OWNYI|OWNYI_|QRENTDDZ|...
Demand Elasticity/intrvw13/expn13/ovb13.csv,csv,18111573,columns=88:QYEAR|NEWID|SEQNO|ALCNO|REC_ORIG|VEHICYB|VEHICYB_|VEHICYR|VEHICYR_|VEHBSNZ|...
Demand Elasticity/intrvw13/expn13/ovc13.csv,csv,195402,columns=23:QYEAR|NEWID|SEQNO|ALCNO|REC_ORIG|VEHICYC|VEHICYC_|VEHDISP|VEHDISP_|VDISPMO|...
Demand Elasticity/intrvw13/expn13/rnt13.csv,csv,2918790,columns=55:QYEAR|NEWID|SEQNO|ALCNO|REC_ORIG|SAMP_UN|SAMP_UN_|RTELECT|RTELECT_|RTGAS|...
Demand Elasticity/intrvw13/expn13/rtv13.csv,csv,51278,columns=13:QYEAR|NEWID|SEQNO|ALCNO|REC_ORIG|RENTCODE|RENT_ODE|BSNSPCTZ|BSNS_CTZ|QADRENTX|...
Demand Elasticity/intrvw13/expn13/sub13.csv,csv,3070566,columns=15:QYEAR|NEWID|SEQNO|ALCNO|REC_ORIG|S17CODEA|S17C_DEA|S17GFTCA|S17G_TCA|QSUB3MCX|...
Demand Elasticity/intrvw13/expn13/trd13.csv,csv,273659,columns=11:QYEAR|NEWID|SEQNO|ALCNO|REC_ORIG|NUMYUPD|NUMYUPD_|TOTYUPDX|TOTY_PDX|TOTYUPDY|...
Demand Elasticity/intrvw13/expn13/tre13.csv,csv,161951,columns=11:QYEAR|NEWID|SEQNO|ALCNO|REC_ORIG|NUMNONCU|NUMN_NCU|TRNONCUX|TRNO_CUX|TRNONCUY|...
Demand Elasticity/intrvw13/expn13/trf13.csv,csv,33454,columns=27:QYEAR|NEWID|SEQNO|ALCNO|REC_ORIG|NUMLOC|NUMLOC_|LOCLODGX|LOCL_DGX|ALCMEALX|...
Demand Elasticity/intrvw13/expn13/trv13.csv,csv,3550355,columns=99:QYEAR|NEWID|SEQNO|ALCNO|REC_ORIG|WHATPART|WHAT_ART|TRIPIDBC|TRIP_DBC|NUMSAME|...
Demand Elasticity/intrvw13/expn13/uta13.csv,csv,8181725,columns=61:QYEAR|NEWID|SEQNO|ALCNO|REC_ORIG|TELBSNZ|TELBSNZ_|TELRESD|TELRESD_|TELCELL|...
Demand Elasticity/intrvw13/expn13/utc13.csv,csv,12684298,columns=39:QYEAR|NEWID|SEQNO|ALCNO|REC_ORIG|UTILY|UTILY_|WHATPROP|WHAT_ROP|BLPERIOD|...
Demand Elasticity/intrvw13/expn13/uti13.csv,csv,3258203,columns=28:QYEAR|NEWID|SEQNO|ALCNO|INTSERV|INTSERV_|INTMO|INTMO_|INTCHGX|INTCHGX_|...
Demand Elasticity/intrvw13/expn13/utp13.csv,csv,1159021,columns=11:QYEAR|NEWID|SEQNO|ALCNO|REC_ORIG|QFCD3MCX|QFCD_MCX|QPYP3MCX|QPYP_MCX|QPRP3MCX|...
Demand Elasticity/intrvw13/expn13/veq13.csv,csv,4526186,columns=37:QYEAR|NEWID|SEQNO|ALCNO|REC_ORIG|VOPMOA|VOPMOA_|VOPEXPX|VOPEXPX_|VOPRMBXA|...
Demand Elasticity/intrvw13/expn13/vlr13.csv,csv,840231,columns=19:QYEAR|NEWID|SEQNO|ALCNO|REC_ORIG|VOPREGY|VOPREGY_|VOPMO_C|VOPMO_C_|VOPREGX|...
Demand Elasticity/intrvw13/expn13/vot13.csv,csv,3272917,columns=29:QYEAR|NEWID|SEQNO|ALCNO|REC_ORIG|VOPFLUDX|VOPF_UDX|VOPPARKX|VOPP_RKX|VOPTOWX|...
Demand Elasticity/intrvw13/expn13/xpa13.csv,csv,4095633,columns=35:QYEAR|NEWID|SEQNO|ALCNO|REC_ORIG|JMKPURQV|JMKP_RQV|JNONFDQV|JNON_DQV|JOTHSTQV|...
Demand Elasticity/intrvw13/expn13/xpb13.csv,csv,4031467,columns=37:QYEAR|NEWID|SEQNO|ALCNO|REC_ORIG|OTHLNDRX|OTHL_DRX|OTHDCLNX|OTHD_LNX|SAFDPSTX|...
Demand Elasticity/intrvw13/intrvw13/fmli131x.csv,csv,20236236,columns=893:NEWID|DIRACC|DIRACC_|AGE_REF|AGE_REF_|AGE2|AGE2_|AS_COMP1|AS_C_MP1|AS_COMP2|...
Demand Elasticity/intrvw13/intrvw13/fmli132.csv,csv,19796592,columns=868:NEWID|DIRACC|DIRACC_|AGE_REF|AGE_REF_|AGE2|AGE2_|AS_COMP1|AS_C_MP1|AS_COMP2|...
Demand Elasticity/intrvw13/intrvw13/fmli133.csv,csv,19029924,columns=868:NEWID|DIRACC|DIRACC_|AGE_REF|AGE_REF_|AGE2|AGE2_|AS_COMP1|AS_C_MP1|AS_COMP2|...
Demand Elasticity/intrvw13/intrvw13/fmli134.csv,csv,17785017,columns=868:NEWID|DIRACC|DIRACC_|AGE_REF|AGE_REF_|AGE2|AGE2_|AS_COMP1|AS_C_MP1|AS_COMP2|...
Demand Elasticity/intrvw13/intrvw13/fmli141.csv,csv,18955207,columns=868:NEWID|DIRACC|DIRACC_|AGE_REF|AGE_REF_|AGE2|AGE2_|AS_COMP1|AS_C_MP1|AS_COMP2|...
Demand Elasticity/intrvw13/intrvw13/itbi131x.csv,csv,15686020,columns=7:NEWID|REFMO|REFYR|UCC|PUBFLAG|VALUE|VALUE_
Demand Elasticity/intrvw13/intrvw13/itbi132.csv,csv,17822308,columns=7:NEWID|REFMO|REFYR|UCC|PUBFLAG|VALUE|VALUE_
Demand Elasticity/intrvw13/intrvw13/itbi133.csv,csv,17013760,columns=7:NEWID|REFMO|REFYR|UCC|PUBFLAG|VALUE|VALUE_
Demand Elasticity/intrvw13/intrvw13/itbi134.csv,csv,15804934,columns=7:NEWID|REFMO|REFYR|UCC|PUBFLAG|VALUE|VALUE_
Demand Elasticity/intrvw13/intrvw13/itbi141.csv,csv,16871656,columns=7:NEWID|REFMO|REFYR|UCC|PUBFLAG|VALUE|VALUE_
Demand Elasticity/intrvw13/intrvw13/itii131x.csv,csv,24182077,columns=8:NEWID|REFMO|REFYR|UCC|PUBFLAG|VALUE|VALUE_|IMPNUM
Demand Elasticity/intrvw13/intrvw13/itii132.csv,csv,28090255,columns=8:NEWID|REFMO|REFYR|UCC|PUBFLAG|VALUE|VALUE_|IMPNUM
Demand Elasticity/intrvw13/intrvw13/itii133.csv,csv,26727223,columns=8:NEWID|REFMO|REFYR|UCC|PUBFLAG|VALUE|VALUE_|IMPNUM
Demand Elasticity/intrvw13/intrvw13/itii134.csv,csv,24636400,columns=8:NEWID|REFMO|REFYR|UCC|PUBFLAG|VALUE|VALUE_|IMPNUM
Demand Elasticity/intrvw13/intrvw13/itii141.csv,csv,26307424,columns=8:NEWID|REFMO|REFYR|UCC|PUBFLAG|VALUE|VALUE_|IMPNUM
Demand Elasticity/intrvw13/intrvw13/memi131x.csv,csv,10242071,columns=202:NEWID|AGE|AGE_|AMTFED|AMTFED_|ANFEDTX|ANFEDTX_|ANGOVRTX|ANGO_RTX|ANPRVPNX|...
Demand Elasticity/intrvw13/intrvw13/memi132.csv,csv,9920704,columns=193:NEWID|AGE|AGE_|AMTFED|AMTFED_|ANFEDTX|ANFEDTX_|ANGOVRTX|ANGO_RTX|ANPRVPNX|...
Demand Elasticity/intrvw13/intrvw13/memi133.csv,csv,9543295,columns=193:NEWID|AGE|AGE_|AMTFED|AMTFED_|ANFEDTX|ANFEDTX_|ANGOVRTX|ANGO_RTX|ANPRVPNX|...
Demand Elasticity/intrvw13/intrvw13/memi134.csv,csv,8795229,columns=193:NEWID|AGE|AGE_|AMTFED|AMTFED_|ANFEDTX|ANFEDTX_|ANGOVRTX|ANGO_RTX|ANPRVPNX|...
Demand Elasticity/intrvw13/intrvw13/memi141.csv,csv,9473295,columns=193:NEWID|AGE|AGE_|AMTFED|AMTFED_|ANFEDTX|ANFEDTX_|ANGOVRTX|ANGO_RTX|ANPRVPNX|...
Demand Elasticity/intrvw13/intrvw13/mtbi131x.csv,csv,40178358,columns=13:SEQNO|ALCNO|NEWID|EXPNAME|COST_|REF_MO|REF_YR|RTYPE|GIFT|UCCSEQ|...
Demand Elasticity/intrvw13/intrvw13/mtbi132.csv,csv,35192473,columns=13:SEQNO|ALCNO|NEWID|EXPNAME|COST_|REF_MO|REF_YR|RTYPE|GIFT|UCCSEQ|...
Demand Elasticity/intrvw13/intrvw13/mtbi133.csv,csv,34244453,columns=13:SEQNO|ALCNO|NEWID|EXPNAME|COST_|REF_MO|REF_YR|RTYPE|GIFT|UCCSEQ|...
Demand Elasticity/intrvw13/intrvw13/mtbi134.csv,csv,31433891,columns=13:SEQNO|ALCNO|NEWID|EXPNAME|COST_|REF_MO|REF_YR|RTYPE|GIFT|UCCSEQ|...
Demand Elasticity/intrvw13/intrvw13/mtbi141.csv,csv,34174858,columns=13:SEQNO|ALCNO|NEWID|EXPNAME|COST_|REF_MO|REF_YR|RTYPE|GIFT|UCCSEQ|...
Demand Elasticity/intrvw13/intrvw13/ntaxi132.csv,csv,2537900,columns=81:NEWID|TAX_UNIT|TAXYR_CY|TAXYR_PY|DEPCNT|FICAR_CY|FICAR_PY|FILESTAT|FRATE_CY|FRATE_PY|...
Demand Elasticity/intrvw13/intrvw13/ntaxi133.csv,csv,2428377,columns=81:NEWID|TAX_UNIT|TAXYR_CY|TAXYR_PY|DEPCNT|FICAR_CY|FICAR_PY|FILESTAT|FRATE_CY|FRATE_PY|...
Demand Elasticity/intrvw13/intrvw13/ntaxi134.csv,csv,2251895,columns=81:NEWID|TAX_UNIT|TAXYR_CY|TAXYR_PY|DEPCNT|FICAR_CY|FICAR_PY|FILESTAT|FRATE_CY|FRATE_PY|...
Demand Elasticity/intrvw13/intrvw13/ntaxi141.csv,csv,2414351,columns=81:NEWID|TAX_UNIT|TAXYR_CY|TAXYR_PY|DEPCNT|FICAR_CY|FICAR_PY|FILESTAT|FRATE_CY|FRATE_PY|...
Demand Elasticity/intrvw13/para13/fpar1213.csv,csv,23343741,columns=95:QYEAR|OUTCOME|NEWID|HSG_UNIT|CONVREF|TELPV|RESPCOOP|RESPEFF|HOW_INTV|SNGL_INT|...
Demand Elasticity/intrvw13/para13/mchi1213.csv,csv,97791538,columns=105:QYEAR|INTERI|CNTCKEY|LAUNCH|COUTCOME|TIMER|TOTLDRIV|PERORTEL|CTSTATUS|CTTYPE|...
Demand Elasticity/intrvw14/.DS_Store,unknown,6148,
Demand Elasticity/intrvw14/expn14/apa14.csv,csv,288146,columns=35:QYEAR|NEWID|SEQNO|ALCNO|REC_ORIG|MAJAPPLY|MAJA_PLY|GFTC_MAJ|GFTC0MAJ|MAJ_MO|...
Demand Elasticity/intrvw14/expn14/apb14.csv,csv,3763928,columns=37:QYEAR|NEWID|SEQNO|ALCNO|REC_ORIG|MINAPPLY|MINA_PLY|GFTCMIN|GFTCMIN_|MIN_MO|...
Demand Elasticity/intrvw14/expn14/cla14.csv,csv,14840366,columns=33:QYEAR|NEWID|SEQNO|ALCNO|REC_ORIG|CLOTHYA|CLOTHYA_|CLOTHMOA|CLOT_MOA|CLOTHXA|...
Demand Elasticity/intrvw14/expn14/cld14.csv,csv,205526,columns=31:QYEAR|NEWID|SEQNO|ALCNO|REC_ORIG|CLOTHYD|CLOTHYD_|CLSVGFTC|CLSV_FTC|CLOTHMOD|...
Demand Elasticity/intrvw14/expn14/cnt14.csv,csv,1578263,columns=11:QYEAR|NEWID|SEQNO|ALCNO|REC_ORIG|CONTCODE|CONT_ODE|CONTMO|CONTMO_|CONTEXPX|...
Demand Elasticity/intrvw14/expn14/cra14.csv,csv,73595,columns=29:QYEAR|NEWID|SEQNO|ALCNO|REC_ORIG|CRMCODEA|CRMC_DEA|ADVMATX|ADVMATX_|MATNSPCX|...
Demand Elasticity/intrvw14/expn14/crb14.csv,csv,2457220,columns=81:QYEAR|NEWID|SEQNO|ALCNO|REC_ORIG|CRMCODEB|CRMC_DEB|CRMPROPI|CRMP_OPI|CRMTYPE|...
Demand Elasticity/intrvw14/expn14/eda14.csv,csv,1436175,columns=35:QYEAR|NEWID|SEQNO|ALCNO|REC_ORIG|EDUC_AY|EDUC_AY_|EDUCGFTC|EDUC_FTC|EDSCHL_A|...
Demand Elasticity/intrvw14/expn14/eqb14.csv,csv,459680,columns=29:QYEAR|NEWID|SEQNO|ALCNO|REC_ORIG|APPRPRYB|APPR_RYB|SRVCMOB|SRVCMOB_|REPAIRX|...
Demand Elasticity/intrvw14/expn14/fra14.csv,csv,2600247,columns=31:QYEAR|NEWID|SEQNO|ALCNO|REC_ORIG|FURNPURY|FURN_URY|FURNMO|FURNMO_|FURNGFTC|...
Demand Elasticity/intrvw14/expn14/frb14.csv,csv,12770,columns=9:QYEAR|NEWID|SEQNO|ALCNO|REC_ORIG|QFRT3MCX|QFRT_MCX|QREP3MCX|QREP_MCX
Demand Elasticity/intrvw14/expn14/hel14.csv,csv,172316,columns=73:QYEAR|NEWID|SEQNO|ALCNO|REC_ORIG|PROP_NOG|PROP0NOG|OWNYG|OWNYG_|NEWMRTG|...
Demand Elasticity/intrvw14/expn14/ihb14.csv,csv,3959901,columns=31:QYEAR|NEWID|SEQNO|ALCNO|REC_ORIG|HHIPDLIB|HHIP_LIB|HHISTATB|HHIS_ATB|HHICOVQ|...
Demand Elasticity/intrvw14/expn14/ihc14.csv,csv,1169677,columns=21:QYEAR|NEWID|SEQNO|ALCNO|REC_ORIG|HHMCRENR|HHMC_ENR|HHMCRCOV|HHMC_COV|MDCDENR|...
Demand Elasticity/intrvw14/expn14/ihd14.csv,csv,573629,columns=26:QYEAR|NEWID|SEQNO|ALCNO|PRTDMBNO|PRTD_BNO|ENROLLMO|ENRO_LMO|ENROLLYR|ENRO_LYR|...
Demand Elasticity/intrvw14/expn14/inb14.csv,csv,13582241,columns=67:QYEAR|NEWID|SEQNO|ALCNO|REC_ORIG|POLICYIB|POLI_YIB|PLCYSTAB|PLCY_TAB|POLICYYB|...
Demand Elasticity/intrvw14/expn14/lsd14.csv,csv,350949,columns=53:QYEAR|NEWID|SEQNO|ALCNO|REC_ORIG|LSDNUM|LSDNUM_|LSDCODE|LSDCODE_|MODELYR|...
Demand Elasticity/intrvw14/expn14/mdb14.csv,csv,5691975,columns=33:QYEAR|NEWID|SEQNO|ALCNO|REC_ORIG|MEDPCARY|MEDP_ARY|MEDPGFTC|MEDP_FTC|MEDPMTMO|...
Demand Elasticity/intrvw14/expn14/mdc14.csv,csv,130314,columns=33:QYEAR|NEWID|SEQNO|ALCNO|REC_ORIG|MEDRCARY|MEDR_ARY|MEDRGFTC|MEDR_FTC|MEDRMBMO|...
Demand Elasticity/intrvw14/expn14/mis14.csv,csv,5152186,columns=31:QYEAR|NEWID|SEQNO|ALCNO|REC_ORIG|MISCCODE|MISC_ODE|MISCMO|MISCMO_|MISCGFTC|...
Demand Elasticity/intrvw14/expn14/mor14.csv,csv,3685268,columns=73:QYEAR|NEWID|SEQNO|ALCNO|REC_ORIG|PROP_NOF|PROP0NOF|OWNYF|OWNYF_|NEWMRRT|...
Demand Elasticity/intrvw14/expn14/opb14.csv,csv,3588664,columns=41:QYEAR|NEWID|SEQNO|ALCNO|REC_ORIG|PROP_NOB|PROP0NOB|OWNYB|OWNYB_|OBSNSZB|...
Demand Elasticity/intrvw14/expn14/opd14.csv,csv,10561,columns=19:QYEAR|NEWID|SEQNO|ALCNO|REC_ORIG|PROP_NOD|PROP0NOD|OWNYD|OWNYD_|DISPMTHD|...
Demand Elasticity/intrvw14/expn14/oph14.csv,csv,132988,columns=21:QYEAR|NEWID|SEQNO|ALCNO|REC_ORIG|PROP_NOH|PROP0NOH|OWNYH|OWNYH_|PAIDLOAN|...
Demand Elasticity/intrvw14/expn14/opi14.csv,csv,16241836,columns=152:QYEAR|NEWID|SEQNO|ALCNO|REC_ORIG|PROP_NOI|PROP0NOI|OWNYI|OWNYI_|QRENTDDZ|...
Demand Elasticity/intrvw14/expn14/ovb14.csv,csv,17839876,columns=88:QYEAR|NEWID|SEQNO|ALCNO|REC_ORIG|VEHICYB|VEHICYB_|VEHICYR|VEHICYR_|VEHBSNZ|...
Demand Elasticity/intrvw14/expn14/ovc14.csv,csv,187460,columns=23:QYEAR|NEWID|SEQNO|ALCNO|REC_ORIG|VEHICYC|VEHICYC_|VEHDISP|VEHDISP_|VDISPMO|...
Demand Elasticity/intrvw14/expn14/rnt14.csv,csv,2829865,columns=55:QYEAR|NEWID|SEQNO|ALCNO|REC_ORIG|SAMP_UN|SAMP_UN_|RTELECT|RTELECT_|RTGAS|...
Demand Elasticity/intrvw14/expn14/rtv14.csv,csv,51982,columns=13:QYEAR|NEWID|SEQNO|ALCNO|REC_ORIG|RENTCODE|RENT_ODE|BSNSPCTZ|BSNS_CTZ|QADRENTX|...
Demand Elasticity/intrvw14/expn14/sub14.csv,csv,3509954,columns=13:QYEAR|NEWID|SEQNO|ALCNO|REC_ORIG|S17CODEA|S17C_DEA|S17GFTCA|S17G_TCA|SUBEXPX|...
Demand Elasticity/intrvw14/expn14/trd14.csv,csv,279000,columns=11:QYEAR|NEWID|SEQNO|ALCNO|REC_ORIG|NUMYUPD|NUMYUPD_|TOTYUPDX|TOTY_PDX|TOTYUPDY|...
Demand Elasticity/intrvw14/expn14/tre14.csv,csv,167132,columns=11:QYEAR|NEWID|SEQNO|ALCNO|REC_ORIG|NUMNONCU|NUMN_NCU|TRNONCUX|TRNO_CUX|TRNONCUY|...
Demand Elasticity/intrvw14/expn14/trf14.csv,csv,33987,columns=27:QYEAR|NEWID|SEQNO|ALCNO|REC_ORIG|NUMLOC|NUMLOC_|LOCLODGX|LOCL_DGX|ALCMEALX|...
Demand Elasticity/intrvw14/expn14/trv14.csv,csv,3289728,columns=93:QYEAR|NEWID|SEQNO|ALCNO|REC_ORIG|WHATPART|WHAT_ART|TRIPIDBC|TRIP_DBC|NUMSAME|...
Demand Elasticity/intrvw14/expn14/uta14.csv,csv,6431656,columns=47:QYEAR|NEWID|SEQNO|ALCNO|REC_ORIG|TELBSNZ|TELBSNZ_|TELRESD|TELRESD_|TELCELL|...
Demand Elasticity/intrvw14/expn14/utc14.csv,csv,12076746,columns=39:QYEAR|NEWID|SEQNO|ALCNO|REC_ORIG|UTILY|UTILY_|WHATPROP|WHAT_ROP|BLPERIOD|...
Demand Elasticity/intrvw14/expn14/uti14.csv,csv,3310618,columns=28:QYEAR|NEWID|SEQNO|ALCNO|INTSERV|INTSERV_|INTMO|INTMO_|INTCHGX|INTCHGX_|...
Demand Elasticity/intrvw14/expn14/utp14.csv,csv,1034519,columns=7:QYEAR|NEWID|SEQNO|ALCNO|REC_ORIG|QFCD3MCX|QFCD_MCX
Demand Elasticity/intrvw14/expn14/veq14.csv,csv,4386470,columns=37:QYEAR|NEWID|SEQNO|ALCNO|REC_ORIG|VOPMOA|VOPMOA_|VOPEXPX|VOPEXPX_|VOPRMBXA|...
Demand Elasticity/intrvw14/expn14/vlr14.csv,csv,836899,columns=19:QYEAR|NEWID|SEQNO|ALCNO|REC_ORIG|VOPREGY|VOPREGY_|VOPMO_C|VOPMO_C_|VOPREGX|...
Demand Elasticity/intrvw14/expn14/vot14.csv,csv,3050823,columns=27:QYEAR|NEWID|SEQNO|ALCNO|REC_ORIG|VOPFLUDX|VOPF_UDX|VOPPARKX|VOPP_RKX|VOPTOWX|...
Demand Elasticity/intrvw14/expn14/xpa14.csv,csv,3690847,columns=31:QYEAR|NEWID|SEQNO|ALCNO|REC_ORIG|JMKPURQV|JMKP_RQV|JNONFDQV|JNON_DQV|JOTHSTQV|...
Demand Elasticity/intrvw14/expn14/xpb14.csv,csv,3607817,columns=33:QYEAR|NEWID|SEQNO|ALCNO|REC_ORIG|OTHLNDRX|OTHL_DRX|OTHDCLNX|OTHD_LNX|SAFDPSTX|...
Demand Elasticity/intrvw14/intrvw14/fmli141x.csv,csv,18337128,columns=844:NEWID|DIRACC|DIRACC_|AGE_REF|AGE_REF_|AGE2|AGE2_|AS_COMP1|AS_C_MP1|AS_COMP2|...
Demand Elasticity/intrvw14/intrvw14/fmli142.csv,csv,18345979,columns=844:NEWID|DIRACC|DIRACC_|AGE_REF|AGE_REF_|AGE2|AGE2_|AS_COMP1|AS_C_MP1|AS_COMP2|...
Demand Elasticity/intrvw14/intrvw14/fmli143.csv,csv,18299828,columns=844:NEWID|DIRACC|DIRACC_|AGE_REF|AGE_REF_|AGE2|AGE2_|AS_COMP1|AS_C_MP1|AS_COMP2|...
Demand Elasticity/intrvw14/intrvw14/fmli144.csv,csv,18290971,columns=844:NEWID|DIRACC|DIRACC_|AGE_REF|AGE_REF_|AGE2|AGE2_|AS_COMP1|AS_C_MP1|AS_COMP2|...
Demand Elasticity/intrvw14/intrvw14/fmli151.csv,csv,18081258,columns=844:NEWID|DIRACC|DIRACC_|AGE_REF|AGE_REF_|AGE2|AGE2_|AS_COMP1|AS_C_MP1|AS_COMP2|...
Demand Elasticity/intrvw14/intrvw14/itbi141x.csv,csv,16858663,columns=7:NEWID|REFMO|REFYR|UCC|PUBFLAG|VALUE|VALUE_
Demand Elasticity/intrvw14/intrvw14/itbi142.csv,csv,16896040,columns=7:NEWID|REFMO|REFYR|UCC|PUBFLAG|VALUE|VALUE_
Demand Elasticity/intrvw14/intrvw14/itbi143.csv,csv,16829776,columns=7:NEWID|REFMO|REFYR|UCC|PUBFLAG|VALUE|VALUE_
Demand Elasticity/intrvw14/intrvw14/itbi144.csv,csv,16816057,columns=7:NEWID|REFMO|REFYR|UCC|PUBFLAG|VALUE|VALUE_
Demand Elasticity/intrvw14/intrvw14/itbi151.csv,csv,16271281,columns=7:NEWID|REFMO|REFYR|UCC|PUBFLAG|VALUE|VALUE_
Demand Elasticity/intrvw14/intrvw14/itii141x.csv,csv,26316937,columns=8:NEWID|REFMO|REFYR|UCC|PUBFLAG|VALUE|VALUE_|IMPNUM
Demand Elasticity/intrvw14/intrvw14/itii142.csv,csv,26403637,columns=8:NEWID|REFMO|REFYR|UCC|PUBFLAG|VALUE|VALUE_|IMPNUM
Demand Elasticity/intrvw14/intrvw14/itii143.csv,csv,26244856,columns=8:NEWID|REFMO|REFYR|UCC|PUBFLAG|VALUE|VALUE_|IMPNUM
Demand Elasticity/intrvw14/intrvw14/itii144.csv,csv,26317597,columns=8:NEWID|REFMO|REFYR|UCC|PUBFLAG|VALUE|VALUE_|IMPNUM
Demand Elasticity/intrvw14/intrvw14/itii151.csv,csv,25692757,columns=8:NEWID|REFMO|REFYR|UCC|PUBFLAG|VALUE|VALUE_|IMPNUM
Demand Elasticity/intrvw14/intrvw14/memi141x.csv,csv,9472720,columns=193:NEWID|AGE|AGE_|AMTFED|AMTFED_|ANFEDTX|ANFEDTX_|ANGOVRTX|ANGO_RTX|ANPRVPNX|...
Demand Elasticity/intrvw14/intrvw14/memi142.csv,csv,9541020,columns=193:NEWID|AGE|AGE_|AMTFED|AMTFED_|ANFEDTX|ANFEDTX_|ANGOVRTX|ANGO_RTX|ANPRVPNX|...
Demand Elasticity/intrvw14/intrvw14/memi143.csv,csv,9482811,columns=193:NEWID|AGE|AGE_|AMTFED|AMTFED_|ANFEDTX|ANFEDTX_|ANGOVRTX|ANGO_RTX|ANPRVPNX|...
Demand Elasticity/intrvw14/intrvw14/memi144.csv,csv,9467178,columns=193:NEWID|AGE|AGE_|AMTFED|AMTFED_|ANFEDTX|ANFEDTX_|ANGOVRTX|ANGO_RTX|ANPRVPNX|...
Demand Elasticity/intrvw14/intrvw14/memi151.csv,csv,9289818,columns=193:NEWID|AGE|AGE_|AMTFED|AMTFED_|ANFEDTX|ANFEDTX_|ANGOVRTX|ANGO_RTX|ANPRVPNX|...
Demand Elasticity/intrvw14/intrvw14/mtbi141x.csv,csv,34190960,columns=13:SEQNO|ALCNO|NEWID|EXPNAME|COST_|REF_MO|REF_YR|RTYPE|GIFT|UCCSEQ|...
Demand Elasticity/intrvw14/intrvw14/mtbi142.csv,csv,33653332,columns=13:SEQNO|ALCNO|NEWID|EXPNAME|COST_|REF_MO|REF_YR|RTYPE|GIFT|UCCSEQ|...
Demand Elasticity/intrvw14/intrvw14/mtbi143.csv,csv,34226370,columns=13:SEQNO|ALCNO|NEWID|EXPNAME|COST_|REF_MO|REF_YR|RTYPE|GIFT|UCCSEQ|...
Demand Elasticity/intrvw14/intrvw14/mtbi144.csv,csv,33992913,columns=13:SEQNO|ALCNO|NEWID|EXPNAME|COST_|REF_MO|REF_YR|RTYPE|GIFT|UCCSEQ|...
Demand Elasticity/intrvw14/intrvw14/mtbi151.csv,csv,34387019,columns=13:SEQNO|ALCNO|NEWID|EXPNAME|COST_|REF_MO|REF_YR|RTYPE|GIFT|UCCSEQ|...
Demand Elasticity/intrvw14/intrvw14/ntaxi141x.csv,csv,2408870,columns=81:NEWID|TAX_UNIT|TAXYR_CY|TAXYR_PY|DEPCNT|FICAR_CY|FICAR_PY|FILESTAT|FRATE_CY|FRATE_PY|...
Demand Elasticity/intrvw14/intrvw14/ntaxi142.csv,csv,2444207,columns=81:NEWID|TAX_UNIT|TAXYR_CY|TAXYR_PY|DEPCNT|FICAR_CY|FICAR_PY|FILESTAT|FRATE_CY|FRATE_PY|...
Demand Elasticity/intrvw14/intrvw14/ntaxi143.csv,csv,2433038,columns=81:NEWID|TAX_UNIT|TAXYR_CY|TAXYR_PY|DEPCNT|FICAR_CY|FICAR_PY|FILESTAT|FRATE_CY|FRATE_PY|...
Demand Elasticity/intrvw14/intrvw14/ntaxi144.csv,csv,2435242,columns=81:NEWID|TAX_UNIT|TAXYR_CY|TAXYR_PY|DEPCNT|FICAR_CY|FICAR_PY|FILESTAT|FRATE_CY|FRATE_PY|...
Demand Elasticity/intrvw14/intrvw14/ntaxi151.csv,csv,2418184,columns=81:NEWID|TAX_UNIT|TAXYR_CY|TAXYR_PY|DEPCNT|FICAR_CY|FICAR_PY|FILESTAT|FRATE_CY|FRATE_PY|...
Demand Elasticity/intrvw14/para14/fpar1314.csv,csv,20526545,columns=76:QYEAR|OUTCOME|NEWID|HSG_UNIT|CONVREF|TELPV|HOW_INTV|SNGL_INT|TELSCT01|TELSCT02|...
Demand Elasticity/intrvw14/para14/mchi1314.csv,csv,81985093,columns=85:QYEAR|INTERI|CNTCKEY|LAUNCH|COUTCOME|TIMER|CTSTATUS|CTTYPE|RSPDNT01|RSPDNT02|...
Demand Elasticity/intrvw15/.DS_Store,unknown,6148,
Demand Elasticity/intrvw15/expn15/apa15.csv,csv,324028,columns=35:QYEAR|NEWID|SEQNO|ALCNO|REC_ORIG|MAJAPPLY|MAJA_PLY|GFTC_MAJ|GFTC0MAJ|MAJ_MO|...
Demand Elasticity/intrvw15/expn15/apb15.csv,csv,3525495,columns=37:QYEAR|NEWID|SEQNO|ALCNO|REC_ORIG|MINAPPLY|MINA_PLY|GFTCMIN|GFTCMIN_|MIN_MO|...
Demand Elasticity/intrvw15/expn15/cla15.csv,csv,13734141,columns=33:QYEAR|NEWID|SEQNO|ALCNO|REC_ORIG|CLOTHYA|CLOTHYA_|CLOTHMOA|CLOT_MOA|CLOTHXA|...
Demand Elasticity/intrvw15/expn15/cld15.csv,csv,195859,columns=31:QYEAR|NEWID|SEQNO|ALCNO|REC_ORIG|CLOTHYD|CLOTHYD_|CLSVGFTC|CLSV_FTC|CLOTHMOD|...
Demand Elasticity/intrvw15/expn15/cnt15.csv,csv,1410711,columns=11:QYEAR|NEWID|SEQNO|ALCNO|REC_ORIG|CONTCODE|CONT_ODE|CONTMO|CONTMO_|CONTEXPX|...
Demand Elasticity/intrvw15/expn15/cra15.csv,csv,81055,columns=29:QYEAR|NEWID|SEQNO|ALCNO|REC_ORIG|CRMCODEA|CRMC_DEA|ADVMATX|ADVMATX_|MATNSPCX|...
Demand Elasticity/intrvw15/expn15/crb15.csv,csv,2430848,columns=81:QYEAR|NEWID|SEQNO|ALCNO|REC_ORIG|CRMCODEB|CRMC_DEB|CRMPROPI|CRMP_OPI|CRMTYPE|...
Demand Elasticity/intrvw15/expn15/eda15.csv,csv,1317689,columns=35:QYEAR|NEWID|SEQNO|ALCNO|REC_ORIG|EDUC_AY|EDUC_AY_|EDUCGFTC|EDUC_FTC|EDSCHL_A|...
Demand Elasticity/intrvw15/expn15/eqb15.csv,csv,435161,columns=29:QYEAR|NEWID|SEQNO|ALCNO|REC_ORIG|APPRPRYB|APPR_RYB|SRVCMOB|SRVCMOB_|REPAIRX|...
Demand Elasticity/intrvw15/expn15/fra15.csv,csv,2555857,columns=31:QYEAR|NEWID|SEQNO|ALCNO|REC_ORIG|FURNPURY|FURN_URY|FURNMO|FURNMO_|FURNGFTC|...
Demand Elasticity/intrvw15/expn15/frb15.csv,csv,13080,columns=9:QYEAR|NEWID|SEQNO|ALCNO|REC_ORIG|QFRT3MCX|QFRT_MCX|QREP3MCX|QREP_MCX
Demand Elasticity/intrvw15/expn15/hel15.csv,csv,156521,columns=73:QYEAR|NEWID|SEQNO|ALCNO|REC_ORIG|PROP_NOG|PROP0NOG|OWNYG|OWNYG_|NEWMRTG|...
Demand Elasticity/intrvw15/expn15/ihb15.csv,csv,4480115,columns=39:QYEAR|NEWID|SEQNO|ALCNO|REC_ORIG|HHIPDLIB|HHIP_LIB|HHISTATB|HHIS_ATB|HHICOVQ|...
Demand Elasticity/intrvw15/expn15/ihc15.csv,csv,2746916,columns=23:QYEAR|NEWID|SEQNO|ALCNO|REC_ORIG|HHMCRENR|HHMC_ENR|HHMCRCOV|HHMC_COV|MDCDENR|...
Demand Elasticity/intrvw15/expn15/ihd15.csv,csv,673743,columns=26:QYEAR|NEWID|SEQNO|ALCNO|PRTDMBNO|PRTD_BNO|ENROLLMO|ENRO_LMO|ENROLLYR|ENRO_LYR|...
Demand Elasticity/intrvw15/expn15/inb15.csv,csv,12172683,columns=67:QYEAR|NEWID|SEQNO|ALCNO|REC_ORIG|POLICYIB|POLI_YIB|PLCYSTAB|PLCY_TAB|POLICYYB|...
Demand Elasticity/intrvw15/expn15/lsd15.csv,csv,370598,columns=53:QYEAR|NEWID|SEQNO|ALCNO|REC_ORIG|LSDNUM|LSDNUM_|LSDCODE|LSDCODE_|MODELYR|...
Demand Elasticity/intrvw15/expn15/mdb15.csv,csv,4981517,columns=33:QYEAR|NEWID|SEQNO|ALCNO|REC_ORIG|MEDPCARY|MEDP_ARY|MEDPGFTC|MEDP_FTC|MEDPMTMO|...
Demand Elasticity/intrvw15/expn15/mdc15.csv,csv,105171,columns=33:QYEAR|NEWID|SEQNO|ALCNO|REC_ORIG|MEDRCARY|MEDR_ARY|MEDRGFTC|MEDR_FTC|MEDRMBMO|...
Demand Elasticity/intrvw15/expn15/mis15.csv,csv,4499767,columns=31:QYEAR|NEWID|SEQNO|ALCNO|REC_ORIG|MISCCODE|MISC_ODE|MISCMO|MISCMO_|MISCGFTC|...
Demand Elasticity/intrvw15/expn15/mor15.csv,csv,3305809,columns=73:QYEAR|NEWID|SEQNO|ALCNO|REC_ORIG|PROP_NOF|PROP0NOF|OWNYF|OWNYF_|NEWMRRT|...
Demand Elasticity/intrvw15/expn15/opb15.csv,csv,3461248,columns=43:QYEAR|NEWID|SEQNO|ALCNO|REC_ORIG|PROP_NOB|PROP0NOB|OWNYB|OWNYB_|OBSNSZB|...
Demand Elasticity/intrvw15/expn15/opd15.csv,csv,9779,columns=19:QYEAR|NEWID|SEQNO|ALCNO|REC_ORIG|PROP_NOD|PROP0NOD|OWNYD|OWNYD_|DISPMTHD|...
Demand Elasticity/intrvw15/expn15/oph15.csv,csv,133579,columns=21:QYEAR|NEWID|SEQNO|ALCNO|REC_ORIG|PROP_NOH|PROP0NOH|OWNYH|OWNYH_|PAIDLOAN|...
Demand Elasticity/intrvw15/expn15/opi15.csv,csv,14643891,columns=152:QYEAR|NEWID|SEQNO|ALCNO|REC_ORIG|PROP_NOI|PROP0NOI|OWNYI|OWNYI_|QRENTDDZ|...
Demand Elasticity/intrvw15/expn15/ovb15.csv,csv,17147837,columns=88:QYEAR|NEWID|SEQNO|ALCNO|REC_ORIG|VEHICYB|VEHICYB_|VEHICYR|VEHICYR_|VEHBSNZ|...
Demand Elasticity/intrvw15/expn15/ovc15.csv,csv,155520,columns=23:QYEAR|NEWID|SEQNO|ALCNO|REC_ORIG|VEHICYC|VEHICYC_|VEHDISP|VEHDISP_|VDISPMO|...
Demand Elasticity/intrvw15/expn15/rnt15.csv,csv,2573105,columns=55:QYEAR|NEWID|SEQNO|ALCNO|REC_ORIG|SAMP_UN|SAMP_UN_|RTELECT|RTELECT_|RTGAS|...
Demand Elasticity/intrvw15/expn15/rtv15.csv,csv,66381,columns=13:QYEAR|NEWID|SEQNO|ALCNO|REC_ORIG|RENTCODE|RENT_ODE|BSNSPCTZ|BSNS_CTZ|QADRENTX|...
Demand Elasticity/intrvw15/expn15/sub15.csv,csv,3265066,columns=13:QYEAR|NEWID|SEQNO|ALCNO|REC_ORIG|S17CODEA|S17C_DEA|S17GFTCA|S17G_TCA|SUBEXPX|...
Demand Elasticity/intrvw15/expn15/trd15.csv,csv,317016,columns=11:QYEAR|NEWID|SEQNO|ALCNO|REC_ORIG|NUMYUPD|NUMYUPD_|TOTYUPDX|TOTY_PDX|TOTYUPDY|...
Demand Elasticity/intrvw15/expn15/tre15.csv,csv,150125,columns=9:QYEAR|NEWID|SEQNO|ALCNO|REC_ORIG|TRNONCUX|TRNO_CUX|TRNONCUY|TRNO_CUY
Demand Elasticity/intrvw15/expn15/trf15.csv,csv,39336,columns=27:QYEAR|NEWID|SEQNO|ALCNO|REC_ORIG|NUMLOC|NUMLOC_|LOCLODGX|LOCL_DGX|ALCMEALX|...
Demand Elasticity/intrvw15/expn15/trv15.csv,csv,3316352,columns=93:QYEAR|NEWID|SEQNO|ALCNO|REC_ORIG|WHATPART|WHAT_ART|TRIPIDBC|TRIP_DBC|NUMSAME|...
Demand Elasticity/intrvw15/expn15/uta15.csv,csv,6247886,columns=49:QYEAR|NEWID|SEQNO|ALCNO|REC_ORIG|TELBSNZ|TELBSNZ_|TELRESD|TELRESD_|TELCELL|...
Demand Elasticity/intrvw15/expn15/utc15.csv,csv,11419253,columns=39:QYEAR|NEWID|SEQNO|ALCNO|REC_ORIG|UTILY|UTILY_|WHATPROP|WHAT_ROP|BLPERIOD|...
Demand Elasticity/intrvw15/expn15/uti15.csv,csv,3339127,columns=28:QYEAR|NEWID|SEQNO|ALCNO|INTSERV|INTSERV_|INTMO|INTMO_|INTCHGX|INTCHGX_|...
Demand Elasticity/intrvw15/expn15/utp15.csv,csv,1049682,columns=7:QYEAR|NEWID|SEQNO|ALCNO|REC_ORIG|QFCD3MCX|QFCD_MCX
Demand Elasticity/intrvw15/expn15/veq15.csv,csv,4108733,columns=37:QYEAR|NEWID|SEQNO|ALCNO|REC_ORIG|VOPMOA|VOPMOA_|VOPEXPX|VOPEXPX_|VOPRMBXA|...
Demand Elasticity/intrvw15/expn15/vlr15.csv,csv,843891,columns=19:QYEAR|NEWID|SEQNO|ALCNO|REC_ORIG|VOPREGY|VOPREGY_|VOPMO_C|VOPMO_C_|VOPREGX|...
Demand Elasticity/intrvw15/expn15/vot15.csv,csv,2920783,columns=27:QYEAR|NEWID|SEQNO|ALCNO|REC_ORIG|VOPFLUDX|VOPF_UDX|VOPPARKX|VOPP_RKX|VOPTOWX|...
Demand Elasticity/intrvw15/expn15/xpa15.csv,csv,3523901,columns=31:QYEAR|NEWID|SEQNO|ALCNO|REC_ORIG|JMKPURQV|JMKP_RQV|JNONFDQV|JNON_DQV|JOTHSTQV|...
Demand Elasticity/intrvw15/expn15/xpb15.csv,csv,3438986,columns=33:QYEAR|NEWID|SEQNO|ALCNO|REC_ORIG|OTHLNDRX|OTHL_DRX|OTHDCLNX|OTHD_LNX|SAFDPSTX|...
Demand Elasticity/intrvw15/intrvw15/fmli151x.csv,csv,11550772,columns=806:NEWID|DIRACC|DIRACC_|AGE_REF|AGE_REF_|AGE2|AGE2_|AS_COMP1|AS_C_MP1|AS_COMP2|...
Demand Elasticity/intrvw15/intrvw15/fmli152.csv,csv,17533961,columns=806:NEWID|DIRACC|DIRACC_|AGE_REF|AGE_REF_|AGE2|AGE2_|AS_COMP1|AS_C_MP1|AS_COMP2|...
Demand Elasticity/intrvw15/intrvw15/fmli153.csv,csv,17466566,columns=806:NEWID|DIRACC|DIRACC_|AGE_REF|AGE_REF_|AGE2|AGE2_|AS_COMP1|AS_C_MP1|AS_COMP2|...
Demand Elasticity/intrvw15/intrvw15/fmli154.csv,csv,17155813,columns=806:NEWID|DIRACC|DIRACC_|AGE_REF|AGE_REF_|AGE2|AGE2_|AS_COMP1|AS_C_MP1|AS_COMP2|...
Demand Elasticity/intrvw15/intrvw15/fmli161.csv,csv,17320300,columns=808:NEWID|DIRACC|DIRACC_|AGE_REF|AGE_REF_|AGE2|AGE2_|AS_COMP1|AS_C_MP1|AS_COMP2|...
Demand Elasticity/intrvw15/intrvw15/itbi151x.csv,csv,10713142,columns=7:NEWID|REFMO|REFYR|UCC|PUBFLAG|VALUE|VALUE_
Demand Elasticity/intrvw15/intrvw15/itbi152.csv,csv,16585207,columns=7:NEWID|REFMO|REFYR|UCC|PUBFLAG|VALUE|VALUE_
Demand Elasticity/intrvw15/intrvw15/itbi153.csv,csv,16495096,columns=7:NEWID|REFMO|REFYR|UCC|PUBFLAG|VALUE|VALUE_
Demand Elasticity/intrvw15/intrvw15/itbi154.csv,csv,16247245,columns=7:NEWID|REFMO|REFYR|UCC|PUBFLAG|VALUE|VALUE_
Demand Elasticity/intrvw15/intrvw15/itbi161.csv,csv,16333003,columns=7:NEWID|REFMO|REFYR|UCC|PUBFLAG|VALUE|VALUE_
Demand Elasticity/intrvw15/intrvw15/itii151x.csv,csv,14545375,columns=8:NEWID|REFMO|REFYR|UCC|PUBFLAG|VALUE|VALUE_|IMPNUM
Demand Elasticity/intrvw15/intrvw15/itii152.csv,csv,22598737,columns=8:NEWID|REFMO|REFYR|UCC|PUBFLAG|VALUE|VALUE_|IMPNUM
Demand Elasticity/intrvw15/intrvw15/itii153.csv,csv,22530664,columns=8:NEWID|REFMO|REFYR|UCC|PUBFLAG|VALUE|VALUE_|IMPNUM
Demand Elasticity/intrvw15/intrvw15/itii154.csv,csv,22164607,columns=8:NEWID|REFMO|REFYR|UCC|PUBFLAG|VALUE|VALUE_|IMPNUM
Demand Elasticity/intrvw15/intrvw15/itii161.csv,csv,22322866,columns=8:NEWID|REFMO|REFYR|UCC|PUBFLAG|VALUE|VALUE_|IMPNUM
Demand Elasticity/intrvw15/intrvw15/memi151x.csv,csv,5790272,columns=181:NEWID|AGE|AGE_|ANGOVRTX|ANGO_RTX|ANPRVPNX|ANPR_PNX|ANRRDEDX|ANRR_EDX|ARM_FORC|...
Demand Elasticity/intrvw15/intrvw15/memi152.csv,csv,8966440,columns=181:NEWID|AGE|AGE_|ANGOVRTX|ANGO_RTX|ANPRVPNX|ANPR_PNX|ANRRDEDX|ANRR_EDX|ARM_FORC|...
Demand Elasticity/intrvw15/intrvw15/memi153.csv,csv,8903589,columns=181:NEWID|AGE|AGE_|ANGOVRTX|ANGO_RTX|ANPRVPNX|ANPR_PNX|ANRRDEDX|ANRR_EDX|ARM_FORC|...
Demand Elasticity/intrvw15/intrvw15/memi154.csv,csv,8733986,columns=181:NEWID|AGE|AGE_|ANGOVRTX|ANGO_RTX|ANPRVPNX|ANPR_PNX|ANRRDEDX|ANRR_EDX|ARM_FORC|...
Demand Elasticity/intrvw15/intrvw15/memi161.csv,csv,8780264,columns=181:NEWID|AGE|AGE_|ANGOVRTX|ANGO_RTX|ANPRVPNX|ANPR_PNX|ANRRDEDX|ANRR_EDX|ARM_FORC|...
Demand Elasticity/intrvw15/intrvw15/mtbi151x.csv,csv,23417017,columns=13:NEWID|SEQNO|ALCNO|EXPNAME|COST_|REF_MO|REF_YR|RTYPE|GIFT|UCCSEQ|...
Demand Elasticity/intrvw15/intrvw15/mtbi152.csv,csv,35656001,columns=13:NEWID|SEQNO|ALCNO|EXPNAME|COST_|REF_MO|REF_YR|RTYPE|GIFT|UCCSEQ|...
Demand Elasticity/intrvw15/intrvw15/mtbi153.csv,csv,36133027,columns=13:NEWID|SEQNO|ALCNO|EXPNAME|COST_|REF_MO|REF_YR|RTYPE|GIFT|UCCSEQ|...
Demand Elasticity/intrvw15/intrvw15/mtbi154.csv,csv,35365238,columns=13:NEWID|SEQNO|ALCNO|EXPNAME|COST_|REF_MO|REF_YR|RTYPE|GIFT|UCCSEQ|...
Demand Elasticity/intrvw15/intrvw15/mtbi161.csv,csv,35595828,columns=13:NEWID|SEQNO|ALCNO|EXPNAME|COST_|REF_MO|REF_YR|RTYPE|GIFT|UCCSEQ|...
Demand Elasticity/intrvw15/intrvw15/ntaxi151x.csv,csv,1599792,columns=81:NEWID|TAX_UNIT|TAXYR_CY|TAXYR_PY|DEPCNT|FICAR_CY|FICAR_PY|FILESTAT|FRATE_CY|FRATE_PY|...
Demand Elasticity/intrvw15/intrvw15/ntaxi152.csv,csv,2472477,columns=81:NEWID|TAX_UNIT|TAXYR_CY|TAXYR_PY|DEPCNT|FICAR_CY|FICAR_PY|FILESTAT|FRATE_CY|FRATE_PY|...
Demand Elasticity/intrvw15/intrvw15/ntaxi153.csv,csv,2462864,columns=81:NEWID|TAX_UNIT|TAXYR_CY|TAXYR_PY|DEPCNT|FICAR_CY|FICAR_PY|FILESTAT|FRATE_CY|FRATE_PY|...
Demand Elasticity/intrvw15/intrvw15/ntaxi154.csv,csv,2424064,columns=81:NEWID|TAX_UNIT|TAXYR_CY|TAXYR_PY|DEPCNT|FICAR_CY|FICAR_PY|FILESTAT|FRATE_CY|FRATE_PY|...
Demand Elasticity/intrvw15/intrvw15/ntaxi161.csv,csv,2440153,columns=81:NEWID|TAX_UNIT|TAXYR_CY|TAXYR_PY|DEPCNT|FICAR_CY|FICAR_PY|FILESTAT|FRATE_CY|FRATE_PY|...
Demand Elasticity/intrvw15/para15/fpar1415.csv,csv,19142564,columns=76:QYEAR|NEWID|OUTCOME|HSG_UNIT|CONVREF|TELPV|HOW_INTV|SNGL_INT|TELSCT01|TELSCT02|...
Demand Elasticity/intrvw15/para15/mchi1415.csv,csv,78966254,columns=85:QYEAR|INTERI|CNTCKEY|LAUNCH|COUTCOME|TIMER|CTSTATUS|CTTYPE|RSPDNT01|RSPDNT02|...
Demand Elasticity/intrvw16/.DS_Store,unknown,6148,
Demand Elasticity/intrvw16/expn16/apa16.csv,csv,365244,columns=35:QYEAR|NEWID|SEQNO|ALCNO|REC_ORIG|MAJAPPLY|MAJA_PLY|GFTC_MAJ|GFTC0MAJ|MAJ_MO|...
Demand Elasticity/intrvw16/expn16/apb16.csv,csv,4023984,columns=38:QYEAR|NEWID|SEQNO|ALCNO|REC_ORIG|MINAPPLY|MINA_PLY|GFTCMIN|GFTCMIN_|MIN_MO|...
Demand Elasticity/intrvw16/expn16/cla16.csv,csv,15443138,columns=34:QYEAR|NEWID|SEQNO|ALCNO|REC_ORIG|CLOTHYA|CLOTHYA_|CLOTHMOA|CLOT_MOA|CLOTHXA|...
Demand Elasticity/intrvw16/expn16/cld16.csv,csv,210184,columns=31:QYEAR|NEWID|SEQNO|ALCNO|REC_ORIG|CLOTHYD|CLOTHYD_|CLSVGFTC|CLSV_FTC|CLOTHMOD|...
Demand Elasticity/intrvw16/expn16/cnt16.csv,csv,1547706,columns=11:QYEAR|NEWID|SEQNO|ALCNO|REC_ORIG|CONTCODE|CONT_ODE|CONTMO|CONTMO_|CONTEXPX|...
Demand Elasticity/intrvw16/expn16/cra16.csv,csv,88848,columns=29:QYEAR|NEWID|SEQNO|ALCNO|REC_ORIG|CRMCODEA|CRMC_DEA|ADVMATX|ADVMATX_|MATNSPCX|...
Demand Elasticity/intrvw16/expn16/crb16.csv,csv,2594782,columns=81:QYEAR|NEWID|SEQNO|ALCNO|REC_ORIG|CRMCODEB|CRMC_DEB|CRMPROPI|CRMP_OPI|CRMTYPE|...
Demand Elasticity/intrvw16/expn16/eda16.csv,csv,1339598,columns=35:QYEAR|NEWID|SEQNO|ALCNO|REC_ORIG|EDUC_AY|EDUC_AY_|EDUCGFTC|EDUC_FTC|EDSCHL_A|...
Demand Elasticity/intrvw16/expn16/eqb16.csv,csv,507847,columns=29:QYEAR|NEWID|SEQNO|ALCNO|REC_ORIG|APPRPRYB|APPR_RYB|SRVCMOB|SRVCMOB_|REPAIRX|...
Demand Elasticity/intrvw16/expn16/fra16.csv,csv,2908439,columns=31:QYEAR|NEWID|SEQNO|ALCNO|REC_ORIG|FURNPURY|FURN_URY|FURNMO|FURNMO_|FURNGFTC|...
Demand Elasticity/intrvw16/expn16/frb16.csv,csv,13643,columns=9:QYEAR|NEWID|SEQNO|ALCNO|REC_ORIG|QFRT3MCX|QFRT_MCX|QREP3MCX|QREP_MCX
Demand Elasticity/intrvw16/expn16/hel16.csv,csv,146910,columns=73:QYEAR|NEWID|SEQNO|ALCNO|REC_ORIG|PROP_NOG|PROP0NOG|OWNYG|OWNYG_|NEWMRTG|...
Demand Elasticity/intrvw16/expn16/ihb16.csv,csv,4778763,columns=39:QYEAR|NEWID|SEQNO|ALCNO|REC_ORIG|HHIPDLIB|HHIP_LIB|HHISTATB|HHIS_ATB|HHICOVQ|...
Demand Elasticity/intrvw16/expn16/ihc16.csv,csv,2902004,columns=23:QYEAR|NEWID|SEQNO|ALCNO|REC_ORIG|HHMCRENR|HHMC_ENR|HHMCRCOV|HHMC_COV|MDCDENR|...
Demand Elasticity/intrvw16/expn16/ihd16.csv,csv,739146,columns=26:QYEAR|NEWID|SEQNO|ALCNO|PRTDMBNO|PRTD_BNO|ENROLLMO|ENRO_LMO|ENROLLYR|ENRO_LYR|...
Demand Elasticity/intrvw16/expn16/inb16.csv,csv,13501193,columns=67:QYEAR|NEWID|SEQNO|ALCNO|REC_ORIG|POLICYIB|POLI_YIB|PLCYSTAB|PLCY_TAB|POLICYYB|...
Demand Elasticity/intrvw16/expn16/lsd16.csv,csv,447827,columns=53:QYEAR|NEWID|SEQNO|ALCNO|REC_ORIG|LSDNUM|LSDNUM_|LSDCODE|LSDCODE_|MODELYR|...
Demand Elasticity/intrvw16/expn16/mdb16.csv,csv,5540601,columns=33:QYEAR|NEWID|SEQNO|ALCNO|REC_ORIG|MEDPCARY|MEDP_ARY|MEDPGFTC|MEDP_FTC|MEDPMTMO|...
Demand Elasticity/intrvw16/expn16/mdc16.csv,csv,118053,columns=33:QYEAR|NEWID|SEQNO|ALCNO|REC_ORIG|MEDRCARY|MEDR_ARY|MEDRGFTC|MEDR_FTC|MEDRMBMO|...
Demand Elasticity/intrvw16/expn16/mis16.csv,csv,4902872,columns=31:QYEAR|NEWID|SEQNO|ALCNO|REC_ORIG|MISCCODE|MISC_ODE|MISCMO|MISCMO_|MISCGFTC|...
Demand Elasticity/intrvw16/expn16/mor16.csv,csv,3565182,columns=73:QYEAR|NEWID|SEQNO|ALCNO|REC_ORIG|PROP_NOF|PROP0NOF|OWNYF|OWNYF_|NEWMRRT|...
Demand Elasticity/intrvw16/expn16/opb16.csv,csv,3679509,columns=43:QYEAR|NEWID|SEQNO|ALCNO|REC_ORIG|PROP_NOB|PROP0NOB|OWNYB|OWNYB_|OBSNSZB|...
Demand Elasticity/intrvw16/expn16/opd16.csv,csv,11813,columns=19:QYEAR|NEWID|SEQNO|ALCNO|REC_ORIG|PROP_NOD|PROP0NOD|OWNYD|OWNYD_|DISPMTHD|...
Demand Elasticity/intrvw16/expn16/oph16.csv,csv,135375,columns=21:QYEAR|NEWID|SEQNO|ALCNO|REC_ORIG|PROP_NOH|PROP0NOH|OWNYH|OWNYH_|PAIDLOAN|...
Demand Elasticity/intrvw16/expn16/opi16.csv,csv,15722920,columns=152:QYEAR|NEWID|SEQNO|ALCNO|REC_ORIG|PROP_NOI|PROP0NOI|OWNYI|OWNYI_|QRENTDDZ|...
Demand Elasticity/intrvw16/expn16/ovb16.csv,csv,18163416,columns=88:QYEAR|NEWID|SEQNO|ALCNO|REC_ORIG|VEHICYB|VEHICYB_|VEHICYR|VEHICYR_|VEHBSNZ|...
Demand Elasticity/intrvw16/expn16/ovc16.csv,csv,167367,columns=23:QYEAR|NEWID|SEQNO|ALCNO|REC_ORIG|VEHICYC|VEHICYC_|VEHDISP|VEHDISP_|VDISPMO|...
Demand Elasticity/intrvw16/expn16/rnt16.csv,csv,2687840,columns=55:QYEAR|NEWID|SEQNO|ALCNO|REC_ORIG|SAMP_UN|SAMP_UN_|RTELECT|RTELECT_|RTGAS|...
Demand Elasticity/intrvw16/expn16/rtv16.csv,csv,71770,columns=13:QYEAR|NEWID|SEQNO|ALCNO|REC_ORIG|RENTCODE|RENT_ODE|BSNSPCTZ|BSNS_CTZ|QADRENTX|...
Demand Elasticity/intrvw16/expn16/sub16.csv,csv,3638975,columns=14:QYEAR|NEWID|SEQNO|ALCNO|REC_ORIG|S17CODEA|S17C_DEA|S17GFTCA|S17G_TCA|SUBEXPX|...
Demand Elasticity/intrvw16/expn16/trd16.csv,csv,328133,columns=11:QYEAR|NEWID|SEQNO|ALCNO|REC_ORIG|NUMYUPD|NUMYUPD_|TOTYUPDX|TOTY_PDX|TOTYUPDY|...
Demand Elasticity/intrvw16/expn16/tre16.csv,csv,153130,columns=9:QYEAR|NEWID|SEQNO|ALCNO|REC_ORIG|TRNONCUX|TRNO_CUX|TRNONCUY|TRNO_CUY
Demand Elasticity/intrvw16/expn16/trf16.csv,csv,37327,columns=27:QYEAR|NEWID|SEQNO|ALCNO|REC_ORIG|NUMLOC|NUMLOC_|LOCLODGX|LOCL_DGX|ALCMEALX|...
Demand Elasticity/intrvw16/expn16/trv16.csv,csv,3674252,columns=93:QYEAR|NEWID|SEQNO|ALCNO|REC_ORIG|WHATPART|WHAT_ART|TRIPIDBC|TRIP_DBC|NUMSAME|...
Demand Elasticity/intrvw16/expn16/uta16.csv,csv,6618607,columns=49:QYEAR|NEWID|SEQNO|ALCNO|REC_ORIG|TELBSNZ|TELBSNZ_|TELRESD|TELRESD_|TELCELL|...
Demand Elasticity/intrvw16/expn16/utc16.csv,csv,12235504,columns=39:QYEAR|NEWID|SEQNO|ALCNO|REC_ORIG|UTILY|UTILY_|WHATPROP|WHAT_ROP|BLPERIOD|...
Demand Elasticity/intrvw16/expn16/uti16.csv,csv,3624018,columns=28:QYEAR|NEWID|SEQNO|ALCNO|INTSERV|INTSERV_|INTMO|INTMO_|INTCHGX|INTCHGX_|...
Demand Elasticity/intrvw16/expn16/utp16.csv,csv,1107421,columns=7:QYEAR|NEWID|SEQNO|ALCNO|REC_ORIG|QFCD3MCX|QFCD_MCX
Demand Elasticity/intrvw16/expn16/veq16.csv,csv,4481279,columns=37:QYEAR|NEWID|SEQNO|ALCNO|REC_ORIG|VOPMOA|VOPMOA_|VOPEXPX|VOPEXPX_|VOPRMBXA|...
Demand Elasticity/intrvw16/expn16/vlr16.csv,csv,932082,columns=19:QYEAR|NEWID|SEQNO|ALCNO|REC_ORIG|VOPREGY|VOPREGY_|VOPMO_C|VOPMO_C_|VOPREGX|...
Demand Elasticity/intrvw16/expn16/vot16.csv,csv,3081201,columns=27:QYEAR|NEWID|SEQNO|ALCNO|REC_ORIG|VOPFLUDX|VOPF_UDX|VOPPARKX|VOPP_RKX|VOPTOWX|...
Demand Elasticity/intrvw16/expn16/xpa16.csv,csv,3719024,columns=31:QYEAR|NEWID|SEQNO|ALCNO|REC_ORIG|JMKPURQV|JMKP_RQV|JNONFDQV|JNON_DQV|JOTHSTQV|...
Demand Elasticity/intrvw16/expn16/xpb16.csv,csv,3628990,columns=33:QYEAR|NEWID|SEQNO|ALCNO|REC_ORIG|OTHLNDRX|OTHL_DRX|OTHDCLNX|OTHD_LNX|SAFDPSTX|...
Demand Elasticity/intrvw16/intrvw16/fmli161x.csv,csv,17356695,columns=809:NEWID|DIRACC|DIRACC_|AGE_REF|AGE_REF_|AGE2|AGE2_|AS_COMP1|AS_C_MP1|AS_COMP2|...
Demand Elasticity/intrvw16/intrvw16/fmli162.csv,csv,17153354,columns=809:NEWID|DIRACC|DIRACC_|AGE_REF|AGE_REF_|AGE2|AGE2_|AS_COMP1|AS_C_MP1|AS_COMP2|...
Demand Elasticity/intrvw16/intrvw16/fmli163.csv,csv,17277954,columns=809:NEWID|DIRACC|DIRACC_|AGE_REF|AGE_REF_|AGE2|AGE2_|AS_COMP1|AS_C_MP1|AS_COMP2|...
Demand Elasticity/intrvw16/intrvw16/fmli164.csv,csv,17073206,columns=809:NEWID|DIRACC|DIRACC_|AGE_REF|AGE_REF_|AGE2|AGE2_|AS_COMP1|AS_C_MP1|AS_COMP2|...
Demand Elasticity/intrvw16/intrvw16/fmli171.csv,csv,16824117,columns=809:NEWID|DIRACC|DIRACC_|AGE_REF|AGE_REF_|AGE2|AGE2_|AS_COMP1|AS_C_MP1|AS_COMP2|...
Demand Elasticity/intrvw16/intrvw16/itbi161x.csv,csv,16278598,columns=7:NEWID|REFMO|REFYR|UCC|PUBFLAG|VALUE|VALUE_
Demand Elasticity/intrvw16/intrvw16/itbi162.csv,csv,16142965,columns=7:NEWID|REFMO|REFYR|UCC|PUBFLAG|VALUE|VALUE_
Demand Elasticity/intrvw16/intrvw16/itbi163.csv,csv,16273690,columns=7:NEWID|REFMO|REFYR|UCC|PUBFLAG|VALUE|VALUE_
Demand Elasticity/intrvw16/intrvw16/itbi164.csv,csv,16044748,columns=7:NEWID|REFMO|REFYR|UCC|PUBFLAG|VALUE|VALUE_
Demand Elasticity/intrvw16/intrvw16/itbi171.csv,csv,15856018,columns=7:NEWID|REFMO|REFYR|UCC|PUBFLAG|VALUE|VALUE_
Demand Elasticity/intrvw16/intrvw16/itii161x.csv,csv,22776760,columns=8:NEWID|REFMO|REFYR|UCC|PUBFLAG|VALUE_|IMPNUM|VALUE
Demand Elasticity/intrvw16/intrvw16/itii162.csv,csv,22553227,columns=8:NEWID|REFMO|REFYR|UCC|PUBFLAG|VALUE_|IMPNUM|VALUE
Demand Elasticity/intrvw16/intrvw16/itii163.csv,csv,22638646,columns=8:NEWID|REFMO|REFYR|UCC|PUBFLAG|VALUE_|IMPNUM|VALUE
Demand Elasticity/intrvw16/intrvw16/itii164.csv,csv,22369840,columns=8:NEWID|REFMO|REFYR|UCC|PUBFLAG|VALUE_|IMPNUM|VALUE
Demand Elasticity/intrvw16/intrvw16/itii171.csv,csv,21866098,columns=8:NEWID|REFMO|REFYR|UCC|PUBFLAG|VALUE_|IMPNUM|VALUE
Demand Elasticity/intrvw16/intrvw16/memi161x.csv,csv,8779891,columns=181:NEWID|AGE|AGE_|ANGOVRTX|ANGO_RTX|ANPRVPNX|ANPR_PNX|ANRRDEDX|ANRR_EDX|ARM_FORC|...
Demand Elasticity/intrvw16/intrvw16/memi162.csv,csv,8689469,columns=181:NEWID|AGE|AGE_|ANGOVRTX|ANGO_RTX|ANPRVPNX|ANPR_PNX|ANRRDEDX|ANRR_EDX|ARM_FORC|...
Demand Elasticity/intrvw16/intrvw16/memi163.csv,csv,8743439,columns=181:NEWID|AGE|AGE_|ANGOVRTX|ANGO_RTX|ANPRVPNX|ANPR_PNX|ANRRDEDX|ANRR_EDX|ARM_FORC|...
Demand Elasticity/intrvw16/intrvw16/memi164.csv,csv,8655836,columns=181:NEWID|AGE|AGE_|ANGOVRTX|ANGO_RTX|ANPRVPNX|ANPR_PNX|ANRRDEDX|ANRR_EDX|ARM_FORC|...
Demand Elasticity/intrvw16/intrvw16/memi171.csv,csv,8482551,columns=181:NEWID|AGE|AGE_|ANGOVRTX|ANGO_RTX|ANPRVPNX|ANPR_PNX|ANRRDEDX|ANRR_EDX|ARM_FORC|...
Demand Elasticity/intrvw16/intrvw16/mtbi161x.csv,csv,35595367,columns=13:NEWID|SEQNO|ALCNO|EXPNAME|COST_|REF_MO|REF_YR|RTYPE|GIFT|UCCSEQ|...
Demand Elasticity/intrvw16/intrvw16/mtbi162.csv,csv,35077448,columns=13:NEWID|SEQNO|ALCNO|EXPNAME|COST_|REF_MO|REF_YR|RTYPE|GIFT|UCCSEQ|...
Demand Elasticity/intrvw16/intrvw16/mtbi163.csv,csv,36395159,columns=13:NEWID|SEQNO|ALCNO|EXPNAME|COST_|REF_MO|REF_YR|RTYPE|GIFT|UCCSEQ|...
Demand Elasticity/intrvw16/intrvw16/mtbi164.csv,csv,36102998,columns=13:NEWID|SEQNO|ALCNO|EXPNAME|COST_|REF_MO|REF_YR|RTYPE|GIFT|UCCSEQ|...
Demand Elasticity/intrvw16/intrvw16/mtbi171.csv,csv,35559188,columns=13:NEWID|SEQNO|ALCNO|EXPNAME|COST_|REF_MO|REF_YR|RTYPE|GIFT|UCCSEQ|...
Demand Elasticity/intrvw16/intrvw16/ntaxi161x.csv,csv,2441861,columns=81:NEWID|TAX_UNIT|TAXYR_CY|TAXYR_PY|DEPCNT|FICAR_CY|FICAR_PY|FILESTAT|FRATE_CY|FRATE_PY|...
Demand Elasticity/intrvw16/intrvw16/ntaxi162.csv,csv,2409695,columns=81:NEWID|TAX_UNIT|TAXYR_CY|TAXYR_PY|DEPCNT|FICAR_CY|FICAR_PY|FILESTAT|FRATE_CY|FRATE_PY|...
Demand Elasticity/intrvw16/intrvw16/ntaxi163.csv,csv,2429846,columns=81:NEWID|TAX_UNIT|TAXYR_CY|TAXYR_PY|DEPCNT|FICAR_CY|FICAR_PY|FILESTAT|FRATE_CY|FRATE_PY|...
Demand Elasticity/intrvw16/intrvw16/ntaxi164.csv,csv,2409246,columns=81:NEWID|TAX_UNIT|TAXYR_CY|TAXYR_PY|DEPCNT|FICAR_CY|FICAR_PY|FILESTAT|FRATE_CY|FRATE_PY|...
Demand Elasticity/intrvw16/intrvw16/ntaxi171.csv,csv,2377884,columns=81:NEWID|TAX_UNIT|TAXYR_CY|TAXYR_PY|DEPCNT|FICAR_CY|FICAR_PY|FILESTAT|FRATE_CY|FRATE_PY|...
Demand Elasticity/intrvw16/para16/fpar1516.csv,csv,17311401,columns=76:QYEAR|NEWID|OUTCOME|HSG_UNIT|CONVREF|TELPV|HOW_INTV|SNGL_INT|TELSCT01|TELSCT02|...
Demand Elasticity/intrvw16/para16/mchi1516.csv,csv,72872117,columns=85:QYEAR|NEWID|INTERI|CNTCKEY|LAUNCH|COUTCOME|TIMER|CTSTATUS|CTTYPE|RSPDNT01|...
Demand Elasticity/intrvw17/.DS_Store,unknown,6148,
Demand Elasticity/intrvw17/expn17/apa17.csv,csv,232347,columns=35:QYEAR|NEWID|SEQNO|ALCNO|REC_ORIG|MAJAPPLY|MAJA_PLY|GFTC_MAJ|GFTC0MAJ|MAJ_MO|...
Demand Elasticity/intrvw17/expn17/apb17.csv,csv,2637512,columns=41:QYEAR|NEWID|SEQNO|ALCNO|REC_ORIG|MINAPPLY|MINA_PLY|GFTCMIN|GFTCMIN_|MIN_MO|...
Demand Elasticity/intrvw17/expn17/cla17.csv,csv,11841255,columns=46:QYEAR|NEWID|SEQNO|ALCNO|REC_ORIG|CLOTHYA|CLOTHYA_|CLOTHMOA|CLOT_MOA|CLOTHXA|...
Demand Elasticity/intrvw17/expn17/cld17.csv,csv,124703,columns=31:QYEAR|NEWID|SEQNO|ALCNO|REC_ORIG|CLOTHYD|CLOTHYD_|CLSVGFTC|CLSV_FTC|CLOTHMOD|...
Demand Elasticity/intrvw17/expn17/cnt17.csv,csv,1065345,columns=11:QYEAR|NEWID|SEQNO|ALCNO|REC_ORIG|CONTCODE|CONT_ODE|CONTMO|CONTMO_|CONTEXPX|...
Demand Elasticity/intrvw17/expn17/cra17.csv,csv,57254,columns=29:QYEAR|NEWID|SEQNO|ALCNO|REC_ORIG|CRMCODEA|CRMC_DEA|ADVMATX|ADVMATX_|MATNSPCX|...
Demand Elasticity/intrvw17/expn17/crb17.csv,csv,2009540,columns=115:QYEAR|NEWID|SEQNO|ALCNO|REC_ORIG|CRMCODEB|CRMC_DEB|CRMPROPI|CRMP_OPI|CRMTYPE|...
Demand Elasticity/intrvw17/expn17/eda17.csv,csv,827462,columns=35:QYEAR|NEWID|SEQNO|ALCNO|REC_ORIG|EDUC_AY|EDUC_AY_|EDUCGFTC|EDUC_FTC|EDSCHL_A|...
Demand Elasticity/intrvw17/expn17/eqb17.csv,csv,361216,columns=30:QYEAR|NEWID|SEQNO|ALCNO|REC_ORIG|APPRPRYB|APPR_RYB|SRVCMOB|SRVCMOB_|REPAIRX|...
Demand Elasticity/intrvw17/expn17/fra17.csv,csv,1906332,columns=31:QYEAR|NEWID|SEQNO|ALCNO|REC_ORIG|FURNPURY|FURN_URY|FURNMO|FURNMO_|FURNGFTC|...
Demand Elasticity/intrvw17/expn17/frb17.csv,csv,12029,columns=14:QYEAR|NEWID|SEQNO|ALCNO|REC_ORIG|QREP3MCX|QREP_MCX|QFRT3MCX|QFRT_MCX|FURNRNTX|...
Demand Elasticity/intrvw17/expn17/hel17.csv,csv,79939,columns=73:QYEAR|NEWID|SEQNO|ALCNO|REC_ORIG|PROP_NOG|PROP0NOG|OWNYG|OWNYG_|NEWMRTG|...
Demand Elasticity/intrvw17/expn17/hhm17.csv,csv,708156,columns=71:ALCNO|CHIP|CHIPCOV|CHIPCOV_|CHIPPRMX|CHIP_|CHIP_RMX|CHXCHNG|CHXCHNG_|IHS|...
Demand Elasticity/intrvw17/expn17/hhp17.csv,csv,3551596,columns=55:ALCNO|FSA|FSA_|HHIANYPD|HHIA_YPD|HHIBCBS|HHIBCBS_|HHICOVQ|HHICOVQ_|HHIGROUP|...
Demand Elasticity/intrvw17/expn17/him17.csv,csv,925591,columns=36:ALCNO|HINSCMP|HINSCMP_|JMCPRTCX|JMCPRTDX|JMCP_TCX|JMCP_TDX|MCCHOICE|MCCH_ICE|MCHMOPLN|...
Demand Elasticity/intrvw17/expn17/ihb17.csv,csv,574205,columns=39:QYEAR|NEWID|SEQNO|ALCNO|REC_ORIG|HHIPDLIB|HHIP_LIB|HHISTATB|HHIS_ATB|HHICOVQ|...
Demand Elasticity/intrvw17/expn17/ihc17.csv,csv,362092,columns=23:QYEAR|NEWID|SEQNO|ALCNO|REC_ORIG|HHMCRENR|HHMC_ENR|HHMCRCOV|HHMC_COV|MDCDENR|...
Demand Elasticity/intrvw17/expn17/ihd17.csv,csv,97384,columns=26:QYEAR|NEWID|SEQNO|ALCNO|PRTDMBNO|PRTD_BNO|ENROLLMO|ENRO_LMO|ENROLLYR|ENRO_LYR|...
Demand Elasticity/intrvw17/expn17/inb17.csv,csv,9686103,columns=81:QYEAR|NEWID|SEQNO|ALCNO|REC_ORIG|POLICYIB|POLI_YIB|PLCYSTAB|PLCY_TAB|POLICYYB|...
Demand Elasticity/intrvw17/expn17/lsd17.csv,csv,277283,columns=53:QYEAR|NEWID|SEQNO|ALCNO|REC_ORIG|LSDNUM|LSDNUM_|LSDCODE|LSDCODE_|MODELYR|...
Demand Elasticity/intrvw17/expn17/mdb17.csv,csv,3627827,columns=35:QYEAR|NEWID|SEQNO|ALCNO|REC_ORIG|MEDPCARY|MEDP_ARY|MEDPGFTC|MEDP_FTC|MEDPMTMO|...
Demand Elasticity/intrvw17/expn17/mdc17.csv,csv,82638,columns=35:QYEAR|NEWID|SEQNO|ALCNO|REC_ORIG|MEDRCARY|MEDR_ARY|MEDRGFTC|MEDR_FTC|MEDRMBMO|...
Demand Elasticity/intrvw17/expn17/mis17.csv,csv,3158819,columns=32:QYEAR|NEWID|SEQNO|ALCNO|REC_ORIG|MISCCODE|MISC_ODE|MISCMO|MISCMO_|MISCGFTC|...
Demand Elasticity/intrvw17/expn17/mor17.csv,csv,2362603,columns=75:QYEAR|NEWID|SEQNO|ALCNO|REC_ORIG|PROP_NOF|PROP0NOF|OWNYF|OWNYF_|NEWMRRT|...
Demand Elasticity/intrvw17/expn17/opb17.csv,csv,2410438,columns=43:QYEAR|NEWID|SEQNO|ALCNO|REC_ORIG|PROP_NOB|PROP0NOB|OWNYB|OWNYB_|OBSNSZB|...
Demand Elasticity/intrvw17/expn17/opd17.csv,csv,5926,columns=19:QYEAR|NEWID|SEQNO|ALCNO|REC_ORIG|PROP_NOD|PROP0NOD|OWNYD|OWNYD_|DISPMTHD|...
Demand Elasticity/intrvw17/expn17/oph17.csv,csv,93142,columns=21:QYEAR|NEWID|SEQNO|ALCNO|REC_ORIG|PROP_NOH|PROP0NOH|OWNYH|OWNYH_|PAIDLOAN|...
Demand Elasticity/intrvw17/expn17/opi17.csv,csv,9499820,columns=166:QYEAR|NEWID|SEQNO|ALCNO|REC_ORIG|PROP_NOI|PROP0NOI|OWNYI|OWNYI_|QRENTDDZ|...
Demand Elasticity/intrvw17/expn17/ovb17.csv,csv,10390669,columns=89:QYEAR|NEWID|SEQNO|ALCNO|REC_ORIG|VEHICYB|VEHICYB_|VEHICYR|VEHICYR_|VEHBSNZ|...
Demand Elasticity/intrvw17/expn17/ovc17.csv,csv,103480,columns=23:QYEAR|NEWID|SEQNO|ALCNO|REC_ORIG|VEHICYC|VEHICYC_|VEHDISP|VEHDISP_|VDISPMO|...
Demand Elasticity/intrvw17/expn17/rnt17.csv,csv,1371331,columns=55:QYEAR|NEWID|SEQNO|ALCNO|REC_ORIG|SAMP_UN|SAMP_UN_|RTELECT|RTELECT_|RTGAS|...
Demand Elasticity/intrvw17/expn17/rtv17.csv,csv,48121,columns=13:QYEAR|NEWID|SEQNO|ALCNO|REC_ORIG|RENTCODE|RENT_ODE|BSNSPCTZ|BSNS_CTZ|QADRENTX|...
Demand Elasticity/intrvw17/expn17/sub17.csv,csv,2551756,columns=15:QYEAR|NEWID|SEQNO|ALCNO|REC_ORIG|S17CODEA|S17C_DEA|S17GFTCA|S17G_TCA|SUBEXPX|...
Demand Elasticity/intrvw17/expn17/trd17.csv,csv,254443,columns=11:QYEAR|NEWID|SEQNO|ALCNO|REC_ORIG|NUMYUPD|NUMYUPD_|TOTYUPDX|TOTY_PDX|TOTYUPDY|...
Demand Elasticity/intrvw17/expn17/tre17.csv,csv,105382,columns=9:QYEAR|NEWID|SEQNO|ALCNO|REC_ORIG|TRNONCUX|TRNO_CUX|TRNONCUY|TRNO_CUY
Demand Elasticity/intrvw17/expn17/trf17.csv,csv,24725,columns=27:QYEAR|NEWID|SEQNO|ALCNO|REC_ORIG|NUMLOC|NUMLOC_|LOCLODGX|LOCL_DGX|ALCMEALX|...
Demand Elasticity/intrvw17/expn17/trv17.csv,csv,2153002,columns=93:QYEAR|NEWID|SEQNO|ALCNO|REC_ORIG|WHATPART|WHAT_ART|TRIPIDBC|TRIP_DBC|NUMSAME|...
Demand Elasticity/intrvw17/expn17/uta17.csv,csv,5283332,columns=51:QYEAR|NEWID|SEQNO|ALCNO|REC_ORIG|TELBSNZ|TELBSNZ_|TELRESD|TELRESD_|TELCELL|...
Demand Elasticity/intrvw17/expn17/utc17.csv,csv,7972720,columns=39:QYEAR|NEWID|SEQNO|ALCNO|REC_ORIG|UTILY|UTILY_|WHATPROP|WHAT_ROP|BLPERIOD|...
Demand Elasticity/intrvw17/expn17/uti17.csv,csv,480829,columns=28:QYEAR|NEWID|SEQNO|ALCNO|INTSERV|INTSERV_|INTMO|INTMO_|INTCHGX|INTCHGX_|...
Demand Elasticity/intrvw17/expn17/utp17.csv,csv,1119339,columns=14:QYEAR|NEWID|SEQNO|ALCNO|REC_ORIG|QFCD3MCX|QFCD_MCX|FONPURCH|INTAWAY|INTAWAY_|...
Demand Elasticity/intrvw17/expn17/veq17.csv,csv,2799427,columns=37:QYEAR|NEWID|SEQNO|ALCNO|REC_ORIG|VOPMOA|VOPMOA_|VOPEXPX|VOPEXPX_|VOPRMBXA|...
Demand Elasticity/intrvw17/expn17/vlr17.csv,csv,624840,columns=19:QYEAR|NEWID|SEQNO|ALCNO|REC_ORIG|VOPREGY|VOPREGY_|VOPMO_C|VOPMO_C_|VOPREGX|...
Demand Elasticity/intrvw17/expn17/vot17.csv,csv,2877239,columns=50:QYEAR|NEWID|SEQNO|ALCNO|REC_ORIG|VOPFLUDX|VOPF_UDX|VOPPARKX|VOPP_RKX|VOPTOWX|...
Demand Elasticity/intrvw17/expn17/xpa17.csv,csv,2405688,columns=31:QYEAR|NEWID|SEQNO|ALCNO|REC_ORIG|JMKPURQV|JMKP_RQV|JNONFDQV|JNON_DQV|JOTHSTQV|...
Demand Elasticity/intrvw17/expn17/xpb17.csv,csv,2336186,columns=39:QYEAR|NEWID|SEQNO|ALCNO|REC_ORIG|OTHLNDRX|OTHL_DRX|OTHDCLNX|OTHD_LNX|SAFDPSTX|...
Demand Elasticity/intrvw17/intrvw17/fmli171x.csv,csv,20707900,columns=808:NEWID|DIRACC|DIRACC_|AGE_REF|AGE_REF_|AGE2|AGE2_|AS_COMP1|AS_C_MP1|AS_COMP2|...
Demand Elasticity/intrvw17/intrvw17/fmli172.csv,csv,20777871,columns=828:NEWID|DIRACC|DIRACC_|AGE_REF|AGE_REF_|AGE2|AGE2_|AS_COMP1|AS_C_MP1|AS_COMP2|...
Demand Elasticity/intrvw17/intrvw17/fmli173.csv,csv,20503430,columns=828:NEWID|DIRACC|DIRACC_|AGE_REF|AGE_REF_|AGE2|AGE2_|AS_COMP1|AS_C_MP1|AS_COMP2|...
Demand Elasticity/intrvw17/intrvw17/fmli174.csv,csv,20214652,columns=828:NEWID|DIRACC|DIRACC_|AGE_REF|AGE_REF_|AGE2|AGE2_|AS_COMP1|AS_C_MP1|AS_COMP2|...
Demand Elasticity/intrvw17/intrvw17/fmli181.csv,csv,19919839,columns=828:NEWID|DIRACC|DIRACC_|AGE_REF|AGE_REF_|AGE2|AGE2_|AS_COMP1|AS_C_MP1|AS_COMP2|...
Demand Elasticity/intrvw17/intrvw17/itbi171x.csv,csv,12574250,columns=7:NEWID|REFMO|REFYR|UCC|PUBFLAG|VALUE|VALUE_
Demand Elasticity/intrvw17/intrvw17/itbi172.csv,csv,12513446,columns=7:NEWID|REFMO|REFYR|UCC|PUBFLAG|VALUE|VALUE_
Demand Elasticity/intrvw17/intrvw17/itbi173.csv,csv,12339056,columns=7:NEWID|REFMO|REFYR|UCC|PUBFLAG|VALUE|VALUE_
Demand Elasticity/intrvw17/intrvw17/itbi174.csv,csv,12088271,columns=7:NEWID|REFMO|REFYR|UCC|PUBFLAG|VALUE|VALUE_
Demand Elasticity/intrvw17/intrvw17/itbi181.csv,csv,11946749,columns=7:NEWID|REFMO|REFYR|UCC|PUBFLAG|VALUE|VALUE_
Demand Elasticity/intrvw17/intrvw17/itii171x.csv,csv,16444695,columns=8:NEWID|REFMO|REFYR|UCC|PUBFLAG|VALUE_|IMPNUM|VALUE
Demand Elasticity/intrvw17/intrvw17/itii172.csv,csv,16290957,columns=8:NEWID|REFMO|REFYR|UCC|PUBFLAG|VALUE_|IMPNUM|VALUE
Demand Elasticity/intrvw17/intrvw17/itii173.csv,csv,15979593,columns=8:NEWID|REFMO|REFYR|UCC|PUBFLAG|VALUE_|IMPNUM|VALUE
Demand Elasticity/intrvw17/intrvw17/itii174.csv,csv,15858033,columns=8:NEWID|REFMO|REFYR|UCC|PUBFLAG|VALUE_|IMPNUM|VALUE
Demand Elasticity/intrvw17/intrvw17/itii181.csv,csv,15645441,columns=8:NEWID|REFMO|REFYR|UCC|PUBFLAG|VALUE_|IMPNUM|VALUE
Demand Elasticity/intrvw17/intrvw17/memi171x.csv,csv,5197678,columns=181:NEWID|AGE|AGE_|ANGOVRTX|ANGO_RTX|ANPRVPNX|ANPR_PNX|ANRRDEDX|ANRR_EDX|ARM_FORC|...
Demand Elasticity/intrvw17/intrvw17/memi172.csv,csv,5308773,columns=187:NEWID|AGE|AGE_|ANGOVRTX|ANGO_RTX|ANPRVPNX|ANPR_PNX|ANRRDEDX|ANRR_EDX|ARM_FORC|...
Demand Elasticity/intrvw17/intrvw17/memi173.csv,csv,5254870,columns=187:NEWID|AGE|AGE_|ANGOVRTX|ANGO_RTX|ANPRVPNX|ANPR_PNX|ANRRDEDX|ANRR_EDX|ARM_FORC|...
Demand Elasticity/intrvw17/intrvw17/memi174.csv,csv,5129191,columns=187:NEWID|AGE|AGE_|ANGOVRTX|ANGO_RTX|ANPRVPNX|ANPR_PNX|ANRRDEDX|ANRR_EDX|ARM_FORC|...
Demand Elasticity/intrvw17/intrvw17/memi181.csv,csv,5029617,columns=187:NEWID|AGE|AGE_|ANGOVRTX|ANGO_RTX|ANPRVPNX|ANPR_PNX|ANRRDEDX|ANRR_EDX|ARM_FORC|...
Demand Elasticity/intrvw17/intrvw17/mtbi171x.csv,csv,26633441,columns=13:NEWID|SEQNO|ALCNO|EXPNAME|COST_|REF_MO|REF_YR|RTYPE|GIFT|UCCSEQ|...
Demand Elasticity/intrvw17/intrvw17/mtbi172.csv,csv,27335830,columns=13:NEWID|SEQNO|ALCNO|EXPNAME|COST_|REF_MO|REF_YR|RTYPE|GIFT|UCCSEQ|...
Demand Elasticity/intrvw17/intrvw17/mtbi173.csv,csv,27754033,columns=13:NEWID|SEQNO|ALCNO|EXPNAME|COST_|REF_MO|REF_YR|RTYPE|GIFT|UCCSEQ|...
Demand Elasticity/intrvw17/intrvw17/mtbi174.csv,csv,27334157,columns=13:NEWID|SEQNO|ALCNO|EXPNAME|COST_|REF_MO|REF_YR|RTYPE|GIFT|UCCSEQ|...
Demand Elasticity/intrvw17/intrvw17/mtbi181.csv,csv,26986628,columns=13:NEWID|SEQNO|ALCNO|EXPNAME|COST_|REF_MO|REF_YR|RTYPE|GIFT|UCCSEQ|...
Demand Elasticity/intrvw17/intrvw17/ntaxi171x.csv,csv,2007432,columns=81:NEWID|TAX_UNIT|TAXYR_CY|TAXYR_PY|DEPCNT|FICAR_CY|FICAR_PY|FILESTAT|FRATE_CY|FRATE_PY|...
Demand Elasticity/intrvw17/intrvw17/ntaxi172.csv,csv,1988250,columns=81:NEWID|TAX_UNIT|TAXYR_CY|TAXYR_PY|DEPCNT|FICAR_CY|FICAR_PY|FILESTAT|FRATE_CY|FRATE_PY|...
Demand Elasticity/intrvw17/intrvw17/ntaxi173.csv,csv,1971677,columns=81:NEWID|TAX_UNIT|TAXYR_CY|TAXYR_PY|DEPCNT|FICAR_CY|FICAR_PY|FILESTAT|FRATE_CY|FRATE_PY|...
Demand Elasticity/intrvw17/intrvw17/ntaxi174.csv,csv,1930444,columns=81:NEWID|TAX_UNIT|TAXYR_CY|TAXYR_PY|DEPCNT|FICAR_CY|FICAR_PY|FILESTAT|FRATE_CY|FRATE_PY|...
Demand Elasticity/intrvw17/intrvw17/ntaxi181.csv,csv,1901488,columns=81:NEWID|TAX_UNIT|TAXYR_CY|TAXYR_PY|DEPCNT|FICAR_CY|FICAR_PY|FILESTAT|FRATE_CY|FRATE_PY|...
Demand Elasticity/intrvw17/para17/fpar1617.csv,csv,14166205,columns=66:QYEAR|NEWID|OUTCOME|HSG_UNIT|CONVREF|TELPV|HOW_INTV|SNGL_INT|TELSCT01|TELSCT02|...
Demand Elasticity/intrvw17/para17/mchi1617.csv,csv,62837530,columns=85:QYEAR|NEWID|INTERI|CNTCKEY|LAUNCH|COUTCOME|TIMER|CTSTATUS|CTTYPE|RSPDNT01|...
Essay_1.ipynb,notebook,682901,cells=9
README.md,markdown,93,
results/__pycache__/elasticity_pipeline.cpython-312.pyc,pyc,64800,
results/category_crosswalk.csv,csv,1267,columns=6:category|cex_components|cpi_item_code|rpp_proxy|io_candidate_sectors|notes
results/cex_category_shares.csv,csv,534,columns=4:category|weighted_share|weighted_quarterly_expenditure|weighted_share_sum
results/cex_clean.parquet,parquet,14069635,
results/cpi_category_panel.parquet,parquet,10599,
results/cpi_series_used.csv,csv,8207,columns=18:series_id|area_code|item_code|seasonal|periodicity_code|base_code|base_period|series_title|footnote_codes|begin_year|...
results/data_notes.md,markdown,1685,
results/demand_estimation_panel.parquet,parquet,14840369,
results/elasticity_pipeline.py,py,49538,
results/file_inventory.csv,csv,60439,columns=4:file_path|inferred_type|size_bytes|structure
results/final_report.md,markdown,4351,
results/final_report.pdf,pdf,29291,
results/final_summary.csv,csv,281,columns=6:metric|estimate|ci_lower_95|ci_upper_95|identification_rank|object_status
results/ge_elasticities.csv,csv,1053,columns=6:category|share|realized_own_elasticity|own_price_change|own_quantity_change|contribution_share_times_realized_elasticity
results/ge_weighted_mean.txt,text,34,text_head=weighted_mean_ge_approx=-1.803557
results/io_domestic_requirements_sector_2017.csv,csv,2330,columns=16:row_code|11|21|22|23|31G|42|44RT|48TW|51|...
results/io_mapping.csv,csv,1832,columns=5:category|io_code|io_name|mapping_weight|sector_pce_value
results/marshallian_elasticities.csv,csv,1364,columns=8:category|share|marshallian_own_elasticity|contribution_share_times_elasticity|beta|gamma_ii|ci_lower_95|ci_upper_95
results/marshallian_weighted_mean.txt,text,98,text_head=weighted_mean_marshallian=-0.417473
results/robustness_summary.csv,csv,725,columns=3:scenario|weighted_mean_marshallian|notes
results/rpp_clean.csv,csv,14063,columns=8:state|state_name|year|rpp_all_items|rpp_goods|rpp_housing_services|rpp_other_services|rpp_utilities
results/rpp_usage_notes.md,markdown,484,
