"QYEAR","NEWID","SEQNO","ALCNO","REC_ORIG","PROP_NOD","PROP0NOD","OWNYD","OWNYD_","DISPMTHD","DISP_THD","DISPX","DISPX_","DISPEXPX","DISP_XPX","DISPMO","DISPMO_","DISPYR","DISPYR_"
"20131",2517685,33,0,"1","02","D","500","D","2","D",.,"A",.,"A","11","D","2012","D"
"20131",2517685,34,0,"1","04","D","400","D","2","D",.,"A",.,"A","11","D","2011","D"
"20131",2517685,35,0,"1","05","D","500","D","2","D",.,"A",.,"A","12","D","2011","D"
"20131",2520105,43,0,"1","01","D","300","D","1","D",50000,"D",0,"D","10","D","2012","D"
"20131",2526905,33,0,"1","02","D","200","D","1","D",280000,"D",45000,"D","01","D","2013","D"
"20131",2527985,70,0,"1","02","D","300","D","1","D",373500,"T",27977,"D","12","D","2012","D"
"20131",2529875,51,0,"1","04","D","500","D","3","D",.,"A",.,"A","01","D","2013","D"
"20131",2531655,34,0,"1","03","D","500","D","3","D",.,"A",.,"A","12","D","2012","D"
"20131",2532475,38,0,"1","01","D","500","D","3","D",.,"A",.,"A","12","D","2012","D"
"20131",2537635,40,0,"1","01","D","200","D","1","D",140000,"D",25000,"F","12","D","2012","D"
"20131",2538405,32,0,"1","01","D","500","D","1","D",40000,"D",0,"D","02","D","2013","D"
"20131",2538535,29,0,"1","02","D","300","D","3","D",.,"A",.,"A","12","D","2012","D"
"20131",2542015,30,0,"1","02","D","200","D","1","D",38000,"D",20000,"F","02","D","2013","D"
"20131",2546154,50,0,"1","02","D","300","D","3","D",.,"A",.,"A","11","D","2012","D"
"20131",2550154,47,0,"1","02","D","500","D","3","D",.,"A",.,"A","10","D","2012","D"
"20131",2553794,33,0,"1","03","D","400","D","1","D",370000,"T",60000,"D","10","D","2012","D"
"20131",2561944,19,0,"1","01","D","500","D","1","D",.,"A",.,"A","11","D","2012","D"
"20131",2567334,41,0,"1","05","D","500","D","2","D",.,"A",.,"A","01","D","2012","D"
"20131",2567404,41,0,"1","02","D","200","D","1","D",262000,"D",23402,"D","12","D","2012","D"
"20131",2567424,39,0,"1","02","D","200","D","1","D",330000,"D",31946,"D","01","D","2013","D"
"20131",2581535,42,0,"1","01","D","200","D","1","D",158000,"D",4000,"F","12","D","2012","D"
"20131",2582365,53,0,"1","08","D","200","D","1","D",.,"A",.,"A","11","D","2012","D"
"20131",2582613,43,0,"1","02","D","200","D","3","D",.,"A",.,"A","10","D","2011","D"
"20131",2600373,29,0,"1","01","D","300","D","3","D",.,"A",.,"A","11","D","2013","D"
"20131",2604043,49,0,"2","02","D","300","D","3","D",.,"A",.,"A","12","D","2012","D"
"20131",2604313,44,0,"1","03","D","200","D","1","D",101900,"D",2000,"D","02","D","2013","D"
"20131",2606213,52,0,"1","02","D","200","D","3","D",.,"A",.,"A","02","D","2013","D"
"20131",2606513,45,0,"1","02","D","200","D","1","D",.,"A",.,"A","12","D","2012","D"
"20131",2614342,43,0,"1","05","D","500","D","2","D",.,"A",.,"A","11","D","2012","D"
"20131",2614582,47,0,"1","03","D","300","D","3","D",.,"A",.,"A","11","D","2012","D"
"20131",2619742,31,0,"1","01","D","200","D","1","D",207500,"F",1750,"D","12","D","2012","D"
"20131",2621422,25,0,"1","01","D","300","D","2","D",.,"A",.,"A","12","D","2012","D"
"20131",2624792,54,0,"1","05","D","500","D","3","D",.,"A",.,"A","12","D","2012","D"
"20131",2627792,21,0,"1","02","D","200","D","1","D",155000,"D",8500,"F","12","D","2012","D"
"20131",2631062,48,0,"1","02","D","400","D","3","D",.,"A",.,"A","11","D","2012","D"
"20131",2634142,36,0,"2","02","D","200","D","1","D",172000,"D",25000,"D","11","D","2012","D"
"20131",2634375,58,0,"1","02","D","200","D","3","D",.,"A",.,"A","12","D","2012","D"
"20131",2635602,39,0,"1","02","D","300","D","1","D",14000,"D",6000,"D","12","D","2012","D"
"20131",2639292,43,0,"1","03","D","400","D","3","D",.,"A",.,"A","01","D","2013","D"
"20131",2641032,35,0,"1","02","D","200","D","1","D",407000,"D",20000,"D","01","D","2013","D"
"20131",2643512,47,0,"1","01","D","200","D","1","D",280000,"F",45000,"F","12","D","2012","D"
"20131",2645744,50,0,"2","02","D","200","D","1","D",310000,"D",15000,"D","12","D","2012","D"
"20131",2646832,27,0,"2","01","D","200","D","3","D",.,"A",.,"A","12","D","2012","D"
"20131",2655704,51,0,"1","02","D","200","D","1","D",275000,"D",11000,"D","10","D","2012","D"
"20131",2663622,50,0,"1","02","D","200","D","1","D",168000,"D",23402,"F","12","D","2012","D"
"20131",2679065,32,0,"1","01","D","200","D","1","D",207500,"D",4000,"D","12","D","2012","D"
"20131",2679563,52,0,"1","02","D","200","D","1","D",154000,"D",8500,"D","01","D","2013","D"
"20131",2679864,49,0,"1","02","D","200","D","1","D",63000,"D",9000,"D","01","D","2013","D"
"20132",2552455,32,0,"2","02","D","400","D","3","D",.,"A",.,"A","01","D","2013","D"
"20132",2558865,10,0,"1","02","D","300","D","3","D",.,"A",.,"A","04","D","2012","D"
"20132",2568465,10,0,"1","01","D","200","D","1","D",225000,"F",16000,"F","04","D","2013","D"
"20132",2587314,17,0,"1","01","D","200","D","1","D",207000,"D",12000,"F","03","D","2013","D"
"20132",2588734,22,0,"1","01","D","200","D","1","D",137000,"D",950,"D","03","D","2013","D"
"20132",2601184,15,0,"1","02","D","400","D","3","D",.,"A",.,"A","04","D","1998","D"
"20132",2605474,19,0,"1","02","D","300","D","1","D",500,"D",0,"D","03","D","2013","D"
"20132",2610174,15,0,"1","02","D","300","D",,"C",.,"A",.,"A","03","D","2013","D"
"20132",2610954,54,0,"1","02","D","300","D","3","D",.,"A",.,"A","05","D","2013","D"
"20132",2614583,36,0,"1","02","D","300","D","1","D",373500,"T",20320,"D","03","D","2013","D"
"20132",2616503,21,0,"1","02","D","300","D","3","D",.,"A",.,"A","01","D","2013","D"
"20132",2616893,7,0,"1","02","D","400","D","2","D",.,"A",.,"A","03","D","2013","D"
"20132",2616993,27,0,"1","02","D","300","D","1","D",.,"A",.,"A","03","D","2013","D"
"20132",2622993,20,0,"1","02","D","300","D","3","D",.,"A",.,"A","02","D","2013","D"
"20132",2622993,21,0,"1","03","D","300","D","3","D",.,"A",.,"A","01","D","2013","D"
"20132",2624763,30,0,"1","02","D","400","D","3","D",.,"A",.,"A","02","D","2013","D"
"20132",2630803,23,0,"1","03","D","300","D","3","D",.,"A",.,"A","04","D","2013","D"
"20132",2637713,29,0,"1","01","D","300","D","1","D",235000,"D",16000,"D","05","D","2013","D"
"20132",2640053,39,0,"1","02","D","300","D","1","D",165000,"D",10754,"D","03","D","2013","D"
"20132",2644163,23,0,"1","02","D","200","D","1","D",1243750,"T",32000,"D","05","D","2013","D"
"20132",2650472,9,0,"1","01","D","200","D","1","D",.,"A",.,"A","01","D","2010","D"
"20132",2659975,26,0,"1","01","D","200","D","3","D",.,"A",.,"A","04","D","2013","D"
"20132",2662475,32,0,"1","01","D","200","D","1","D",182000,"D",12000,"D","03","D","2013","D"
"20132",2666402,17,0,"1","02","D","400","D","2","D",.,"A",.,"A","02","D","1999","D"
"20132",2673522,57,0,"1","03","D","400","D","3","D",.,"A",.,"A","04","D","2013","D"
"20132",2694185,14,0,"1","02","D","200","D","1","D",225000,"D",16000,"D","04","D","2013","D"
"20133",2582605,17,0,"1","02","D","200","D","1","D",.,"A",.,"A","04","D","2013","D"
"20133",2586215,40,0,"1","03","D","400","D","1","D",370000,"V",0,"D","04","D","2013","D"
"20133",2588415,30,0,"1","02","D","200","D","1","D",.,"A",.,"A","06","D","2001","D"
"20133",2592345,27,0,"1","02","D","200","D","1","D",231300,"D",13062,"D","07","D","2013","D"
"20133",2598815,13,0,"1","01","D","200","D","1","D",120000,"F",30100,"F","05","D","2013","D"
"20133",2598995,17,0,"1","02","D","300","D","1","D",235000,"D",15000,"D","07","D","2013","D"
"20133",2601865,44,0,"1","03","D","400","D","1","D",19000,"D",400,"D","07","D","2013","D"
"20133",2611065,40,0,"1","02","D","200","D","1","D",122500,"D",8300,"D","06","D","2013","D"
"20133",2615744,20,0,"1","02","D","300","D","3","D",.,"A",.,"A","05","D","2013","D"
"20133",2616994,22,0,"1","03","D","200","D","1","D",60000,"D",3000,"D","05","D","2013","D"
"20133",2624794,35,0,"1","02","D","400","D","3","D",.,"A",.,"A","06","D","2013","D"
"20133",2624794,36,0,"1","03","D","400","D","3","D",.,"A",.,"A","06","D","2013","D"
"20133",2624794,37,0,"1","04","D","400","D","3","D",.,"A",.,"A","07","D","2013","D"
"20133",2626264,59,0,"1","02","D","400","D","1","D",12000,"D",600,"D","07","D","2013","D"
"20133",2648193,30,0,"1","02","D","300","D","1","D",77000,"D",1800,"D","06","D","2013","D"
"20133",2648453,51,0,"2","03","D","400","D","1","D",370000,"T",12000,"D","04","D","2013","D"
"20133",2653063,44,0,"2","02","D","200","D","1","D",120000,"D",30100,"D","04","D","2013","D"
"20133",2668763,32,0,"1","05","D","300","D","1","D",285000,"D",15000,"F","07","D","2013","D"
"20133",2671333,18,0,"1","02","D","200","D","1","D",349000,"D",15000,"F","07","D","2013","D"
"20133",2671824,14,0,"1","02","D","200","D","1","D",8700,"D",0,"D","07","D","2013","D"
"20133",2678533,26,0,"1","02","D","200","D","1","D",167000,"D",7500,"D","07","D","2013","D"
"20133",2680213,23,0,"1","03","D","300","D","3","D",.,"A",.,"A","07","D","2013","D"
"20133",2684365,12,0,"1","01","D","200","D","1","D",40000,"D",3000,"F","05","D","2013","D"
"20133",2684922,30,0,"1","02","D","300","D","3","D",.,"A",.,"A","05","D","2013","D"
"20133",2686843,20,0,"1","01","D","200","D","1","D",125000,"D",15000,"D","05","D","2013","D"
"20133",2695522,21,0,"2","02","D","200","D","1","D",18000,"D",3000,"D","05","D","2013","D"
"20133",2698782,19,0,"1","03","D","200","D","2","D",.,"A",.,"A","06","D","2013","D"
"20133",2707922,18,0,"1","02","D","300","D","2","D",.,"A",.,"A","08","D","2013","D"
"20133",2708622,31,0,"1","02","D","200","D","1","D",.,"A",.,"A","07","D","2013","D"
"20133",2709942,25,0,"1","03","D","400","D","3","D",.,"A",.,"A","08","D","2013","D"
"20133",2712962,26,0,"1","02","D","300","D","1","D",147500,"D",10000,"D","08","D","2013","D"
"20133",2713523,9,0,"1","02","D","200","D","3","D",.,"A",.,"A","05","D","2013","D"
"20133",2724074,25,0,"1","02","D","200","D","1","D",101500,"F",2000,"F","06","D","2013","D"
"20133",2724343,23,0,"1","02","D","200","D","1","D",190000,"D",2000,"D","05","D","2013","D"
"20133",2732125,15,0,"1","01","D","200","D","1","D",167000,"F",6000,"D","06","D","2013","D"
"20133",2733204,34,0,"1","04","D","200","D","1","D",1243750,"T",80000,"D","07","D","2013","D"
"20133",2740625,23,0,"1","02","D","200","D","1","D",101500,"D",2000,"D","08","D","2013","D"
"20134",2617385,45,0,"1","02","D","300","D","3","D",.,"A",.,"A","08","D","2013","D"
"20134",2620315,43,0,"1","02","D","200","D","1","D",.,"A",.,"A","08","D","2013","D"
"20134",2621335,7,0,"1","01","D","200","D","1","D",85000,"F",4000,"D","08","D","2013","D"
"20134",2621735,24,0,"2","02","D","300","D","1","D",260000,"D",19000,"D","07","D","2013","D"
"20134",2627535,35,0,"1","04","D","300","D","1","D",260000,"F",19000,"F","08","D","2013","D"
"20134",2649404,22,0,"1","02","D","300","D","3","D",.,"A",.,"A","08","D","2013","D"
"20134",2650294,33,0,"1","01","D","200","D","2","D",.,"A",.,"A","09","D","2013","D"
"20134",2653474,34,0,"1","03","D","200","D","1","D",200000,"D",12000,"D","08","D","2013","D"
"20134",2664484,18,0,"1","02","D","200","D","1","D",250000,"D",0,"D","09","D","2013","D"
"20134",2670604,17,0,"1","03","D","300","D","1","D",63750,"F",1000,"D","10","D","2013","D"
"20134",2675534,9,0,"1","02","D","200","D","3","D",.,"A",.,"A","11","D","2013","D"
"20134",2684733,16,0,"1","01","D","200","D","2","D",.,"A",.,"A","07","D","2013","D"
"20134",2703223,15,0,"1","02","D","400","D","3","D",.,"A",.,"A","11","D","2013","D"
"20134",2703373,23,0,"1","02","D","200","D","1","D",350000,"D",20000,"D","10","D","2013","D"
"20134",2708653,25,0,"2","01","D","300","D","3","D",.,"A",.,"A","09","D","2013","D"
"20134",2709153,17,0,"1","02","D","300","D","1","D",373500,"T",19380,"F","11","D","2013","D"
"20134",2710713,47,0,"1","03","D","400","D","1","D",25000,"D",1200,"F","09","D","2013","D"
"20134",2711843,24,0,"1","02","D","200","D","1","D",87900,"D",13600,"D","09","D","2013","D"
"20134",2721032,25,0,"1","03","D","400","D","2","D",.,"A",.,"A","08","D","2013","D"
"20134",2721032,26,0,"1","05","D","400","D","2","D",.,"A",.,"A","07","D","2013","D"
"20134",2741182,38,0,"1","02","D","300","D","3","D",.,"A",.,"A","09","D","2013","D"
"20134",2744152,12,0,"1","01","D","300","D","3","D",.,"A",.,"A","10","D","2012","D"
"20134",2747302,10,0,"1","01","D","200","D","1","D",.,"A",.,"A","07","D","2013","D"
"20134",2750675,27,0,"1","01","D","200","D","1","D",275000,"D",25000,"D","08","D","2013","D"
"20134",2768525,10,0,"1","01","D","200","D","3","D",.,"A",.,"A","09","D","2013","D"
"20141",2664805,17,0,"1","02","D","400","D","1","D",.,"A",.,"A","11","D","2013","D"
"20141",2673335,28,0,"1","04","D","400","D",,"C",.,"A",.,"A","01","D","2014","D"
"20141",2677195,37,0,"1","02","D","400","D","1","D",370000,"T",42000,"D","12","D","2013","D"
"20141",2687494,44,0,"1","03","D","200","D","1","D",1243750,"T",80000,"D","10","D","2013","D"
"20141",2692734,23,0,"1","08","D","400","D","1","D",25000,"D",0,"D","12","D","2013","D"
"20141",2696954,23,0,"1","02","D","400","D","1","D",48000,"F",0,"D","11","D","2013","D"
"20141",2711654,35,0,"1","02","D","300","D","2","D",.,"A",.,"A","02","D","2014","D"
"20141",2724683,20,0,"1","02","D","300","D","1","D",.,"A",.,"A","11","D","2013","D"
"20141",2745903,18,0,"1","02","D","300","D","3","D",.,"A",.,"A","02","D","2013","D"
"20141",2746023,22,0,"1","02","D","300","D","1","D",20000,"D",1500,"D","01","D","2014","D"
"20141",2760922,10,0,"1","01","D","300","D","3","D",.,"A",.,"A","12","D","2013","D"
"20141",2766633,37,0,"2","02","D","200","D","1","D",171000,"D",15000,"D","11","D","2013","D"
"20141",2772192,33,0,"1","01","D","200","D","1","D",317000,"D",19000,"D","12","D","2013","D"
"20141",2779402,17,0,"1","02","D","300","D","3","D",.,"A",.,"A","01","D","2014","D"
"20141",2788744,7,0,"1","02","D","200","D","1","D",1243750,"V",80000,"F","11","D","2013","D"
